-- phpMyAdmin SQL Dump
-- version 5.0.2
-- https://www.phpmyadmin.net/
--
-- Host: localhost
-- Generation Time: Sep 08, 2020 at 05:28 AM
-- Server version: 10.4.11-MariaDB
-- PHP Version: 7.3.16

SET SQL_MODE = "NO_AUTO_VALUE_ON_ZERO";
START TRANSACTION;
SET time_zone = "+00:00";


/*!40101 SET @OLD_CHARACTER_SET_CLIENT=@@CHARACTER_SET_CLIENT */;
/*!40101 SET @OLD_CHARACTER_SET_RESULTS=@@CHARACTER_SET_RESULTS */;
/*!40101 SET @OLD_COLLATION_CONNECTION=@@COLLATION_CONNECTION */;
/*!40101 SET NAMES utf8mb4 */;

--
-- Database: `laravel_restful`
--

-- --------------------------------------------------------

--
-- Table structure for table `categories`
--

CREATE TABLE `categories` (
  `id` int(10) UNSIGNED NOT NULL,
  `name` varchar(191) COLLATE utf8mb4_unicode_ci NOT NULL,
  `description` varchar(1000) COLLATE utf8mb4_unicode_ci NOT NULL,
  `created_at` timestamp NULL DEFAULT NULL,
  `updated_at` timestamp NULL DEFAULT NULL,
  `deleted_at` timestamp NULL DEFAULT NULL
) ENGINE=InnoDB DEFAULT CHARSET=utf8mb4 COLLATE=utf8mb4_unicode_ci;

--
-- Dumping data for table `categories`
--

INSERT INTO `categories` (`id`, `name`, `description`, `created_at`, `updated_at`, `deleted_at`) VALUES
(1, 'earum', 'Nemo tenetur labore libero pariatur.', '2020-04-18 10:11:58', '2020-04-18 10:11:58', NULL),
(2, 'nisi', 'Voluptatem nemo eligendi omnis dolor facilis quisquam non. Aut rem laudantium et enim.', '2020-04-18 10:11:58', '2020-04-18 10:11:58', NULL),
(3, 'alias', 'Sit architecto soluta dolorem temporibus aut quas.', '2020-04-18 10:11:58', '2020-04-18 10:11:58', NULL),
(4, 'rerum', 'Ratione dolores nisi facilis eligendi nihil numquam impedit. Ut maiores laudantium qui fugit.', '2020-04-18 10:11:58', '2020-04-18 10:11:58', NULL),
(5, 'ut', 'Doloribus est voluptatum ipsa a.', '2020-04-18 10:11:58', '2020-04-18 10:11:58', NULL),
(6, 'beatae', 'Repellendus nisi quos possimus doloremque officiis nam laboriosam illum.', '2020-04-18 10:11:58', '2020-04-18 10:11:58', NULL),
(7, 'facilis', 'Pariatur consectetur eligendi dolor ut aliquam. Qui voluptatem placeat consequuntur autem.', '2020-04-18 10:11:58', '2020-04-18 10:11:58', NULL),
(8, 'nemo', 'Et qui ab aliquam non temporibus voluptas. Ipsa dolorem minus qui quasi non non.', '2020-04-18 10:11:58', '2020-04-18 10:11:58', NULL),
(9, 'dolorem', 'Atque enim consequatur id soluta.', '2020-04-18 10:11:58', '2020-04-18 10:11:58', NULL),
(10, 'quo', 'Consequatur placeat enim similique ad aut laborum. Ipsam non enim laudantium est.', '2020-04-18 10:11:58', '2020-04-18 10:11:58', NULL),
(11, 'dolores', 'Quam mollitia quidem ut. Atque dolorum ipsam magni.', '2020-04-18 10:11:58', '2020-04-18 10:11:58', NULL),
(12, 'id', 'Est veniam eum officia omnis quis autem autem. Quos est enim ex qui incidunt.', '2020-04-18 10:11:58', '2020-04-18 10:11:58', NULL),
(13, 'aut', 'Tenetur consectetur earum sit sunt soluta id culpa.', '2020-04-18 10:11:58', '2020-04-18 10:11:58', NULL),
(14, 'ad', 'Voluptatem eaque voluptatum voluptatem inventore ad ea. Laboriosam expedita quibusdam odit.', '2020-04-18 10:11:58', '2020-04-18 10:11:58', NULL),
(15, 'similique', 'Aut et numquam et vel natus perspiciatis id accusantium. Deserunt beatae libero unde ullam quos aliquam.', '2020-04-18 10:11:58', '2020-04-18 10:11:58', NULL),
(16, 'iusto', 'Similique dolor eaque natus voluptatem ab. Nobis dignissimos et est soluta aut.', '2020-04-18 10:11:58', '2020-04-18 10:11:58', NULL),
(17, 'est', 'Necessitatibus qui corporis sunt facere architecto. Quas rerum sed expedita corporis.', '2020-04-18 10:11:58', '2020-04-18 10:11:58', NULL),
(18, 'nobis', 'Odit ad sint incidunt aut. Dolorum consectetur ullam eos et molestiae nisi.', '2020-04-18 10:11:58', '2020-04-18 10:11:58', NULL),
(19, 'qui', 'Excepturi laboriosam qui doloribus numquam voluptas et. Deleniti nulla et et ut occaecati.', '2020-04-18 10:11:58', '2020-04-18 10:11:58', NULL),
(20, 'possimus', 'Voluptate ratione odit voluptas sit aut rerum.', '2020-04-18 10:11:58', '2020-04-18 10:11:58', NULL),
(21, 'velit', 'Sed facere est sint nemo ratione dolorum. Ipsum vel cupiditate veniam culpa id.', '2020-04-18 10:11:58', '2020-04-18 10:11:58', NULL),
(22, 'in', 'Ea commodi sit aliquid incidunt est.', '2020-04-18 10:11:58', '2020-04-18 10:11:58', NULL),
(23, 'reiciendis', 'Eos sapiente maiores aut blanditiis quas necessitatibus consequuntur. Eos nostrum fugit sint at.', '2020-04-18 10:11:58', '2020-04-18 10:11:58', NULL),
(24, 'quod', 'Ipsum itaque laudantium deleniti.', '2020-04-18 10:11:58', '2020-04-18 10:11:58', NULL),
(25, 'corporis', 'Molestiae aut asperiores illo id odit officiis.', '2020-04-18 10:11:58', '2020-04-18 10:11:58', NULL),
(26, 'esse', 'Facere animi possimus voluptates aut vero totam fugit. Aperiam exercitationem consequatur cupiditate.', '2020-04-18 10:11:58', '2020-04-18 10:11:58', NULL),
(27, 'suscipit', 'Sed quia quibusdam inventore recusandae aut debitis nobis. Neque ut ex qui quas id.', '2020-04-18 10:11:58', '2020-04-18 10:11:58', NULL),
(28, 'voluptas', 'Illum nemo explicabo est maxime id dolor.', '2020-04-18 10:11:58', '2020-04-18 10:11:58', NULL),
(29, 'harum', 'Qui aut aut delectus quis aut ea autem. Nihil consequatur explicabo et sequi architecto unde.', '2020-04-18 10:11:58', '2020-04-18 10:11:58', NULL),
(30, 'soluta', 'Assumenda quam sapiente in rerum repellat quaerat. Hic dolorem sint rerum alias.', '2020-04-18 10:11:58', '2020-04-18 10:11:58', NULL),
(31, 'tempora', 'Quasi qui labore nemo explicabo saepe dolore. Ratione libero ipsam id est ratione nihil dolorem.', '2020-04-18 10:11:58', '2020-04-18 10:11:58', NULL),
(32, 'nihil', 'Consequatur porro corrupti voluptas enim natus aliquam est distinctio. Voluptas autem impedit autem cum odit tenetur.', '2020-04-18 10:11:58', '2020-04-18 10:11:58', NULL),
(33, 'et', 'At asperiores facilis iusto accusantium beatae. Dolorem rerum rerum labore qui sint dignissimos et.', '2020-04-18 10:11:58', '2020-04-18 10:11:58', NULL),
(34, 'distinctio', 'Ut adipisci dolorem quia laudantium. Nemo beatae temporibus ullam aut distinctio cupiditate.', '2020-04-18 10:11:58', '2020-04-18 10:11:58', NULL),
(35, 'nostrum', 'Non minus quam nemo architecto totam id consectetur.', '2020-04-18 10:11:58', '2020-04-18 10:11:58', NULL),
(36, 'veniam', 'Quaerat animi qui provident ut.', '2020-04-18 10:11:58', '2020-04-18 10:11:58', NULL),
(37, 'molestiae', 'Accusantium consectetur iste sunt voluptatem. Itaque reiciendis nihil blanditiis fuga tempore.', '2020-04-18 10:11:58', '2020-04-18 10:11:58', NULL),
(38, 'excepturi', 'Error aut omnis accusantium expedita facilis perspiciatis. Rem odio et enim maxime dolorem provident.', '2020-04-18 10:11:58', '2020-04-18 10:11:58', NULL),
(39, 'dolor', 'Et sint dolorum voluptatem maiores molestias.', '2020-04-18 10:11:58', '2020-04-18 10:11:58', NULL),
(40, 'laudantium', 'Cumque ut veniam rerum impedit harum aspernatur quaerat.', '2020-04-18 10:11:58', '2020-04-18 10:11:58', NULL),
(41, 'iste', 'Nisi ea aut deleniti aut.', '2020-04-18 10:11:58', '2020-04-18 10:11:58', NULL),
(42, 'autem', 'Repellendus aliquam porro et ipsum fugit et corrupti. Ut illum sed omnis.', '2020-04-18 10:11:58', '2020-04-18 10:11:58', NULL),
(43, 'assumenda', 'Animi ut accusantium neque ut perspiciatis distinctio. Non velit voluptatem labore fuga doloremque tempora voluptatibus.', '2020-04-18 10:11:58', '2020-04-18 10:11:58', NULL),
(44, 'tenetur', 'Temporibus quis sit cumque distinctio vitae molestiae molestiae.', '2020-04-18 10:11:58', '2020-04-18 10:11:58', NULL),
(45, 'ea', 'Vel exercitationem et blanditiis consectetur.', '2020-04-18 10:11:58', '2020-04-18 10:11:58', NULL),
(46, 'quas', 'Quia animi sint cumque. Doloribus omnis id atque molestias.', '2020-04-18 10:11:58', '2020-04-18 10:11:58', NULL),
(47, 'dolore', 'Fuga quia soluta asperiores adipisci eum.', '2020-04-18 10:11:58', '2020-04-18 10:11:58', NULL),
(48, 'aliquid', 'Sint aut sint sunt non.', '2020-04-18 10:11:58', '2020-04-18 10:11:58', NULL),
(49, 'nam', 'Doloribus quia reprehenderit error voluptatibus saepe. Eum vel facere ea fugit ad harum beatae.', '2020-04-18 10:11:58', '2020-04-18 10:11:58', NULL),
(50, 'voluptates', 'Quibusdam sunt dicta eveniet quos pariatur.', '2020-04-18 10:11:58', '2020-04-18 10:11:58', NULL),
(51, 'a', 'Inventore deserunt odio ipsam praesentium dolorem.', '2020-04-18 10:11:58', '2020-04-18 10:11:58', NULL),
(52, 'ullam', 'Voluptate fuga reprehenderit natus.', '2020-04-18 10:11:58', '2020-04-18 10:11:58', NULL),
(53, 'sint', 'Ut nesciunt quidem laborum eum repudiandae.', '2020-04-18 10:11:58', '2020-04-18 10:11:58', NULL),
(54, 'repellendus', 'Facere inventore praesentium officia esse labore est quod.', '2020-04-18 10:11:58', '2020-04-18 10:11:58', NULL),
(55, 'ipsam', 'Ullam enim et ipsa voluptates omnis officiis ipsum. Sunt facere animi illo.', '2020-04-18 10:11:58', '2020-04-18 10:11:58', NULL),
(56, 'voluptate', 'Accusamus et non sequi at. Iste totam et sequi labore ut.', '2020-04-18 10:11:58', '2020-04-18 10:11:58', NULL),
(57, 'incidunt', 'Voluptatem tempore officiis animi. Odio ut eos sunt exercitationem ut assumenda non.', '2020-04-18 10:11:58', '2020-04-18 10:11:58', NULL),
(58, 'culpa', 'Animi incidunt delectus quia quibusdam nemo eos repellat.', '2020-04-18 10:11:58', '2020-04-18 10:11:58', NULL),
(59, 'ab', 'Qui rerum debitis consectetur quas praesentium aut aliquid est. Enim a assumenda ut.', '2020-04-18 10:11:58', '2020-04-18 10:11:58', NULL),
(60, 'eum', 'Fugit eum deserunt ratione rerum. Aut modi facere aliquam nihil laborum autem.', '2020-04-18 10:11:58', '2020-04-18 10:11:58', NULL),
(61, 'quia', 'Et et in commodi quos.', '2020-04-18 10:11:58', '2020-04-18 10:11:58', NULL),
(62, 'sit', 'Quaerat tenetur tenetur quae rerum ipsa id.', '2020-04-18 10:11:58', '2020-04-18 10:11:58', NULL),
(63, 'odit', 'Earum possimus dolorem dolorem ipsum. Corrupti recusandae enim accusantium et.', '2020-04-18 10:11:58', '2020-04-18 10:11:58', NULL),
(64, 'impedit', 'Dolorum eos voluptate velit aut itaque quibusdam occaecati suscipit. Suscipit ut eligendi corporis sunt quia.', '2020-04-18 10:11:58', '2020-04-18 10:11:58', NULL),
(65, 'veritatis', 'Asperiores aliquam suscipit qui ratione accusantium et molestiae.', '2020-04-18 10:11:58', '2020-04-18 10:11:58', NULL),
(66, 'ipsum', 'Debitis aut qui eaque nulla omnis facere et. Tempore aut quia et consequuntur id magni atque.', '2020-04-18 10:11:58', '2020-04-18 10:11:58', NULL),
(67, 'officiis', 'Sint quam qui officia nam omnis quaerat aliquam.', '2020-04-18 10:11:58', '2020-04-18 10:11:58', NULL),
(68, 'magni', 'Unde vero nobis quis distinctio eaque. Qui delectus laudantium explicabo repellat.', '2020-04-18 10:11:58', '2020-04-18 10:11:58', NULL),
(69, 'molestias', 'Cum sed sunt rem repellendus. Recusandae doloribus natus natus aliquam.', '2020-04-18 10:11:58', '2020-04-18 10:11:58', NULL),
(70, 'enim', 'Ut fugit beatae qui nemo quia.', '2020-04-18 10:11:58', '2020-04-18 10:11:58', NULL),
(71, 'minima', 'Dignissimos eaque fugiat ab eum. Expedita quia ab optio id quas eius.', '2020-04-18 10:11:58', '2020-04-18 10:11:58', NULL),
(72, 'necessitatibus', 'Ut dolorem dolor porro est voluptatem.', '2020-04-18 10:11:58', '2020-04-18 10:11:58', NULL),
(73, 'repellat', 'Accusantium earum itaque eum.', '2020-04-18 10:11:58', '2020-04-18 10:11:58', NULL),
(74, 'consequatur', 'Illum molestiae cumque sed omnis accusantium. Et voluptate est in error ratione.', '2020-04-18 10:11:58', '2020-04-18 10:11:58', NULL),
(75, 'aspernatur', 'Impedit beatae blanditiis ut officiis.', '2020-04-18 10:11:58', '2020-04-18 10:11:58', NULL),
(76, 'optio', 'Fugit molestias autem consequuntur molestiae autem dolores architecto occaecati.', '2020-04-18 10:11:58', '2020-04-18 10:11:58', NULL),
(77, 'quisquam', 'Sunt et a repudiandae ea a suscipit facere. Doloribus cupiditate iure debitis.', '2020-04-18 10:11:58', '2020-04-18 10:11:58', NULL),
(78, 'delectus', 'Ipsum corporis praesentium dolores ea illum asperiores laboriosam.', '2020-04-18 10:11:58', '2020-04-18 10:11:58', NULL),
(79, 'recusandae', 'Fuga dolore excepturi unde quo. Voluptas et facere voluptatibus odit ea rem.', '2020-04-18 10:11:58', '2020-04-18 10:11:58', NULL),
(80, 'voluptatum', 'Fugit delectus id provident. Alias sit id dignissimos esse.', '2020-04-18 10:11:58', '2020-04-18 10:11:58', NULL),
(81, 'fugit', 'Temporibus ut nobis blanditiis autem. Et incidunt sunt iusto qui voluptas.', '2020-04-18 10:11:58', '2020-04-18 10:11:58', NULL),
(82, 'amet', 'Quia dolores ut ipsa eligendi. Itaque tenetur et repudiandae possimus.', '2020-04-18 10:11:58', '2020-04-18 10:11:58', NULL),
(83, 'eos', 'Mollitia voluptate assumenda quis vero consectetur. Voluptatem eveniet cupiditate incidunt vel et provident rerum.', '2020-04-18 10:11:58', '2020-04-18 10:11:58', NULL),
(84, 'laborum', 'Esse sit voluptatem ut esse ipsam.', '2020-04-18 10:11:58', '2020-04-18 10:11:58', NULL),
(85, 'natus', 'Voluptatem id sunt eum repellat sunt ducimus.', '2020-04-18 10:11:58', '2020-04-18 10:11:58', NULL),
(86, 'labore', 'Quidem quis ratione placeat placeat aliquid rerum excepturi inventore. Unde nihil velit sunt veritatis et dolorem.', '2020-04-18 10:11:58', '2020-04-18 10:11:58', NULL),
(87, 'adipisci', 'Assumenda vero rerum fugit eligendi.', '2020-04-18 10:11:58', '2020-04-18 10:11:58', NULL),
(88, 'nulla', 'Repellendus minus expedita recusandae perspiciatis.', '2020-04-18 10:11:58', '2020-04-18 10:11:58', NULL),
(89, 'modi', 'Tempora sed consequuntur sed ut consequatur dolorem. Dolorem ad amet quia esse voluptas adipisci ratione.', '2020-04-18 10:11:58', '2020-04-18 10:11:58', NULL),
(90, 'blanditiis', 'Repellat qui sit laborum et occaecati numquam. Omnis molestiae et modi ratione autem qui velit.', '2020-04-18 10:11:58', '2020-04-18 10:11:58', NULL),
(91, 'mollitia', 'Voluptas delectus voluptatibus cumque modi. Modi quaerat sed quo ab quos nobis.', '2020-04-18 10:11:58', '2020-04-18 10:11:58', NULL),
(92, 'debitis', 'Sit consequatur omnis rerum omnis voluptate qui placeat cum.', '2020-04-18 10:11:58', '2020-04-18 10:11:58', NULL),
(93, 'exercitationem', 'Repellat et quaerat quos quia fugiat dolore deserunt. Qui non maiores animi magnam corporis qui perspiciatis autem.', '2020-04-18 10:11:58', '2020-04-18 10:11:58', NULL),
(94, 'omnis', 'Et nulla laudantium omnis possimus laborum tenetur incidunt. Sunt provident ipsum iure sed ad placeat aliquid.', '2020-04-18 10:11:58', '2020-04-18 10:11:58', NULL),
(95, 'sunt', 'Dolorum quia sed at iste et quia ducimus.', '2020-04-18 10:11:58', '2020-04-18 10:11:58', NULL),
(96, 'voluptatem', 'Aliquam dignissimos dolor autem est autem aut modi.', '2020-04-18 10:11:58', '2020-04-18 10:11:58', NULL),
(97, 'pariatur', 'Rerum sunt et ea expedita quam facilis quam.', '2020-04-18 10:11:58', '2020-04-18 10:11:58', NULL),
(98, 'porro', 'Quis veritatis quis aut sint. Sunt autem sint eveniet ipsa.', '2020-04-18 10:11:58', '2020-04-18 10:11:58', NULL),
(99, 'minus', 'Enim nulla fuga quis aperiam.', '2020-04-18 10:11:58', '2020-04-18 10:11:58', NULL),
(100, 'sed', 'Nihil dolorem dolore tempora nesciunt. Temporibus labore id sequi harum quis.', '2020-04-18 10:11:58', '2020-04-18 10:11:58', NULL);

-- --------------------------------------------------------

--
-- Table structure for table `category_product`
--

CREATE TABLE `category_product` (
  `category_id` int(10) UNSIGNED NOT NULL,
  `product_id` int(10) UNSIGNED NOT NULL
) ENGINE=InnoDB DEFAULT CHARSET=utf8mb4 COLLATE=utf8mb4_unicode_ci;

--
-- Dumping data for table `category_product`
--

INSERT INTO `category_product` (`category_id`, `product_id`) VALUES
(28, 1),
(36, 1),
(42, 1),
(44, 1),
(89, 1),
(90, 2),
(77, 3),
(4, 4),
(97, 4),
(19, 5),
(25, 5),
(65, 5),
(4, 6),
(62, 6),
(52, 7),
(57, 7),
(2, 8),
(3, 8),
(13, 8),
(28, 8),
(53, 8),
(2, 9),
(8, 9),
(17, 9),
(47, 9),
(73, 9),
(9, 10),
(14, 10),
(29, 10),
(59, 10),
(66, 10),
(13, 11),
(57, 11),
(98, 11),
(22, 12),
(41, 12),
(46, 12),
(82, 12),
(6, 13),
(24, 13),
(48, 13),
(87, 13),
(9, 14),
(17, 14),
(51, 14),
(99, 14),
(11, 15),
(27, 15),
(75, 15),
(7, 16),
(60, 16),
(87, 16),
(100, 16),
(50, 17),
(80, 17),
(29, 18),
(34, 18),
(80, 18),
(92, 18),
(14, 19),
(39, 19),
(73, 19),
(86, 19),
(17, 20),
(22, 20),
(92, 20),
(95, 20),
(1, 21),
(4, 21),
(11, 21),
(57, 21),
(68, 21),
(12, 22),
(44, 22),
(45, 22),
(73, 22),
(93, 22),
(32, 23),
(88, 23),
(49, 24),
(94, 24),
(54, 25),
(59, 25),
(88, 25),
(89, 25),
(22, 26),
(43, 26),
(52, 26),
(86, 26),
(39, 27),
(15, 28),
(15, 29),
(93, 29),
(17, 30),
(21, 30),
(39, 30),
(45, 30),
(69, 30),
(12, 31),
(32, 31),
(84, 31),
(88, 31),
(7, 32),
(63, 32),
(70, 32),
(75, 32),
(4, 33),
(44, 33),
(33, 34),
(50, 34),
(27, 35),
(3, 36),
(16, 36),
(56, 36),
(71, 36),
(36, 37),
(54, 37),
(58, 37),
(67, 37),
(91, 37),
(20, 38),
(48, 38),
(94, 38),
(66, 39),
(33, 40),
(38, 41),
(59, 41),
(69, 41),
(87, 41),
(22, 42),
(31, 42),
(37, 42),
(71, 42),
(100, 42),
(3, 43),
(18, 43),
(34, 43),
(77, 43),
(21, 44),
(70, 44),
(73, 44),
(84, 44),
(93, 44),
(11, 45),
(11, 46),
(13, 46),
(19, 46),
(45, 46),
(81, 46),
(30, 47),
(53, 47),
(93, 47),
(67, 48),
(84, 48),
(96, 48),
(71, 49),
(60, 50),
(46, 51),
(49, 51),
(71, 51),
(81, 51),
(5, 52),
(31, 52),
(45, 52),
(63, 52),
(84, 52),
(15, 53),
(37, 53),
(90, 53),
(24, 54),
(35, 55),
(44, 55),
(88, 55),
(97, 55),
(8, 56),
(55, 56),
(71, 56),
(87, 56),
(24, 57),
(36, 57),
(63, 57),
(74, 57),
(29, 58),
(61, 58),
(65, 58),
(80, 58),
(91, 58),
(1, 59),
(16, 59),
(99, 59),
(12, 60),
(56, 60),
(78, 60),
(82, 60),
(90, 60),
(9, 61),
(67, 61),
(79, 61),
(90, 61),
(27, 62),
(91, 62),
(22, 63),
(30, 63),
(57, 64),
(71, 64),
(81, 64),
(25, 65),
(42, 65),
(81, 65),
(97, 65),
(6, 66),
(24, 67),
(64, 67),
(32, 68),
(73, 68),
(74, 68),
(6, 69),
(15, 69),
(43, 69),
(45, 69),
(51, 69),
(7, 70),
(20, 70),
(80, 70),
(88, 70),
(97, 70),
(27, 71),
(30, 71),
(35, 71),
(66, 71),
(87, 71),
(55, 72),
(64, 72),
(47, 73),
(14, 74),
(33, 74),
(58, 74),
(2, 75),
(3, 75),
(18, 75),
(83, 75),
(20, 76),
(25, 76),
(35, 76),
(39, 76),
(1, 77),
(89, 77),
(1, 78),
(37, 78),
(46, 78),
(58, 78),
(98, 78),
(9, 79),
(15, 79),
(32, 79),
(52, 79),
(95, 79),
(87, 80),
(79, 81),
(45, 82),
(65, 82),
(58, 83),
(59, 83),
(72, 83),
(6, 84),
(40, 84),
(21, 85),
(46, 85),
(54, 85),
(83, 85),
(34, 86),
(95, 86),
(78, 87),
(86, 87),
(87, 87),
(93, 87),
(8, 88),
(34, 88),
(49, 88),
(97, 88),
(27, 89),
(39, 89),
(65, 89),
(6, 90),
(54, 90),
(88, 90),
(17, 91),
(22, 91),
(30, 91),
(73, 91),
(84, 91),
(17, 92),
(18, 92),
(78, 92),
(82, 92),
(4, 93),
(15, 93),
(39, 93),
(79, 94),
(100, 95),
(6, 96),
(63, 96),
(73, 97),
(12, 98),
(34, 98),
(45, 98),
(68, 98),
(17, 99),
(12, 100),
(26, 101),
(73, 101),
(35, 102),
(1, 103),
(38, 103),
(50, 103),
(20, 104),
(35, 105),
(73, 105),
(75, 105),
(92, 105),
(97, 105),
(31, 106),
(40, 106),
(89, 107),
(97, 107),
(75, 108),
(5, 109),
(48, 109),
(69, 109),
(79, 109),
(24, 110),
(77, 110),
(2, 111),
(27, 111),
(32, 111),
(80, 111),
(1, 112),
(48, 112),
(37, 113),
(58, 113),
(72, 113),
(38, 114),
(41, 114),
(73, 114),
(79, 114),
(40, 115),
(59, 115),
(86, 115),
(62, 116),
(37, 117),
(74, 117),
(55, 118),
(82, 118),
(95, 118),
(24, 119),
(28, 119),
(73, 119),
(80, 119),
(76, 120),
(37, 121),
(94, 121),
(96, 121),
(98, 121),
(2, 122),
(24, 122),
(55, 122),
(63, 122),
(36, 123),
(47, 123),
(73, 123),
(80, 123),
(7, 124),
(52, 124),
(56, 124),
(65, 124),
(6, 125),
(23, 125),
(73, 125),
(80, 125),
(99, 125),
(13, 126),
(45, 126),
(54, 126),
(85, 126),
(56, 127),
(32, 128),
(72, 128),
(85, 128),
(14, 129),
(22, 129),
(51, 129),
(68, 129),
(82, 129),
(19, 130),
(33, 130),
(44, 130),
(64, 130),
(97, 130),
(12, 131),
(73, 131),
(12, 132),
(15, 132),
(30, 132),
(58, 132),
(69, 132),
(12, 133),
(15, 133),
(36, 133),
(59, 133),
(76, 133),
(90, 134),
(22, 135),
(68, 135),
(22, 136),
(50, 136),
(66, 136),
(67, 136),
(87, 136),
(26, 137),
(37, 137),
(41, 137),
(68, 137),
(90, 137),
(6, 138),
(17, 138),
(68, 138),
(76, 138),
(90, 138),
(1, 139),
(57, 139),
(88, 139),
(70, 140),
(19, 141),
(23, 141),
(39, 141),
(53, 141),
(97, 141),
(32, 142),
(49, 142),
(88, 142),
(21, 143),
(47, 143),
(70, 143),
(5, 144),
(34, 144),
(39, 144),
(84, 144),
(8, 145),
(36, 145),
(47, 145),
(50, 145),
(94, 146),
(38, 147),
(57, 147),
(64, 147),
(94, 147),
(100, 147),
(17, 148),
(26, 148),
(67, 148),
(82, 148),
(95, 148),
(35, 149),
(40, 149),
(51, 149),
(2, 150),
(60, 151),
(79, 151),
(99, 151),
(12, 152),
(23, 152),
(82, 152),
(39, 153),
(56, 153),
(71, 153),
(82, 153),
(86, 153),
(10, 154),
(74, 154),
(99, 154),
(100, 154),
(60, 155),
(89, 155),
(100, 155),
(32, 156),
(39, 156),
(40, 156),
(76, 157),
(86, 157),
(13, 158),
(25, 159),
(35, 159),
(53, 159),
(63, 159),
(64, 159),
(26, 160),
(68, 160),
(76, 160),
(80, 160),
(85, 160),
(15, 161),
(20, 161),
(68, 161),
(90, 161),
(12, 162),
(27, 162),
(41, 162),
(99, 162),
(1, 163),
(6, 163),
(15, 163),
(74, 163),
(31, 164),
(52, 164),
(9, 165),
(17, 165),
(28, 165),
(9, 166),
(46, 166),
(75, 166),
(79, 166),
(84, 166),
(29, 167),
(86, 168),
(32, 169),
(92, 169),
(68, 170),
(30, 171),
(62, 171),
(69, 171),
(74, 171),
(92, 171),
(76, 172),
(86, 172),
(26, 173),
(32, 173),
(40, 173),
(49, 173),
(53, 174),
(75, 174),
(1, 175),
(72, 175),
(13, 176),
(46, 176),
(16, 177),
(42, 177),
(51, 177),
(79, 177),
(88, 177),
(26, 178),
(5, 179),
(12, 179),
(26, 179),
(60, 179),
(100, 179),
(34, 180),
(52, 180),
(83, 180),
(86, 180),
(96, 180),
(52, 181),
(67, 181),
(9, 182),
(20, 182),
(90, 182),
(37, 183),
(42, 183),
(43, 183),
(23, 184),
(35, 184),
(42, 184),
(48, 184),
(100, 184),
(3, 185),
(51, 185),
(56, 185),
(19, 186),
(89, 186),
(99, 186),
(1, 187),
(55, 187),
(72, 187),
(5, 188),
(33, 189),
(38, 189),
(61, 189),
(69, 189),
(72, 189),
(17, 190),
(42, 190),
(65, 190),
(72, 190),
(92, 190),
(45, 191),
(61, 191),
(20, 192),
(38, 192),
(79, 192),
(3, 193),
(23, 193),
(52, 193),
(72, 193),
(74, 193),
(19, 194),
(42, 195),
(49, 196),
(57, 196),
(83, 196),
(2, 197),
(10, 197),
(59, 197),
(95, 197),
(98, 197),
(41, 198),
(96, 198),
(99, 198),
(8, 199),
(92, 199),
(27, 200),
(31, 200),
(58, 200),
(66, 200),
(49, 201),
(54, 201),
(89, 202),
(95, 202),
(20, 203),
(28, 203),
(35, 203),
(36, 203),
(57, 203),
(25, 204),
(63, 204),
(29, 205),
(60, 205),
(86, 205),
(10, 206),
(61, 206),
(70, 206),
(75, 206),
(12, 207),
(60, 207),
(16, 208),
(39, 208),
(94, 208),
(70, 209),
(4, 210),
(11, 210),
(57, 210),
(81, 210),
(22, 211),
(43, 211),
(62, 211),
(70, 211),
(75, 211),
(12, 212),
(16, 212),
(66, 212),
(92, 212),
(33, 213),
(44, 213),
(46, 213),
(98, 213),
(29, 214),
(4, 215),
(22, 215),
(24, 215),
(83, 215),
(9, 216),
(33, 216),
(69, 216),
(30, 217),
(40, 217),
(9, 218),
(18, 218),
(27, 218),
(44, 218),
(85, 218),
(25, 219),
(39, 219),
(61, 219),
(24, 220),
(25, 220),
(26, 220),
(29, 220),
(30, 221),
(54, 221),
(81, 221),
(93, 221),
(22, 222),
(92, 222),
(93, 222),
(10, 223),
(63, 223),
(69, 223),
(81, 223),
(57, 224),
(79, 224),
(90, 224),
(91, 224),
(100, 224),
(8, 225),
(20, 225),
(42, 225),
(93, 225),
(17, 226),
(23, 226),
(28, 226),
(66, 226),
(34, 227),
(44, 227),
(81, 227),
(26, 228),
(94, 228),
(99, 229),
(56, 230),
(79, 230),
(91, 230),
(16, 231),
(35, 231),
(38, 231),
(3, 232),
(69, 232),
(88, 232),
(94, 232),
(96, 232),
(59, 233),
(62, 233),
(70, 233),
(48, 234),
(38, 235),
(11, 236),
(18, 236),
(61, 236),
(86, 236),
(88, 236),
(65, 237),
(44, 238),
(77, 238),
(89, 238),
(25, 239),
(56, 239),
(73, 239),
(96, 239),
(25, 240),
(43, 240),
(7, 241),
(54, 242),
(84, 242),
(7, 243),
(14, 243),
(21, 243),
(74, 244),
(92, 244),
(1, 245),
(43, 245),
(91, 245),
(10, 246),
(14, 246),
(28, 246),
(47, 246),
(54, 246),
(20, 247),
(59, 247),
(92, 247),
(18, 248),
(23, 248),
(31, 248),
(60, 248),
(72, 248),
(15, 249),
(23, 249),
(9, 250),
(39, 250),
(95, 250),
(18, 251),
(19, 251),
(43, 251),
(45, 252),
(68, 252),
(90, 252),
(91, 252),
(96, 252),
(53, 253),
(89, 253),
(15, 254),
(21, 254),
(12, 255),
(32, 255),
(83, 255),
(92, 255),
(97, 255),
(6, 256),
(7, 256),
(32, 256),
(82, 256),
(19, 257),
(30, 257),
(35, 257),
(39, 257),
(80, 257),
(11, 258),
(55, 258),
(16, 259),
(33, 260),
(71, 260),
(14, 261),
(54, 261),
(61, 261),
(79, 261),
(62, 262),
(84, 262),
(89, 262),
(62, 263),
(90, 263),
(25, 264),
(44, 264),
(21, 265),
(79, 265),
(92, 265),
(42, 266),
(66, 266),
(57, 267),
(66, 267),
(83, 267),
(87, 267),
(51, 268),
(55, 268),
(82, 268),
(92, 268),
(54, 269),
(60, 270),
(91, 270),
(11, 271),
(41, 271),
(95, 271),
(25, 272),
(3, 273),
(22, 273),
(39, 273),
(100, 273),
(87, 274),
(41, 275),
(8, 276),
(67, 276),
(87, 276),
(28, 277),
(90, 277),
(12, 278),
(27, 278),
(87, 278),
(93, 278),
(5, 279),
(54, 279),
(68, 279),
(70, 279),
(79, 279),
(17, 280),
(34, 280),
(44, 280),
(29, 281),
(35, 281),
(40, 281),
(42, 282),
(44, 282),
(45, 282),
(5, 283),
(9, 283),
(15, 283),
(24, 283),
(43, 283),
(32, 284),
(39, 284),
(64, 284),
(51, 285),
(61, 286),
(83, 286),
(90, 286),
(98, 286),
(23, 287),
(33, 287),
(46, 287),
(58, 287),
(99, 287),
(14, 288),
(17, 288),
(25, 288),
(26, 288),
(77, 289),
(40, 290),
(49, 290),
(17, 291),
(29, 291),
(9, 292),
(46, 292),
(66, 292),
(93, 292),
(99, 293),
(58, 294),
(70, 294),
(88, 295),
(37, 296),
(60, 296),
(17, 297),
(38, 297),
(39, 297),
(76, 297),
(90, 297),
(73, 298),
(87, 298),
(5, 299),
(12, 299),
(27, 299),
(49, 299),
(25, 300),
(29, 300),
(93, 300),
(51, 301),
(67, 301),
(6, 302),
(65, 302),
(94, 303),
(14, 304),
(71, 304),
(52, 305),
(1, 306),
(69, 306),
(89, 306),
(91, 306),
(2, 307),
(17, 307),
(34, 307),
(53, 307),
(91, 307),
(1, 308),
(21, 308),
(83, 308),
(29, 309),
(36, 309),
(72, 309),
(84, 310),
(86, 310),
(77, 311),
(11, 312),
(12, 312),
(14, 312),
(54, 312),
(89, 312),
(24, 313),
(22, 314),
(41, 314),
(66, 314),
(98, 314),
(100, 314),
(68, 315),
(75, 315),
(34, 316),
(35, 316),
(50, 316),
(54, 316),
(85, 316),
(62, 317),
(1, 318),
(48, 318),
(56, 318),
(58, 318),
(30, 319),
(15, 320),
(20, 320),
(96, 320),
(38, 321),
(40, 321),
(48, 321),
(64, 321),
(73, 321),
(34, 322),
(52, 322),
(70, 322),
(73, 322),
(82, 322),
(7, 323),
(43, 323),
(52, 323),
(12, 324),
(21, 324),
(93, 324),
(99, 324),
(85, 325),
(7, 326),
(52, 326),
(92, 326),
(11, 327),
(50, 327),
(58, 327),
(3, 328),
(37, 328),
(16, 329),
(55, 329),
(78, 329),
(1, 330),
(45, 330),
(9, 331),
(15, 332),
(24, 332),
(85, 332),
(95, 332),
(96, 332),
(3, 333),
(37, 333),
(69, 333),
(84, 333),
(18, 334),
(19, 334),
(25, 335),
(52, 335),
(56, 335),
(67, 335),
(74, 335),
(23, 336),
(12, 337),
(37, 337),
(68, 337),
(19, 338),
(44, 338),
(78, 338),
(13, 339),
(31, 339),
(73, 339),
(83, 339),
(87, 339),
(49, 340),
(80, 340),
(100, 340),
(73, 341),
(92, 341),
(48, 342),
(86, 342),
(17, 343),
(55, 343),
(7, 344),
(36, 344),
(74, 344),
(81, 344),
(88, 344),
(74, 345),
(18, 346),
(27, 346),
(31, 346),
(69, 346),
(71, 346),
(9, 347),
(100, 347),
(31, 348),
(37, 348),
(73, 348),
(92, 348),
(96, 348),
(26, 349),
(60, 349),
(67, 349),
(69, 349),
(37, 350),
(61, 350),
(75, 350),
(76, 350),
(91, 350),
(25, 351),
(29, 351),
(12, 352),
(30, 353),
(35, 353),
(51, 353),
(78, 353),
(24, 354),
(71, 354),
(90, 354),
(44, 355),
(56, 355),
(85, 355),
(62, 356),
(9, 357),
(14, 357),
(64, 357),
(33, 358),
(35, 358),
(52, 358),
(8, 359),
(35, 359),
(41, 359),
(6, 360),
(62, 360),
(71, 360),
(3, 361),
(8, 361),
(15, 361),
(65, 362),
(29, 363),
(50, 363),
(77, 363),
(85, 363),
(99, 363),
(38, 364),
(8, 365),
(56, 365),
(5, 366),
(15, 366),
(61, 366),
(21, 367),
(13, 368),
(16, 368),
(22, 368),
(68, 368),
(71, 368),
(42, 369),
(52, 369),
(93, 369),
(40, 370),
(84, 370),
(92, 370),
(96, 370),
(99, 370),
(42, 371),
(16, 372),
(50, 372),
(54, 372),
(56, 372),
(3, 373),
(45, 373),
(52, 373),
(60, 373),
(62, 373),
(39, 374),
(83, 374),
(2, 375),
(4, 375),
(69, 375),
(74, 375),
(6, 376),
(18, 376),
(26, 376),
(82, 376),
(81, 377),
(6, 378),
(42, 378),
(62, 378),
(98, 378),
(35, 379),
(43, 379),
(93, 379),
(68, 380),
(89, 380),
(33, 381),
(54, 381),
(59, 381),
(88, 381),
(90, 381),
(1, 382),
(15, 382),
(29, 382),
(36, 383),
(91, 383),
(4, 384),
(60, 384),
(90, 384),
(91, 384),
(5, 385),
(77, 385),
(84, 385),
(32, 386),
(70, 386),
(7, 387),
(53, 387),
(55, 387),
(63, 387),
(79, 387),
(29, 388),
(57, 388),
(91, 388),
(96, 388),
(34, 389),
(45, 389),
(56, 389),
(63, 389),
(12, 390),
(88, 390),
(91, 390),
(1, 391),
(3, 391),
(7, 391),
(51, 391),
(6, 392),
(21, 393),
(77, 393),
(6, 394),
(53, 394),
(54, 394),
(75, 394),
(16, 395),
(58, 395),
(88, 395),
(79, 396),
(90, 396),
(42, 397),
(61, 398),
(65, 398),
(97, 398),
(33, 399),
(37, 399),
(95, 399),
(64, 400),
(15, 401),
(32, 401),
(99, 401),
(59, 402),
(31, 403),
(55, 403),
(61, 403),
(82, 403),
(92, 403),
(17, 404),
(45, 404),
(57, 404),
(68, 404),
(95, 404),
(27, 405),
(30, 406),
(38, 407),
(86, 407),
(39, 408),
(88, 408),
(15, 409),
(35, 409),
(51, 409),
(71, 409),
(97, 409),
(17, 410),
(37, 410),
(39, 410),
(47, 410),
(18, 411),
(19, 411),
(22, 411),
(25, 411),
(63, 412),
(73, 412),
(81, 412),
(17, 413),
(69, 413),
(2, 414),
(43, 414),
(90, 414),
(15, 415),
(57, 416),
(78, 416),
(8, 417),
(80, 417),
(1, 418),
(15, 418),
(28, 418),
(54, 418),
(56, 418),
(50, 419),
(5, 420),
(80, 420),
(90, 420),
(95, 420),
(24, 421),
(1, 422),
(25, 422),
(32, 422),
(45, 422),
(47, 422),
(23, 423),
(69, 423),
(98, 423),
(36, 424),
(75, 424),
(92, 424),
(97, 424),
(59, 425),
(25, 426),
(80, 426),
(24, 427),
(1, 428),
(31, 428),
(34, 428),
(45, 428),
(76, 428),
(79, 429),
(99, 429),
(40, 430),
(59, 430),
(69, 430),
(86, 430),
(95, 430),
(67, 431),
(15, 432),
(81, 432),
(86, 432),
(2, 433),
(4, 433),
(18, 433),
(43, 433),
(59, 433),
(61, 434),
(94, 434),
(9, 435),
(33, 435),
(37, 435),
(92, 435),
(99, 435),
(4, 436),
(28, 436),
(46, 436),
(49, 436),
(51, 436),
(59, 437),
(73, 437),
(9, 438),
(14, 438),
(37, 438),
(52, 438),
(97, 438),
(29, 439),
(53, 439),
(65, 439),
(93, 439),
(98, 439),
(1, 440),
(4, 440),
(25, 440),
(47, 440),
(92, 440),
(76, 441),
(89, 441),
(12, 442),
(16, 442),
(64, 442),
(74, 442),
(79, 442),
(13, 443),
(28, 443),
(11, 444),
(66, 444),
(3, 445),
(58, 445),
(59, 445),
(71, 446),
(38, 447),
(50, 447),
(69, 447),
(93, 447),
(24, 448),
(1, 449),
(11, 449),
(49, 449),
(11, 450),
(68, 450),
(81, 450),
(91, 450),
(99, 450),
(39, 451),
(58, 451),
(88, 451),
(98, 451),
(44, 452),
(56, 452),
(78, 452),
(42, 453),
(40, 454),
(38, 455),
(96, 455),
(100, 455),
(15, 456),
(60, 456),
(32, 457),
(72, 457),
(83, 457),
(62, 458),
(73, 458),
(46, 459),
(75, 459),
(28, 460),
(37, 460),
(67, 460),
(73, 460),
(82, 461),
(45, 462),
(79, 462),
(89, 462),
(42, 463),
(8, 464),
(29, 464),
(58, 464),
(11, 465),
(68, 465),
(80, 466),
(87, 466),
(90, 466),
(18, 467),
(30, 468),
(38, 468),
(58, 469),
(69, 469),
(79, 469),
(43, 470),
(81, 470),
(39, 471),
(7, 472),
(34, 472),
(82, 472),
(12, 473),
(13, 473),
(60, 473),
(66, 474),
(67, 474),
(99, 474),
(3, 475),
(49, 475),
(70, 475),
(77, 475),
(46, 476),
(90, 476),
(91, 476),
(13, 477),
(22, 477),
(47, 477),
(95, 478),
(27, 479),
(49, 479),
(85, 479),
(95, 479),
(23, 480),
(48, 480),
(73, 480),
(10, 481),
(43, 481),
(3, 482),
(13, 482),
(93, 482),
(97, 482),
(45, 483),
(77, 483),
(82, 483),
(68, 484),
(100, 484),
(20, 485),
(57, 485),
(81, 485),
(87, 485),
(99, 485),
(71, 486),
(85, 486),
(12, 487),
(31, 487),
(87, 487),
(100, 487),
(45, 488),
(47, 488),
(54, 488),
(58, 488),
(73, 488),
(29, 489),
(35, 489),
(69, 489),
(87, 489),
(7, 490),
(56, 490),
(83, 491),
(85, 491),
(63, 492),
(72, 492),
(2, 493),
(8, 493),
(21, 493),
(99, 493),
(4, 494),
(52, 494),
(78, 494),
(85, 494),
(15, 495),
(77, 496),
(94, 496),
(7, 497),
(44, 497),
(78, 497),
(85, 497),
(22, 498),
(23, 498),
(29, 498),
(43, 498),
(25, 499),
(86, 499),
(14, 500),
(18, 500),
(50, 500),
(99, 501),
(12, 502),
(57, 502),
(64, 502),
(91, 502),
(7, 503),
(31, 503),
(89, 503),
(46, 504),
(48, 504),
(87, 504),
(94, 504),
(98, 504),
(19, 505),
(25, 506),
(89, 506),
(94, 506),
(95, 506),
(96, 506),
(30, 507),
(76, 507),
(77, 508),
(24, 509),
(48, 509),
(59, 509),
(51, 510),
(64, 510),
(5, 511),
(62, 511),
(72, 511),
(80, 511),
(85, 511),
(10, 512),
(16, 512),
(33, 513),
(41, 513),
(45, 513),
(15, 514),
(64, 515),
(76, 515),
(79, 515),
(91, 515),
(95, 515),
(6, 516),
(22, 516),
(37, 516),
(93, 516),
(1, 517),
(69, 517),
(84, 517),
(95, 517),
(97, 517),
(38, 518),
(29, 519),
(51, 519),
(59, 520),
(98, 520),
(53, 521),
(93, 521),
(14, 522),
(61, 522),
(25, 523),
(45, 523),
(74, 523),
(27, 524),
(33, 524),
(63, 524),
(81, 524),
(4, 525),
(50, 525),
(51, 525),
(74, 525),
(95, 525),
(2, 526),
(39, 526),
(49, 526),
(53, 526),
(85, 526),
(44, 527),
(45, 527),
(71, 527),
(85, 527),
(17, 528),
(77, 528),
(3, 529),
(14, 529),
(29, 529),
(58, 529),
(82, 529),
(3, 530),
(40, 530),
(29, 531),
(45, 531),
(92, 531),
(49, 532),
(55, 532),
(79, 532),
(24, 533),
(39, 533),
(68, 533),
(89, 533),
(93, 533),
(46, 534),
(85, 534),
(45, 535),
(33, 536),
(78, 536),
(88, 536),
(98, 536),
(5, 537),
(18, 537),
(85, 537),
(30, 538),
(40, 538),
(43, 538),
(49, 538),
(81, 539),
(29, 540),
(83, 540),
(87, 540),
(96, 540),
(17, 541),
(34, 541),
(57, 541),
(87, 541),
(8, 542),
(25, 542),
(33, 542),
(37, 542),
(62, 542),
(1, 543),
(39, 543),
(37, 544),
(1, 545),
(12, 545),
(45, 545),
(47, 545),
(59, 545),
(6, 546),
(42, 546),
(48, 546),
(49, 546),
(96, 546),
(39, 547),
(56, 547),
(67, 547),
(81, 547),
(95, 547),
(58, 548),
(100, 548),
(8, 549),
(60, 549),
(20, 550),
(41, 550),
(54, 550),
(20, 551),
(72, 552),
(87, 552),
(48, 553),
(55, 553),
(56, 553),
(75, 553),
(98, 553),
(6, 554),
(29, 554),
(36, 554),
(63, 554),
(39, 555),
(53, 555),
(70, 555),
(86, 556),
(87, 556),
(1, 557),
(2, 557),
(33, 557),
(93, 557),
(49, 558),
(61, 558),
(99, 558),
(16, 559),
(43, 559),
(55, 559),
(56, 559),
(93, 559),
(29, 560),
(48, 560),
(52, 560),
(63, 560),
(80, 560),
(45, 561),
(70, 561),
(90, 561),
(31, 562),
(44, 562),
(98, 562),
(16, 563),
(44, 563),
(49, 563),
(75, 563),
(4, 564),
(96, 564),
(15, 565),
(24, 565),
(69, 565),
(90, 565),
(26, 566),
(83, 566),
(43, 567),
(56, 567),
(2, 568),
(4, 568),
(6, 568),
(59, 568),
(91, 568),
(5, 569),
(88, 569),
(3, 570),
(11, 570),
(64, 570),
(57, 571),
(59, 571),
(45, 572),
(52, 572),
(73, 572),
(18, 573),
(28, 573),
(76, 573),
(77, 573),
(95, 573),
(13, 574),
(53, 574),
(94, 574),
(95, 574),
(44, 575),
(89, 575),
(1, 576),
(15, 576),
(16, 576),
(17, 576),
(83, 576),
(22, 577),
(49, 577),
(55, 577),
(67, 577),
(19, 578),
(57, 578),
(68, 578),
(11, 579),
(14, 579),
(50, 579),
(9, 580),
(67, 580),
(98, 580),
(100, 580),
(3, 581),
(11, 581),
(39, 581),
(43, 581),
(87, 581),
(90, 582),
(56, 583),
(64, 583),
(93, 583),
(26, 584),
(40, 584),
(63, 584),
(74, 584),
(9, 585),
(19, 585),
(36, 585),
(92, 585),
(39, 586),
(49, 586),
(78, 587),
(73, 588),
(36, 589),
(37, 589),
(41, 589),
(54, 589),
(85, 589),
(12, 590),
(57, 590),
(49, 591),
(14, 592),
(23, 592),
(26, 592),
(55, 592),
(93, 592),
(17, 593),
(39, 593),
(40, 593),
(46, 593),
(81, 593),
(27, 594),
(73, 595),
(75, 595),
(94, 595),
(100, 595),
(5, 596),
(17, 596),
(48, 596),
(37, 597),
(56, 597),
(61, 597),
(69, 597),
(2, 598),
(17, 598),
(76, 598),
(83, 598),
(85, 598),
(67, 599),
(2, 600),
(27, 600),
(48, 600),
(58, 600),
(87, 600),
(73, 601),
(76, 601),
(25, 602),
(59, 602),
(78, 602),
(20, 603),
(71, 603),
(78, 603),
(88, 603),
(28, 604),
(71, 604),
(13, 605),
(42, 605),
(67, 605),
(70, 605),
(91, 605),
(1, 606),
(3, 606),
(95, 606),
(49, 607),
(63, 607),
(51, 608),
(57, 608),
(80, 608),
(16, 609),
(34, 609),
(55, 609),
(85, 609),
(9, 610),
(67, 610),
(6, 611),
(15, 611),
(17, 611),
(41, 612),
(92, 612),
(60, 613),
(67, 613),
(77, 613),
(89, 613),
(32, 614),
(43, 614),
(60, 614),
(79, 614),
(8, 615),
(22, 615),
(23, 615),
(46, 615),
(87, 615),
(22, 616),
(31, 616),
(49, 616),
(63, 616),
(94, 616),
(21, 617),
(31, 617),
(46, 617),
(70, 617),
(74, 617),
(65, 618),
(96, 618),
(12, 619),
(48, 619),
(56, 619),
(32, 620),
(48, 620),
(66, 620),
(71, 620),
(35, 621),
(80, 622),
(82, 622),
(11, 623),
(31, 623),
(36, 623),
(38, 623),
(44, 623),
(62, 624),
(31, 625),
(38, 625),
(51, 625),
(95, 625),
(99, 625),
(56, 626),
(97, 626),
(39, 627),
(72, 627),
(59, 628),
(48, 629),
(14, 630),
(28, 631),
(2, 632),
(76, 632),
(94, 632),
(41, 633),
(51, 633),
(100, 633),
(18, 634),
(79, 634),
(85, 634),
(2, 635),
(37, 635),
(45, 635),
(13, 636),
(2, 637),
(89, 637),
(7, 638),
(35, 638),
(20, 639),
(53, 639),
(65, 639),
(73, 639),
(76, 639),
(2, 640),
(8, 640),
(32, 640),
(42, 640),
(67, 640),
(52, 641),
(57, 641),
(82, 641),
(93, 641),
(61, 642),
(67, 642),
(9, 643),
(14, 643),
(56, 643),
(5, 644),
(21, 644),
(16, 645),
(61, 645),
(13, 646),
(32, 646),
(59, 646),
(78, 647),
(88, 647),
(45, 648),
(50, 648),
(51, 648),
(59, 648),
(8, 649),
(21, 649),
(51, 649),
(88, 649),
(46, 650),
(64, 650),
(81, 650),
(61, 651),
(65, 651),
(77, 651),
(78, 651),
(33, 652),
(74, 652),
(55, 653),
(56, 653),
(61, 654),
(91, 654),
(2, 655),
(4, 655),
(10, 655),
(17, 655),
(80, 656),
(94, 656),
(30, 657),
(46, 657),
(77, 657),
(16, 658),
(21, 658),
(72, 658),
(85, 658),
(99, 658),
(50, 659),
(75, 659),
(11, 660),
(15, 660),
(49, 660),
(80, 660),
(24, 661),
(66, 661),
(78, 661),
(82, 661),
(98, 661),
(5, 662),
(9, 663),
(13, 663),
(19, 663),
(29, 663),
(50, 663),
(18, 664),
(19, 665),
(21, 666),
(45, 666),
(65, 666),
(78, 667),
(23, 668),
(76, 668),
(93, 668),
(97, 668),
(56, 669),
(57, 669),
(3, 670),
(92, 670),
(12, 671),
(20, 671),
(74, 671),
(98, 671),
(28, 672),
(46, 672),
(47, 672),
(85, 672),
(9, 673),
(72, 673),
(97, 673),
(1, 674),
(21, 674),
(78, 674),
(15, 675),
(26, 675),
(64, 675),
(90, 675),
(90, 676),
(68, 677),
(88, 678),
(21, 679),
(36, 679),
(51, 679),
(69, 679),
(85, 679),
(6, 680),
(13, 680),
(35, 680),
(48, 680),
(69, 680),
(65, 681),
(47, 682),
(49, 682),
(75, 682),
(77, 682),
(62, 683),
(64, 683),
(85, 683),
(31, 684),
(47, 684),
(80, 684),
(100, 684),
(64, 685),
(92, 685),
(8, 686),
(77, 686),
(92, 686),
(29, 687),
(37, 687),
(61, 687),
(3, 688),
(5, 688),
(52, 688),
(65, 688),
(91, 688),
(47, 689),
(77, 689),
(97, 689),
(78, 690),
(23, 691),
(36, 691),
(68, 691),
(73, 691),
(37, 692),
(38, 692),
(43, 692),
(59, 692),
(63, 693),
(83, 693),
(85, 693),
(92, 693),
(94, 693),
(15, 694),
(50, 694),
(89, 694),
(94, 694),
(14, 695),
(18, 695),
(22, 695),
(87, 695),
(93, 695),
(15, 696),
(18, 696),
(62, 696),
(92, 696),
(50, 697),
(55, 697),
(69, 697),
(53, 698),
(54, 698),
(71, 698),
(7, 699),
(15, 700),
(78, 700),
(87, 700),
(33, 701),
(50, 701),
(57, 701),
(70, 701),
(98, 701),
(50, 702),
(53, 702),
(54, 702),
(57, 702),
(70, 702),
(42, 703),
(48, 704),
(67, 704),
(13, 705),
(93, 705),
(11, 706),
(43, 706),
(65, 706),
(81, 706),
(23, 707),
(51, 707),
(52, 707),
(49, 708),
(97, 708),
(65, 709),
(93, 709),
(3, 710),
(67, 710),
(85, 710),
(96, 710),
(2, 711),
(9, 711),
(34, 711),
(78, 711),
(61, 712),
(70, 712),
(85, 712),
(15, 713),
(43, 713),
(48, 713),
(51, 713),
(9, 714),
(44, 714),
(80, 714),
(4, 715),
(33, 715),
(41, 715),
(57, 716),
(78, 716),
(96, 716),
(50, 717),
(37, 718),
(38, 719),
(59, 720),
(3, 721),
(5, 721),
(30, 721),
(76, 721),
(22, 722),
(33, 722),
(56, 722),
(78, 722),
(92, 723),
(62, 724),
(8, 725),
(18, 725),
(47, 725),
(94, 725),
(83, 726),
(56, 727),
(3, 728),
(48, 728),
(94, 728),
(100, 728),
(4, 729),
(48, 729),
(29, 730),
(74, 730),
(92, 730),
(100, 730),
(12, 731),
(96, 731),
(48, 732),
(74, 732),
(77, 732),
(1, 733),
(12, 733),
(40, 733),
(70, 733),
(78, 733),
(27, 734),
(50, 734),
(93, 734),
(94, 734),
(96, 734),
(19, 735),
(37, 735),
(39, 735),
(75, 735),
(7, 736),
(23, 736),
(56, 736),
(84, 736),
(99, 736),
(5, 737),
(9, 737),
(36, 737),
(7, 738),
(95, 738),
(21, 739),
(45, 739),
(53, 739),
(69, 739),
(19, 740),
(29, 740),
(31, 740),
(78, 740),
(28, 741),
(70, 741),
(93, 741),
(22, 742),
(72, 742),
(21, 743),
(29, 743),
(76, 743),
(9, 744),
(19, 744),
(40, 744),
(48, 744),
(70, 744),
(14, 745),
(26, 745),
(50, 745),
(80, 745),
(8, 746),
(32, 746),
(52, 746),
(94, 746),
(34, 747),
(47, 747),
(49, 747),
(1, 748),
(30, 748),
(53, 748),
(8, 749),
(10, 749),
(32, 749),
(34, 749),
(39, 749),
(1, 750),
(14, 750),
(24, 750),
(38, 750),
(62, 750),
(15, 751),
(27, 751),
(38, 751),
(48, 751),
(90, 751),
(21, 752),
(69, 752),
(84, 752),
(43, 753),
(18, 754),
(67, 754),
(76, 754),
(79, 754),
(92, 754),
(13, 755),
(27, 755),
(10, 756),
(43, 756),
(45, 756),
(50, 756),
(59, 756),
(20, 757),
(36, 757),
(73, 757),
(80, 757),
(100, 757),
(85, 758),
(87, 758),
(39, 759),
(53, 759),
(100, 759),
(1, 760),
(66, 760),
(68, 760),
(85, 760),
(86, 761),
(5, 762),
(30, 762),
(98, 762),
(28, 763),
(30, 763),
(78, 763),
(1, 764),
(8, 764),
(74, 764),
(77, 765),
(43, 766),
(44, 767),
(60, 767),
(59, 768),
(67, 768),
(6, 769),
(27, 769),
(62, 770),
(88, 770),
(95, 770),
(100, 770),
(23, 771),
(35, 771),
(69, 771),
(87, 771),
(89, 771),
(19, 772),
(34, 772),
(44, 772),
(72, 772),
(90, 772),
(71, 773),
(20, 774),
(30, 775),
(30, 776),
(84, 776),
(8, 777),
(47, 777),
(29, 778),
(47, 778),
(67, 778),
(97, 778),
(52, 779),
(97, 779),
(33, 780),
(65, 780),
(87, 780),
(93, 780),
(23, 781),
(38, 781),
(100, 781),
(26, 782),
(42, 782),
(71, 782),
(11, 783),
(31, 783),
(40, 783),
(68, 783),
(75, 783),
(26, 784),
(67, 784),
(25, 785),
(42, 785),
(62, 785),
(74, 785),
(93, 786),
(2, 787),
(15, 787),
(24, 787),
(64, 787),
(6, 788),
(83, 788),
(86, 788),
(42, 789),
(59, 789),
(96, 789),
(51, 790),
(56, 790),
(63, 790),
(69, 790),
(30, 791),
(32, 792),
(85, 793),
(1, 794),
(10, 794),
(68, 794),
(75, 795),
(98, 795),
(7, 796),
(10, 796),
(36, 796),
(83, 796),
(96, 796),
(16, 797),
(59, 798),
(22, 799),
(23, 799),
(27, 799),
(43, 799),
(80, 799),
(36, 800),
(49, 800),
(54, 801),
(55, 801),
(62, 801),
(73, 801),
(1, 802),
(18, 803),
(62, 803),
(67, 803),
(74, 803),
(85, 803),
(12, 804),
(17, 804),
(28, 804),
(94, 804),
(2, 805),
(53, 805),
(61, 805),
(52, 806),
(56, 806),
(57, 806),
(2, 807),
(28, 807),
(46, 807),
(7, 808),
(9, 808),
(30, 808),
(46, 809),
(97, 809),
(100, 809),
(2, 810),
(65, 810),
(24, 811),
(22, 812),
(77, 812),
(80, 812),
(15, 813),
(7, 814),
(10, 814),
(61, 814),
(67, 814),
(98, 814),
(35, 815),
(85, 815),
(89, 815),
(20, 816),
(28, 816),
(47, 816),
(55, 816),
(63, 817),
(43, 818),
(48, 818),
(66, 818),
(95, 818),
(98, 818),
(8, 819),
(27, 819),
(44, 819),
(66, 819),
(91, 819),
(20, 820),
(31, 820),
(57, 820),
(63, 820),
(76, 821),
(86, 821),
(4, 822),
(43, 822),
(73, 822),
(78, 822),
(89, 822),
(60, 823),
(4, 824),
(76, 824),
(11, 825),
(25, 825),
(54, 825),
(13, 826),
(20, 826),
(63, 826),
(84, 826),
(30, 827),
(44, 827),
(51, 827),
(62, 827),
(7, 828),
(26, 828),
(31, 828),
(32, 828),
(59, 828),
(29, 829),
(74, 830),
(83, 831),
(92, 831),
(25, 832),
(45, 832),
(48, 832),
(73, 832),
(45, 833),
(49, 833),
(83, 833),
(98, 833),
(3, 834),
(52, 834),
(70, 834),
(94, 834),
(5, 835),
(33, 835),
(56, 835),
(85, 835),
(63, 836),
(7, 837),
(59, 837),
(69, 837),
(95, 837),
(72, 838),
(24, 839),
(96, 839),
(59, 840),
(52, 841),
(61, 841),
(69, 841),
(95, 841),
(97, 841),
(88, 842),
(18, 843),
(66, 843),
(17, 844),
(27, 844),
(100, 844),
(46, 845),
(89, 845),
(74, 846),
(4, 847),
(65, 847),
(2, 848),
(21, 848),
(25, 848),
(73, 848),
(69, 849),
(27, 850),
(52, 850),
(59, 850),
(2, 851),
(35, 852),
(53, 852),
(73, 852),
(90, 852),
(28, 853),
(94, 853),
(50, 854),
(32, 855),
(34, 855),
(49, 855),
(7, 856),
(43, 856),
(13, 857),
(22, 857),
(32, 857),
(39, 857),
(38, 858),
(60, 858),
(61, 859),
(73, 860),
(14, 861),
(22, 861),
(34, 861),
(56, 861),
(57, 861),
(3, 862),
(62, 862),
(73, 862),
(10, 863),
(27, 863),
(38, 863),
(92, 863),
(99, 863),
(17, 864),
(33, 864),
(40, 864),
(10, 865),
(48, 865),
(99, 865),
(51, 866),
(84, 866),
(86, 866),
(89, 866),
(10, 867),
(40, 867),
(95, 867),
(51, 868),
(65, 868),
(99, 868),
(11, 869),
(48, 869),
(49, 869),
(2, 870),
(32, 870),
(96, 870),
(36, 871),
(42, 871),
(72, 871),
(74, 871),
(21, 872),
(48, 872),
(62, 872),
(70, 872),
(79, 872),
(2, 873),
(6, 873),
(60, 873),
(93, 873),
(20, 874),
(49, 874),
(7, 875),
(29, 875),
(81, 875),
(82, 875),
(1, 876),
(35, 876),
(9, 877),
(31, 877),
(82, 877),
(86, 877),
(39, 878),
(79, 878),
(83, 878),
(100, 878),
(15, 879),
(29, 879),
(39, 879),
(49, 879),
(56, 879),
(15, 880),
(12, 881),
(19, 882),
(44, 882),
(74, 882),
(93, 882),
(40, 883),
(43, 883),
(62, 883),
(63, 883),
(70, 883),
(48, 884),
(38, 885),
(86, 885),
(26, 886),
(78, 886),
(20, 887),
(31, 887),
(36, 887),
(53, 887),
(77, 887),
(25, 888),
(61, 888),
(67, 888),
(84, 888),
(94, 888),
(35, 889),
(37, 889),
(40, 889),
(75, 889),
(95, 889),
(1, 890),
(12, 890),
(30, 890),
(38, 890),
(43, 890),
(26, 891),
(63, 891),
(10, 892),
(26, 892),
(55, 892),
(69, 892),
(90, 892),
(1, 893),
(31, 893),
(81, 893),
(97, 893),
(98, 893),
(48, 894),
(51, 894),
(94, 894),
(24, 895),
(33, 895),
(50, 895),
(59, 895),
(86, 895),
(85, 896),
(35, 897),
(76, 897),
(56, 898),
(13, 899),
(42, 899),
(60, 899),
(71, 899),
(85, 899),
(2, 900),
(6, 900),
(18, 900),
(24, 900),
(24, 901),
(31, 901),
(59, 901),
(95, 901),
(7, 902),
(52, 902),
(3, 903),
(63, 903),
(74, 903),
(77, 903),
(99, 903),
(26, 904),
(39, 904),
(83, 904),
(99, 904),
(4, 905),
(71, 905),
(90, 906),
(12, 907),
(90, 907),
(58, 908),
(17, 909),
(28, 909),
(51, 910),
(67, 910),
(75, 910),
(84, 910),
(93, 910),
(11, 911),
(91, 911),
(5, 912),
(46, 912),
(7, 913),
(65, 913),
(89, 913),
(7, 914),
(37, 914),
(70, 914),
(50, 915),
(99, 915),
(28, 916),
(37, 916),
(25, 917),
(69, 917),
(76, 917),
(96, 917),
(6, 918),
(7, 918),
(34, 918),
(71, 918),
(4, 919),
(58, 919),
(99, 919),
(50, 920),
(68, 920),
(83, 920),
(43, 921),
(92, 921),
(17, 922),
(60, 922),
(99, 922),
(23, 923),
(49, 923),
(68, 923),
(73, 923),
(78, 923),
(9, 924),
(13, 924),
(17, 924),
(70, 924),
(81, 924),
(64, 925),
(96, 925),
(32, 926),
(62, 926),
(64, 926),
(3, 927),
(13, 927),
(78, 927),
(90, 927),
(100, 927),
(53, 928),
(55, 928),
(82, 928),
(86, 928),
(22, 929),
(62, 929),
(86, 929),
(4, 930),
(6, 930),
(29, 930),
(42, 930),
(13, 931),
(19, 931),
(31, 931),
(37, 932),
(59, 932),
(9, 933),
(24, 933),
(97, 933),
(10, 934),
(81, 934),
(86, 934),
(34, 935),
(45, 935),
(57, 935),
(64, 935),
(76, 935),
(35, 936),
(60, 937),
(75, 938),
(79, 938),
(24, 939),
(36, 939),
(50, 939),
(54, 939),
(8, 940),
(30, 940),
(42, 940),
(59, 940),
(71, 940),
(69, 941),
(15, 942),
(44, 942),
(52, 942),
(93, 942),
(5, 943),
(42, 943),
(59, 944),
(30, 945),
(32, 945),
(97, 945),
(98, 945),
(17, 946),
(29, 946),
(34, 946),
(35, 946),
(64, 946),
(44, 947),
(63, 947),
(70, 947),
(75, 947),
(4, 948),
(41, 948),
(47, 948),
(98, 948),
(29, 949),
(73, 949),
(22, 950),
(41, 950),
(86, 950),
(94, 950),
(11, 951),
(22, 951),
(32, 951),
(12, 952),
(48, 952),
(56, 952),
(60, 952),
(85, 952),
(38, 953),
(45, 953),
(10, 954),
(20, 954),
(43, 954),
(74, 954),
(2, 955),
(66, 955),
(61, 956),
(27, 957),
(83, 957),
(13, 958),
(89, 958),
(39, 959),
(43, 959),
(56, 959),
(60, 959),
(80, 959),
(31, 960),
(67, 961),
(75, 961),
(82, 961),
(24, 962),
(79, 963),
(13, 964),
(49, 964),
(56, 964),
(13, 965),
(18, 965),
(56, 965),
(57, 965),
(95, 965),
(13, 966),
(71, 966),
(84, 966),
(96, 966),
(71, 967),
(6, 968),
(24, 968),
(26, 968),
(47, 968),
(22, 969),
(24, 969),
(62, 969),
(91, 969),
(90, 970),
(1, 971),
(84, 971),
(59, 972),
(3, 973),
(7, 973),
(27, 973),
(31, 973),
(47, 974),
(49, 974),
(93, 974),
(4, 975),
(33, 975),
(50, 975),
(79, 975),
(74, 976),
(98, 976),
(100, 976),
(45, 977),
(4, 978),
(39, 978),
(89, 978),
(80, 979),
(81, 979),
(89, 979),
(90, 979),
(37, 980),
(63, 980),
(67, 980),
(55, 981),
(56, 981),
(8, 982),
(13, 982),
(51, 983),
(56, 983),
(61, 983),
(67, 983),
(81, 983),
(17, 984),
(39, 984),
(57, 984),
(78, 984),
(94, 984),
(15, 985),
(81, 985),
(49, 986),
(55, 986),
(79, 986),
(84, 986),
(92, 986),
(20, 987),
(51, 987),
(67, 987),
(82, 987),
(85, 987),
(5, 988),
(19, 988),
(47, 988),
(65, 988),
(82, 988),
(12, 989),
(62, 989),
(26, 990),
(82, 990),
(16, 991),
(8, 992),
(79, 992),
(81, 992),
(98, 992),
(10, 993),
(58, 993),
(59, 993),
(75, 993),
(96, 993),
(3, 994),
(46, 994),
(76, 994),
(78, 994),
(99, 994),
(41, 995),
(43, 995),
(96, 995),
(99, 995),
(40, 996),
(52, 996),
(68, 996),
(81, 996),
(83, 996),
(12, 997),
(26, 997),
(35, 997),
(59, 997),
(17, 998),
(17, 999),
(48, 999),
(4, 1000);

-- --------------------------------------------------------

--
-- Table structure for table `failed_jobs`
--

CREATE TABLE `failed_jobs` (
  `id` bigint(20) UNSIGNED NOT NULL,
  `connection` text COLLATE utf8mb4_unicode_ci NOT NULL,
  `queue` text COLLATE utf8mb4_unicode_ci NOT NULL,
  `payload` longtext COLLATE utf8mb4_unicode_ci NOT NULL,
  `exception` longtext COLLATE utf8mb4_unicode_ci NOT NULL,
  `failed_at` timestamp NOT NULL DEFAULT current_timestamp()
) ENGINE=InnoDB DEFAULT CHARSET=utf8mb4 COLLATE=utf8mb4_unicode_ci;

-- --------------------------------------------------------

--
-- Table structure for table `migrations`
--

CREATE TABLE `migrations` (
  `id` int(10) UNSIGNED NOT NULL,
  `migration` varchar(191) COLLATE utf8mb4_unicode_ci NOT NULL,
  `batch` int(11) NOT NULL
) ENGINE=InnoDB DEFAULT CHARSET=utf8mb4 COLLATE=utf8mb4_unicode_ci;

--
-- Dumping data for table `migrations`
--

INSERT INTO `migrations` (`id`, `migration`, `batch`) VALUES
(34, '2014_10_12_000000_create_users_table', 1),
(35, '2014_10_12_100000_create_password_resets_table', 1),
(36, '2019_08_19_000000_create_failed_jobs_table', 1),
(37, '2019_09_29_150004_create_products_table', 1),
(38, '2019_09_29_150043_create_categories_table', 1),
(39, '2019_09_29_150115_create_transactions_table', 1),
(40, '2019_09_30_160948_category_product_table', 1),
(41, '2016_06_01_000001_create_oauth_auth_codes_table', 2),
(42, '2016_06_01_000002_create_oauth_access_tokens_table', 2),
(43, '2016_06_01_000003_create_oauth_refresh_tokens_table', 2),
(44, '2016_06_01_000004_create_oauth_clients_table', 2),
(45, '2016_06_01_000005_create_oauth_personal_access_clients_table', 2);

-- --------------------------------------------------------

--
-- Table structure for table `password_resets`
--

CREATE TABLE `password_resets` (
  `email` varchar(191) COLLATE utf8mb4_unicode_ci NOT NULL,
  `token` varchar(191) COLLATE utf8mb4_unicode_ci NOT NULL,
  `created_at` timestamp NULL DEFAULT NULL
) ENGINE=InnoDB DEFAULT CHARSET=utf8mb4 COLLATE=utf8mb4_unicode_ci;

-- --------------------------------------------------------

--
-- Table structure for table `products`
--

CREATE TABLE `products` (
  `id` int(10) UNSIGNED NOT NULL,
  `name` varchar(191) COLLATE utf8mb4_unicode_ci NOT NULL,
  `description` varchar(1000) COLLATE utf8mb4_unicode_ci NOT NULL,
  `quantity` int(10) UNSIGNED NOT NULL,
  `status` varchar(191) COLLATE utf8mb4_unicode_ci NOT NULL DEFAULT 'unavailable',
  `image` varchar(191) COLLATE utf8mb4_unicode_ci NOT NULL,
  `seller_id` int(10) UNSIGNED NOT NULL,
  `created_at` timestamp NULL DEFAULT NULL,
  `updated_at` timestamp NULL DEFAULT NULL,
  `deleted_at` timestamp NULL DEFAULT NULL
) ENGINE=InnoDB DEFAULT CHARSET=utf8mb4 COLLATE=utf8mb4_unicode_ci;

--
-- Dumping data for table `products`
--

INSERT INTO `products` (`id`, `name`, `description`, `quantity`, `status`, `image`, `seller_id`, `created_at`, `updated_at`, `deleted_at`) VALUES
(1, 'delectus', 'Perferendis id ducimus repellendus ut. Debitis enim et laboriosam nobis quo.', 69, 'available', '2.jpg', 266, '2020-04-18 10:12:06', '2020-04-18 10:12:06', NULL),
(2, 'voluptatem', 'Eum autem ex ut numquam illum tempore.', 12, 'available', '3.jpg', 409, '2020-04-18 10:12:06', '2020-04-18 10:12:06', NULL),
(3, 'et', 'Quia soluta laudantium corporis facilis ratione molestias in nisi. Repellendus sed architecto laboriosam consequatur.', 30, 'available', '2.jpg', 405, '2020-04-18 10:12:06', '2020-04-18 10:12:06', NULL),
(4, 'voluptatem', 'Dolorem explicabo aperiam vel sed repellat quam. Sed distinctio expedita architecto qui.', 77, 'available', '1.jpg', 314, '2020-04-18 10:12:06', '2020-04-18 10:12:06', NULL),
(5, 'aspernatur', 'Assumenda quis suscipit delectus nulla aut. Ut qui veniam recusandae doloribus illo deleniti labore velit.', 83, 'available', '2.jpg', 759, '2020-04-18 10:12:06', '2020-04-18 10:12:06', NULL),
(6, 'harum', 'Voluptates iure odio enim est. Sint corporis ut modi aut corporis tenetur non enim.', 25, 'available', '1.jpg', 136, '2020-04-18 10:12:06', '2020-04-18 10:12:06', NULL),
(7, 'aut', 'Dolor et omnis ipsum expedita maxime. Qui nulla aut pariatur sit enim dicta.', 48, 'available', '1.jpg', 371, '2020-04-18 10:12:06', '2020-04-18 10:12:06', NULL),
(8, 'fuga', 'Sed culpa dolores molestiae sequi optio quia.', 70, 'unavailable', '2.jpg', 227, '2020-04-18 10:12:06', '2020-04-18 10:12:06', NULL),
(9, 'adipisci', 'Impedit iure facilis architecto ut labore autem atque.', 26, 'available', '3.jpg', 142, '2020-04-18 10:12:06', '2020-04-18 10:12:06', NULL),
(10, 'sit', 'Commodi non sequi velit sed aut.', 39, 'unavailable', '2.jpg', 839, '2020-04-18 10:12:06', '2020-04-18 10:12:06', NULL),
(11, 'at', 'Id id modi veniam exercitationem natus incidunt sunt. Aut debitis impedit et quia voluptas possimus.', 6, 'unavailable', '3.jpg', 884, '2020-04-18 10:12:06', '2020-04-18 10:12:06', NULL),
(12, 'perferendis', 'Delectus ea eveniet sint tenetur non aut quasi quis.', 89, 'unavailable', '1.jpg', 139, '2020-04-18 10:12:06', '2020-04-18 10:12:06', NULL),
(13, 'ipsa', 'Aut quasi non et fugit id. Omnis explicabo possimus laboriosam quia rem asperiores.', 18, 'available', '2.jpg', 497, '2020-04-18 10:12:06', '2020-04-18 10:12:06', NULL),
(14, 'sit', 'Suscipit reprehenderit nam vel sed ad. Debitis expedita ut quia sed.', 37, 'available', '2.jpg', 228, '2020-04-18 10:12:06', '2020-04-18 10:12:06', NULL),
(15, 'corporis', 'Debitis adipisci et debitis maxime eligendi repudiandae.', 13, 'available', '2.jpg', 632, '2020-04-18 10:12:06', '2020-04-18 10:12:06', NULL),
(16, 'odit', 'Dicta a ab alias. Ut sint commodi voluptates est repellat cum voluptatibus.', 62, 'available', '3.jpg', 488, '2020-04-18 10:12:06', '2020-04-18 10:12:06', NULL),
(17, 'dolores', 'Nemo perspiciatis ratione ullam quas voluptatem.', 25, 'available', '1.jpg', 276, '2020-04-18 10:12:06', '2020-04-18 10:12:06', NULL),
(18, 'consequatur', 'Aut voluptates eaque ut.', 92, 'available', '2.jpg', 472, '2020-04-18 10:12:06', '2020-04-18 10:12:06', NULL),
(19, 'illum', 'Enim doloribus quas doloremque omnis sit. Ipsum mollitia cumque eos eveniet vero.', 75, 'available', '1.jpg', 769, '2020-04-18 10:12:06', '2020-04-18 10:12:06', NULL),
(20, 'aperiam', 'Sunt inventore saepe praesentium et minima.', 14, 'unavailable', '2.jpg', 324, '2020-04-18 10:12:06', '2020-04-18 10:12:06', NULL),
(21, 'deleniti', 'Iste quos saepe commodi odit necessitatibus error rerum.', 63, 'available', '1.jpg', 629, '2020-04-18 10:12:06', '2020-04-18 10:12:06', NULL),
(22, 'ut', 'Sint ea quis ut ea velit in. Et nemo vel omnis iste.', 14, 'unavailable', '3.jpg', 194, '2020-04-18 10:12:06', '2020-04-18 10:12:06', NULL),
(23, 'dolorem', 'Quibusdam similique quibusdam dolores et quis.', 86, 'available', '3.jpg', 92, '2020-04-18 10:12:06', '2020-04-18 10:12:06', NULL),
(24, 'rerum', 'Recusandae voluptas doloremque et soluta aperiam. Et ut voluptatem quia.', 47, 'available', '1.jpg', 899, '2020-04-18 10:12:06', '2020-04-18 10:12:06', NULL),
(25, 'error', 'Culpa totam sed et enim maiores enim.', 35, 'available', '3.jpg', 176, '2020-04-18 10:12:06', '2020-04-18 10:12:06', NULL),
(26, 'repudiandae', 'Est fugiat magni quis enim voluptates asperiores eum. Non itaque possimus ex rerum ab tempora et.', 75, 'unavailable', '3.jpg', 715, '2020-04-18 10:12:06', '2020-04-18 10:12:06', NULL),
(27, 'quidem', 'Et ad reiciendis quo. Et exercitationem magnam quis eos expedita.', 16, 'unavailable', '3.jpg', 366, '2020-04-18 10:12:06', '2020-04-18 10:12:06', NULL),
(28, 'veniam', 'Sunt doloremque repellendus vero consequuntur praesentium. Vitae in dolores omnis et voluptatem.', 52, 'available', '3.jpg', 309, '2020-04-18 10:12:06', '2020-04-18 10:12:06', NULL),
(29, 'necessitatibus', 'Dolores ut dolorem nisi esse. Magnam sunt vero quasi.', 79, 'unavailable', '3.jpg', 132, '2020-04-18 10:12:06', '2020-04-18 10:12:06', NULL),
(30, 'tenetur', 'Omnis libero aspernatur odio unde voluptatem.', 29, 'available', '2.jpg', 600, '2020-04-18 10:12:06', '2020-04-18 10:12:06', NULL),
(31, 'et', 'Itaque suscipit ut molestiae eius earum odio sit labore. Voluptatem voluptate dolore quia ipsam dolores eum et.', 31, 'available', '3.jpg', 98, '2020-04-18 10:12:06', '2020-04-18 10:12:06', NULL),
(32, 'libero', 'Voluptas alias enim quia quisquam eum enim qui.', 35, 'available', '2.jpg', 451, '2020-04-18 10:12:06', '2020-04-18 10:12:06', NULL),
(33, 'voluptas', 'Aut maiores voluptas sapiente architecto distinctio eveniet corrupti. Quidem iste ratione quasi qui tempora eum.', 22, 'available', '1.jpg', 195, '2020-04-18 10:12:06', '2020-04-18 10:12:06', NULL),
(34, 'repellat', 'Nihil rerum non sit maiores laudantium.', 24, 'available', '2.jpg', 499, '2020-04-18 10:12:06', '2020-04-18 10:12:06', NULL),
(35, 'facere', 'Rem ipsa nulla itaque voluptatem quasi.', 53, 'unavailable', '2.jpg', 330, '2020-04-18 10:12:06', '2020-04-18 10:12:06', NULL),
(36, 'quod', 'Harum ea laudantium voluptas quia dicta dolorem esse.', 55, 'available', '2.jpg', 162, '2020-04-18 10:12:06', '2020-04-18 10:12:06', NULL),
(37, 'excepturi', 'Itaque eaque veniam perferendis repellat rerum. Nam nostrum voluptatem fugit quae.', 36, 'available', '2.jpg', 580, '2020-04-18 10:12:06', '2020-04-18 10:12:06', NULL),
(38, 'nesciunt', 'Tempore aspernatur sit aut eos quas.', 51, 'unavailable', '2.jpg', 486, '2020-04-18 10:12:06', '2020-04-18 10:12:06', NULL),
(39, 'vero', 'Pariatur officiis enim dolor tempore culpa non. Perspiciatis eum veritatis exercitationem qui est nesciunt enim.', 13, 'available', '3.jpg', 575, '2020-04-18 10:12:06', '2020-04-18 10:12:06', NULL),
(40, 'ut', 'Fugiat nam veritatis delectus dolore natus ea quam.', 19, 'unavailable', '1.jpg', 159, '2020-04-18 10:12:06', '2020-04-18 10:12:06', NULL),
(41, 'rerum', 'Ad totam eveniet sint consequuntur blanditiis quis.', 71, 'available', '2.jpg', 745, '2020-04-18 10:12:06', '2020-04-18 10:12:06', NULL),
(42, 'similique', 'Repellat voluptatem qui reiciendis doloremque.', 3, 'available', '1.jpg', 894, '2020-04-18 10:12:06', '2020-04-18 10:12:06', NULL),
(43, 'magnam', 'Dolor qui est veritatis quia voluptates. Dolorum expedita et quia quod quo.', 65, 'available', '2.jpg', 250, '2020-04-18 10:12:06', '2020-04-18 10:12:06', NULL),
(44, 'vel', 'Mollitia quia cumque delectus eum assumenda accusamus.', 74, 'available', '3.jpg', 236, '2020-04-18 10:12:06', '2020-04-18 10:12:06', NULL),
(45, 'reprehenderit', 'Porro est soluta fuga aut est.', 71, 'available', '2.jpg', 974, '2020-04-18 10:12:06', '2020-04-18 10:12:06', NULL),
(46, 'illum', 'Excepturi facere eos dolor dolor. Fugit officia voluptas illo.', 10, 'unavailable', '2.jpg', 950, '2020-04-18 10:12:06', '2020-04-18 10:12:06', NULL),
(47, 'quod', 'Facere sed voluptatem ratione ut nihil quis.', 66, 'available', '3.jpg', 205, '2020-04-18 10:12:06', '2020-04-18 10:12:06', NULL),
(48, 'eaque', 'Dolor qui sint dicta esse reiciendis quis itaque possimus.', 15, 'available', '2.jpg', 263, '2020-04-18 10:12:06', '2020-04-18 10:12:06', NULL),
(49, 'officiis', 'Rerum sequi officia voluptatum deserunt velit est.', 48, 'available', '3.jpg', 302, '2020-04-18 10:12:06', '2020-04-18 10:12:06', NULL),
(50, 'quas', 'Illum unde vitae et labore voluptatem.', 97, 'unavailable', '1.jpg', 335, '2020-04-18 10:12:06', '2020-04-18 10:12:06', NULL),
(51, 'excepturi', 'Eius nesciunt tempore quia sunt.', 70, 'available', '3.jpg', 514, '2020-04-18 10:12:06', '2020-04-18 10:12:06', NULL),
(52, 'corporis', 'Molestias voluptas officia pariatur nostrum inventore blanditiis.', 22, 'unavailable', '2.jpg', 839, '2020-04-18 10:12:06', '2020-04-18 10:12:06', NULL),
(53, 'iusto', 'Cupiditate et soluta neque quas rerum. Est dolorum itaque quaerat ut cumque enim ullam tempore.', 4, 'unavailable', '3.jpg', 95, '2020-04-18 10:12:06', '2020-04-18 10:12:06', NULL),
(54, 'culpa', 'Id eum possimus aspernatur odit dolorem non. Libero praesentium quas est suscipit.', 93, 'unavailable', '1.jpg', 886, '2020-04-18 10:12:06', '2020-04-18 10:12:06', NULL),
(55, 'eveniet', 'Facilis ipsam modi odio sint sunt ut ducimus et.', 70, 'unavailable', '2.jpg', 889, '2020-04-18 10:12:06', '2020-04-18 10:12:06', NULL),
(56, 'eius', 'Porro atque quidem commodi aut omnis nemo ut non. Aut ut facere qui eos ut.', 45, 'unavailable', '2.jpg', 208, '2020-04-18 10:12:06', '2020-04-18 10:12:06', NULL),
(57, 'quibusdam', 'Labore voluptates est suscipit aliquid iusto occaecati.', 79, 'unavailable', '2.jpg', 948, '2020-04-18 10:12:06', '2020-04-18 10:12:06', NULL),
(58, 'esse', 'Repellendus aut architecto exercitationem qui ut fugiat eaque qui.', 87, 'available', '1.jpg', 881, '2020-04-18 10:12:06', '2020-04-18 10:12:06', NULL),
(59, 'et', 'Neque est est recusandae ut inventore. Est ipsam eius officiis est explicabo et repellendus.', 30, 'available', '1.jpg', 326, '2020-04-18 10:12:06', '2020-04-18 10:12:06', NULL),
(60, 'et', 'Perferendis autem ut cupiditate harum optio.', 35, 'available', '3.jpg', 550, '2020-04-18 10:12:06', '2020-04-18 10:12:06', NULL),
(61, 'quaerat', 'Cumque odio debitis aut aut et culpa.', 54, 'unavailable', '2.jpg', 198, '2020-04-18 10:12:06', '2020-04-18 10:12:06', NULL),
(62, 'debitis', 'Eaque repellendus aspernatur architecto. In ut hic animi molestias.', 59, 'available', '2.jpg', 914, '2020-04-18 10:12:06', '2020-04-18 10:12:06', NULL),
(63, 'dolorum', 'Voluptatem est aperiam odit aliquid. Vel numquam quasi excepturi.', 26, 'available', '1.jpg', 712, '2020-04-18 10:12:06', '2020-04-18 10:12:06', NULL),
(64, 'et', 'Sunt voluptatibus est aut cupiditate libero illo ut. Quisquam eveniet impedit debitis tenetur debitis.', 72, 'unavailable', '2.jpg', 547, '2020-04-18 10:12:06', '2020-04-18 10:12:06', NULL),
(65, 'dignissimos', 'Maxime molestiae aut ut perferendis voluptatibus et ut. Ipsum rerum rem qui impedit veritatis omnis.', 74, 'available', '2.jpg', 39, '2020-04-18 10:12:06', '2020-04-18 10:12:06', NULL),
(66, 'et', 'Sit vero iusto alias dolorem. Dolor commodi necessitatibus nostrum ratione et quibusdam esse.', 100, 'available', '2.jpg', 708, '2020-04-18 10:12:06', '2020-04-18 10:12:06', NULL),
(67, 'quam', 'Molestiae vero consequatur consequatur.', 98, 'unavailable', '3.jpg', 497, '2020-04-18 10:12:06', '2020-04-18 10:12:06', NULL),
(68, 'unde', 'Dolor tempore architecto quia fuga exercitationem et fuga.', 49, 'unavailable', '1.jpg', 428, '2020-04-18 10:12:06', '2020-04-18 10:12:06', NULL),
(69, 'error', 'Vero et sit amet reprehenderit distinctio. Fuga molestiae deserunt ipsam autem repellat ipsum qui.', 14, 'unavailable', '3.jpg', 531, '2020-04-18 10:12:06', '2020-04-18 10:12:06', NULL),
(70, 'molestias', 'Quisquam animi nam et iure quidem fugit suscipit. Ut est cum non a et.', 26, 'unavailable', '2.jpg', 423, '2020-04-18 10:12:06', '2020-04-18 10:12:06', NULL),
(71, 'repudiandae', 'Qui sunt harum sunt rerum aliquam. Ea quia voluptate suscipit.', 95, 'unavailable', '1.jpg', 421, '2020-04-18 10:12:06', '2020-04-18 10:12:06', NULL),
(72, 'labore', 'Libero cumque quis autem praesentium esse maxime. Necessitatibus explicabo recusandae culpa aut.', 45, 'unavailable', '3.jpg', 297, '2020-04-18 10:12:06', '2020-04-18 10:12:06', NULL),
(73, 'in', 'Vel placeat rem eligendi rerum hic.', 70, 'unavailable', '2.jpg', 882, '2020-04-18 10:12:06', '2020-04-18 10:12:06', NULL),
(74, 'et', 'Voluptatem magnam blanditiis nesciunt laboriosam.', 3, 'unavailable', '1.jpg', 541, '2020-04-18 10:12:06', '2020-04-18 10:12:06', NULL),
(75, 'earum', 'Suscipit nobis et quos dolorem quod numquam qui sunt.', 82, 'available', '1.jpg', 689, '2020-04-18 10:12:06', '2020-04-18 10:12:06', NULL),
(76, 'aperiam', 'Rerum id quibusdam dignissimos ullam possimus voluptates ut aut.', 55, 'available', '2.jpg', 161, '2020-04-18 10:12:06', '2020-04-18 10:12:06', NULL),
(77, 'incidunt', 'Eum ullam voluptas voluptate accusantium et architecto sunt quia.', 31, 'available', '1.jpg', 899, '2020-04-18 10:12:06', '2020-04-18 10:12:06', NULL),
(78, 'dolorum', 'Nihil saepe deleniti id quo.', 10, 'available', '1.jpg', 851, '2020-04-18 10:12:06', '2020-04-18 10:12:06', NULL),
(79, 'optio', 'Ea sed officiis quis aut assumenda sapiente cupiditate cum.', 41, 'available', '1.jpg', 523, '2020-04-18 10:12:06', '2020-04-18 10:12:06', NULL),
(80, 'in', 'Ratione minus est nobis quis omnis. Quibusdam consequuntur rerum ad consequatur.', 99, 'available', '3.jpg', 726, '2020-04-18 10:12:06', '2020-04-18 10:12:06', NULL),
(81, 'et', 'Dolores occaecati quisquam consequatur eos ipsa id. Facilis similique reprehenderit optio ut magnam deleniti doloremque.', 28, 'available', '2.jpg', 160, '2020-04-18 10:12:06', '2020-04-18 10:12:06', NULL),
(82, 'necessitatibus', 'Fuga molestiae quibusdam nihil assumenda. Sunt est aliquam totam quis esse commodi.', 35, 'available', '3.jpg', 768, '2020-04-18 10:12:06', '2020-04-18 10:12:06', NULL),
(83, 'possimus', 'Consequatur corrupti libero voluptas hic repellat.', 56, 'unavailable', '1.jpg', 384, '2020-04-18 10:12:06', '2020-04-18 10:12:06', NULL),
(84, 'suscipit', 'Consectetur ratione facilis omnis voluptate sint aspernatur.', 93, 'unavailable', '2.jpg', 300, '2020-04-18 10:12:06', '2020-04-18 10:12:06', NULL),
(85, 'cupiditate', 'Omnis non praesentium deserunt. Ut suscipit tempora laborum quisquam est veniam possimus.', 10, 'available', '2.jpg', 81, '2020-04-18 10:12:06', '2020-04-18 10:12:06', NULL),
(86, 'delectus', 'Laborum quia tempore eos commodi. Libero et dicta et non provident laborum.', 93, 'available', '3.jpg', 392, '2020-04-18 10:12:06', '2020-04-18 10:12:06', NULL),
(87, 'sit', 'Dicta dolores eaque voluptate occaecati aut. Deleniti eos corporis qui assumenda.', 82, 'unavailable', '2.jpg', 809, '2020-04-18 10:12:06', '2020-04-18 10:12:06', NULL),
(88, 'voluptas', 'Quam voluptatem fugiat animi qui quas vel at autem. Autem et veritatis omnis voluptas.', 3, 'unavailable', '1.jpg', 770, '2020-04-18 10:12:06', '2020-04-18 10:12:06', NULL),
(89, 'molestiae', 'Accusantium quis sed ut ut. Illo praesentium voluptatem nemo eum aliquid aut eum.', 33, 'unavailable', '2.jpg', 840, '2020-04-18 10:12:06', '2020-04-18 10:12:06', NULL),
(90, 'reprehenderit', 'Aut dignissimos est est accusantium similique vitae ullam. Natus odit sed qui enim neque.', 50, 'available', '1.jpg', 608, '2020-04-18 10:12:06', '2020-04-18 10:12:06', NULL),
(91, 'fugit', 'Qui consequatur non doloremque assumenda. Incidunt nostrum deserunt dolores totam sit.', 66, 'available', '1.jpg', 684, '2020-04-18 10:12:06', '2020-04-18 10:12:06', NULL),
(92, 'vitae', 'Aut repellat ex ex voluptatem quas non consectetur et.', 51, 'unavailable', '1.jpg', 666, '2020-04-18 10:12:06', '2020-04-18 10:12:06', NULL),
(93, 'et', 'Omnis molestiae rem vero odio sit. Est in sapiente rerum distinctio excepturi nobis.', 59, 'unavailable', '3.jpg', 359, '2020-04-18 10:12:06', '2020-04-18 10:12:06', NULL),
(94, 'nisi', 'Sunt sed beatae sit earum odio quaerat voluptatem iusto.', 33, 'unavailable', '1.jpg', 768, '2020-04-18 10:12:06', '2020-04-18 10:12:06', NULL),
(95, 'quidem', 'Et blanditiis repudiandae voluptate aperiam quia et. Non aliquam nostrum necessitatibus ullam debitis.', 75, 'available', '2.jpg', 217, '2020-04-18 10:12:06', '2020-04-18 10:12:06', NULL),
(96, 'saepe', 'In eos aspernatur sunt maxime. Nesciunt consequatur sed error ipsa sit.', 69, 'unavailable', '2.jpg', 713, '2020-04-18 10:12:06', '2020-04-18 10:12:06', NULL),
(97, 'odio', 'Nihil neque sed quia neque non possimus error non.', 45, 'unavailable', '2.jpg', 138, '2020-04-18 10:12:06', '2020-04-18 10:12:06', NULL),
(98, 'inventore', 'Provident nihil quae quidem ex.', 38, 'unavailable', '3.jpg', 440, '2020-04-18 10:12:06', '2020-04-18 10:12:06', NULL),
(99, 'aut', 'Voluptatum enim accusantium et ratione fugit voluptatem voluptas.', 35, 'unavailable', '2.jpg', 80, '2020-04-18 10:12:06', '2020-04-18 10:12:06', NULL),
(100, 'autem', 'Aut id beatae ab delectus.', 41, 'available', '2.jpg', 179, '2020-04-18 10:12:06', '2020-04-18 10:12:06', NULL),
(101, 'quia', 'Voluptate culpa nihil velit velit sed possimus. Quam temporibus accusantium excepturi praesentium cum sint eveniet ea.', 83, 'unavailable', '2.jpg', 304, '2020-04-18 10:12:06', '2020-04-18 10:12:06', NULL),
(102, 'rem', 'Ad quibusdam totam a ut iusto dicta. Laborum omnis et illum dolore nemo.', 85, 'available', '1.jpg', 308, '2020-04-18 10:12:06', '2020-04-18 10:12:06', NULL),
(103, 'perspiciatis', 'Sunt quibusdam at ducimus consequatur. Doloremque consequatur magni quam velit quis molestiae.', 82, 'unavailable', '1.jpg', 738, '2020-04-18 10:12:06', '2020-04-18 10:12:06', NULL),
(104, 'reprehenderit', 'Excepturi natus est qui quo. Qui enim quod dicta consequatur vero laboriosam.', 84, 'unavailable', '1.jpg', 26, '2020-04-18 10:12:06', '2020-04-18 10:12:06', NULL),
(105, 'aut', 'Natus nemo voluptatem quia laudantium. Quam laudantium dolores consequuntur qui.', 79, 'unavailable', '3.jpg', 391, '2020-04-18 10:12:06', '2020-04-18 10:12:06', NULL),
(106, 'dignissimos', 'Fugit voluptas aut vel velit.', 26, 'unavailable', '3.jpg', 364, '2020-04-18 10:12:06', '2020-04-18 10:12:06', NULL),
(107, 'a', 'Nihil atque aliquid dolores illum explicabo. Qui sed delectus aut facilis voluptas ut.', 4, 'unavailable', '2.jpg', 681, '2020-04-18 10:12:06', '2020-04-18 10:12:06', NULL),
(108, 'sed', 'Quaerat facilis quas ratione.', 36, 'available', '3.jpg', 985, '2020-04-18 10:12:06', '2020-04-18 10:12:06', NULL),
(109, 'quibusdam', 'Explicabo aliquam quibusdam molestiae placeat pariatur.', 52, 'available', '1.jpg', 773, '2020-04-18 10:12:06', '2020-04-18 10:12:06', NULL),
(110, 'delectus', 'Sunt et ut qui vel est eum.', 92, 'available', '3.jpg', 815, '2020-04-18 10:12:06', '2020-04-18 10:12:06', NULL),
(111, 'totam', 'Iure rerum culpa tenetur illum est aliquam at ea.', 8, 'available', '1.jpg', 227, '2020-04-18 10:12:06', '2020-04-18 10:12:06', NULL),
(112, 'ea', 'Eaque mollitia nobis voluptas at eveniet. Officia adipisci voluptas hic excepturi.', 71, 'available', '3.jpg', 370, '2020-04-18 10:12:06', '2020-04-18 10:12:06', NULL),
(113, 'eos', 'Maiores est labore quos maiores ut. Deserunt et unde veniam quia.', 4, 'unavailable', '1.jpg', 116, '2020-04-18 10:12:06', '2020-04-18 10:12:06', NULL),
(114, 'voluptas', 'Atque magnam ab possimus reiciendis beatae non. Rerum ratione omnis eos consectetur distinctio distinctio vero.', 88, 'unavailable', '1.jpg', 390, '2020-04-18 10:12:06', '2020-04-18 10:12:06', NULL),
(115, 'ut', 'Architecto voluptas voluptatibus omnis consequatur sit.', 28, 'unavailable', '1.jpg', 953, '2020-04-18 10:12:06', '2020-04-18 10:12:06', NULL),
(116, 'illum', 'Quasi quae harum qui quaerat non aut.', 19, 'unavailable', '3.jpg', 516, '2020-04-18 10:12:06', '2020-04-18 10:12:06', NULL),
(117, 'debitis', 'Nihil saepe praesentium corrupti est et aliquid. Vel inventore soluta ut ratione officia facere facere.', 9, 'unavailable', '1.jpg', 973, '2020-04-18 10:12:06', '2020-04-18 10:12:06', NULL),
(118, 'pariatur', 'Amet neque sit quis dolor rem qui non. Ullam beatae esse voluptatem officia doloribus.', 35, 'available', '3.jpg', 237, '2020-04-18 10:12:06', '2020-04-18 10:12:06', NULL),
(119, 'quam', 'Alias sed quod alias reprehenderit eius asperiores. Qui sed a provident animi ut dolores aut.', 2, 'unavailable', '3.jpg', 522, '2020-04-18 10:12:06', '2020-04-18 10:12:06', NULL),
(120, 'maxime', 'Autem voluptas adipisci rerum doloribus odio.', 86, 'unavailable', '2.jpg', 82, '2020-04-18 10:12:06', '2020-04-18 10:12:06', NULL),
(121, 'dolores', 'Corrupti quas commodi voluptate accusantium quia laudantium nisi dolores.', 64, 'available', '3.jpg', 297, '2020-04-18 10:12:06', '2020-04-18 10:12:06', NULL),
(122, 'esse', 'Ipsam enim sapiente iste aperiam. Dicta dolorem aut possimus ullam sit optio eum.', 23, 'unavailable', '2.jpg', 606, '2020-04-18 10:12:06', '2020-04-18 10:12:06', NULL),
(123, 'dolores', 'Delectus harum veritatis libero magni non iusto.', 14, 'unavailable', '3.jpg', 582, '2020-04-18 10:12:06', '2020-04-18 10:12:06', NULL),
(124, 'esse', 'Nulla aut sunt ea eum.', 58, 'available', '3.jpg', 339, '2020-04-18 10:12:06', '2020-04-18 10:12:06', NULL),
(125, 'consequatur', 'Sit inventore dolor ut eaque. Voluptatibus ex at dolores nihil omnis ea suscipit.', 39, 'available', '3.jpg', 967, '2020-04-18 10:12:06', '2020-04-18 10:12:06', NULL),
(126, 'consequatur', 'Cupiditate tempora animi sint accusamus blanditiis molestiae.', 76, 'available', '1.jpg', 10, '2020-04-18 10:12:06', '2020-04-18 10:12:06', NULL),
(127, 'aliquam', 'Qui voluptatibus corporis illum qui alias est et veniam. Error amet corrupti optio et reprehenderit sed.', 73, 'available', '2.jpg', 65, '2020-04-18 10:12:06', '2020-04-18 10:12:06', NULL),
(128, 'nisi', 'Qui dolorum sequi dolor deleniti deleniti.', 59, 'unavailable', '3.jpg', 440, '2020-04-18 10:12:06', '2020-04-18 10:12:06', NULL),
(129, 'rerum', 'Laborum corrupti dolorum aspernatur placeat impedit porro.', 95, 'available', '2.jpg', 861, '2020-04-18 10:12:06', '2020-04-18 10:12:06', NULL),
(130, 'sed', 'Repellendus possimus iste deserunt. Repellendus assumenda voluptatibus quia.', 24, 'unavailable', '2.jpg', 850, '2020-04-18 10:12:06', '2020-04-18 10:12:06', NULL),
(131, 'cum', 'Quia quo id omnis natus blanditiis consequuntur consequatur et. Ad tenetur omnis distinctio perspiciatis ea officia voluptatem.', 91, 'unavailable', '1.jpg', 758, '2020-04-18 10:12:06', '2020-04-18 10:12:06', NULL),
(132, 'consequatur', 'Aliquam voluptatem hic est libero.', 56, 'available', '3.jpg', 188, '2020-04-18 10:12:06', '2020-04-18 10:12:06', NULL),
(133, 'reprehenderit', 'Necessitatibus tenetur vel eveniet tempore in ut. Dolorem magnam qui expedita eos esse at ea in.', 87, 'available', '1.jpg', 785, '2020-04-18 10:12:06', '2020-04-18 10:12:06', NULL),
(134, 'non', 'Officiis magni velit eveniet eum.', 76, 'unavailable', '1.jpg', 313, '2020-04-18 10:12:06', '2020-04-18 10:12:06', NULL),
(135, 'aut', 'Quas quae ut ipsa consequuntur. Consectetur hic ea est nihil omnis.', 50, 'unavailable', '3.jpg', 267, '2020-04-18 10:12:06', '2020-04-18 10:12:06', NULL),
(136, 'repudiandae', 'Doloremque molestiae reprehenderit perspiciatis ut error voluptatem neque.', 73, 'available', '1.jpg', 526, '2020-04-18 10:12:06', '2020-04-18 10:12:06', NULL),
(137, 'occaecati', 'Similique vitae ipsam quo sapiente perspiciatis doloribus aliquam.', 70, 'unavailable', '2.jpg', 41, '2020-04-18 10:12:06', '2020-04-18 10:12:06', NULL),
(138, 'officiis', 'Totam sunt consequuntur harum vitae voluptas magnam praesentium.', 59, 'available', '2.jpg', 657, '2020-04-18 10:12:06', '2020-04-18 10:12:06', NULL),
(139, 'optio', 'Eaque aut id tempore a doloremque ut molestiae. Saepe quis nihil sed aut.', 28, 'unavailable', '1.jpg', 165, '2020-04-18 10:12:06', '2020-04-18 10:12:06', NULL),
(140, 'et', 'Earum tenetur nobis rerum distinctio ut. Qui architecto qui minima aut aut.', 4, 'unavailable', '2.jpg', 731, '2020-04-18 10:12:06', '2020-04-18 10:12:06', NULL),
(141, 'ut', 'Et sed accusantium sint facere est. Asperiores consequatur modi et numquam earum.', 35, 'unavailable', '3.jpg', 924, '2020-04-18 10:12:06', '2020-04-18 10:12:06', NULL),
(142, 'optio', 'Voluptate eveniet non quibusdam quo voluptas. Ea eum similique culpa.', 81, 'unavailable', '2.jpg', 241, '2020-04-18 10:12:06', '2020-04-18 10:12:06', NULL),
(143, 'impedit', 'Est architecto aspernatur odio sunt ipsum dolore voluptatem. Quaerat laudantium fugiat dolorum incidunt.', 76, 'available', '3.jpg', 454, '2020-04-18 10:12:06', '2020-04-18 10:12:06', NULL),
(144, 'neque', 'Ipsa eos est mollitia quibusdam facere.', 89, 'unavailable', '2.jpg', 141, '2020-04-18 10:12:06', '2020-04-18 10:12:06', NULL),
(145, 'deleniti', 'At sequi consectetur et tenetur est id.', 41, 'unavailable', '1.jpg', 482, '2020-04-18 10:12:06', '2020-04-18 10:12:06', NULL),
(146, 'nihil', 'Laboriosam dolores minima eum rerum recusandae repellendus animi laborum. Esse adipisci fugit inventore recusandae totam.', 84, 'unavailable', '1.jpg', 336, '2020-04-18 10:12:06', '2020-04-18 10:12:06', NULL),
(147, 'et', 'Atque qui non consequatur inventore.', 84, 'available', '2.jpg', 758, '2020-04-18 10:12:06', '2020-04-18 10:12:06', NULL),
(148, 'quaerat', 'Ipsam velit sunt vitae est. Beatae non nam ea consequatur recusandae laboriosam aut quod.', 64, 'available', '2.jpg', 584, '2020-04-18 10:12:06', '2020-04-18 10:12:06', NULL),
(149, 'voluptatem', 'Dolor eum excepturi et aliquid quasi sunt itaque.', 61, 'unavailable', '1.jpg', 88, '2020-04-18 10:12:06', '2020-04-18 10:12:06', NULL),
(150, 'et', 'Omnis iste repellendus quia consequatur sint fuga.', 57, 'unavailable', '2.jpg', 286, '2020-04-18 10:12:06', '2020-04-18 10:12:06', NULL),
(151, 'sint', 'Corporis nam non rerum ut adipisci. Vel pariatur consectetur incidunt voluptatem tempore aut.', 80, 'available', '2.jpg', 348, '2020-04-18 10:12:06', '2020-04-18 10:12:06', NULL),
(152, 'rerum', 'Explicabo ducimus perferendis iusto delectus repellendus eos ab. Error laboriosam ipsum vero natus consectetur cumque et.', 33, 'available', '1.jpg', 931, '2020-04-18 10:12:06', '2020-04-18 10:12:06', NULL),
(153, 'sed', 'Alias aliquam culpa expedita et numquam repellat officia.', 76, 'available', '1.jpg', 925, '2020-04-18 10:12:06', '2020-04-18 10:12:06', NULL),
(154, 'aut', 'Ipsam eos velit minima eos error. Nihil assumenda animi impedit quibusdam unde distinctio.', 97, 'unavailable', '3.jpg', 753, '2020-04-18 10:12:06', '2020-04-18 10:12:06', NULL),
(155, 'non', 'Aut ut magni non qui est aut. Quos aliquam voluptate ullam reiciendis cumque est.', 72, 'available', '1.jpg', 277, '2020-04-18 10:12:06', '2020-04-18 10:12:06', NULL),
(156, 'exercitationem', 'Distinctio qui error blanditiis nihil dolor.', 94, 'available', '1.jpg', 718, '2020-04-18 10:12:06', '2020-04-18 10:12:06', NULL),
(157, 'ea', 'Excepturi sed et quia aut officia tempore.', 97, 'available', '2.jpg', 93, '2020-04-18 10:12:06', '2020-04-18 10:12:06', NULL),
(158, 'accusantium', 'Ab perspiciatis consequatur et possimus. Qui dolores facilis perspiciatis at possimus et sed.', 93, 'unavailable', '2.jpg', 479, '2020-04-18 10:12:06', '2020-04-18 10:12:06', NULL),
(159, 'reprehenderit', 'Nesciunt delectus tempore cum ullam pariatur pariatur eaque. Fugiat et tempora omnis impedit cum voluptatem sint illo.', 95, 'available', '3.jpg', 150, '2020-04-18 10:12:06', '2020-04-18 10:12:06', NULL),
(160, 'animi', 'Aut harum qui nemo sint id magni.', 48, 'available', '2.jpg', 699, '2020-04-18 10:12:06', '2020-04-18 10:12:06', NULL),
(161, 'et', 'Enim ut quisquam dolorum.', 75, 'available', '1.jpg', 125, '2020-04-18 10:12:06', '2020-04-18 10:12:06', NULL),
(162, 'quia', 'Illum recusandae perferendis quas quam qui voluptatem deserunt aut. Ut culpa repellendus tenetur unde tempora.', 33, 'available', '1.jpg', 722, '2020-04-18 10:12:06', '2020-04-18 10:12:06', NULL),
(163, 'eveniet', 'Tempora facilis suscipit quam.', 61, 'unavailable', '1.jpg', 990, '2020-04-18 10:12:06', '2020-04-18 10:12:06', NULL),
(164, 'non', 'A consectetur quam aut consequatur. Quos similique labore corporis iure sint corporis et.', 52, 'unavailable', '1.jpg', 862, '2020-04-18 10:12:06', '2020-04-18 10:12:06', NULL),
(165, 'sit', 'Ipsum iusto pariatur aut accusantium pariatur. Ratione fugit culpa repellat qui voluptates.', 11, 'unavailable', '1.jpg', 391, '2020-04-18 10:12:06', '2020-04-18 10:12:06', NULL),
(166, 'ut', 'Dolor quod eos quam eos dolores. Voluptatem possimus fugiat vero et.', 5, 'unavailable', '2.jpg', 248, '2020-04-18 10:12:06', '2020-04-18 10:12:06', NULL),
(167, 'sunt', 'Culpa excepturi est architecto eius aut molestias.', 61, 'unavailable', '1.jpg', 659, '2020-04-18 10:12:06', '2020-04-18 10:12:06', NULL),
(168, 'ullam', 'Voluptas expedita doloribus occaecati temporibus tempore reiciendis sed.', 52, 'unavailable', '3.jpg', 452, '2020-04-18 10:12:06', '2020-04-18 10:12:06', NULL),
(169, 'occaecati', 'Est sit neque corrupti saepe fuga animi temporibus. Quia dolores nobis quo ut occaecati.', 9, 'available', '2.jpg', 381, '2020-04-18 10:12:06', '2020-04-18 10:12:06', NULL),
(170, 'aperiam', 'Nemo qui incidunt aliquam nemo.', 52, 'available', '2.jpg', 995, '2020-04-18 10:12:06', '2020-04-18 10:12:06', NULL),
(171, 'pariatur', 'Explicabo ut velit id modi autem dicta reprehenderit. Magni praesentium qui rerum quo quos.', 7, 'unavailable', '3.jpg', 590, '2020-04-18 10:12:06', '2020-04-18 10:12:06', NULL),
(172, 'quas', 'Eos suscipit necessitatibus et ut ipsam eum et ut. Fuga quia quasi dolore soluta.', 70, 'available', '2.jpg', 690, '2020-04-18 10:12:06', '2020-04-18 10:12:06', NULL),
(173, 'voluptatum', 'Quia dolor quisquam et sint dolores delectus nihil.', 24, 'available', '3.jpg', 853, '2020-04-18 10:12:06', '2020-04-18 10:12:06', NULL),
(174, 'voluptatum', 'Et est quisquam vitae unde aut vero eum molestiae.', 43, 'unavailable', '3.jpg', 550, '2020-04-18 10:12:06', '2020-04-18 10:12:06', NULL),
(175, 'dolores', 'Cupiditate ex fuga perferendis et autem.', 40, 'unavailable', '1.jpg', 481, '2020-04-18 10:12:06', '2020-04-18 10:12:06', NULL),
(176, 'iure', 'Itaque sequi sint quas reiciendis. Tenetur odit sapiente ut.', 89, 'available', '3.jpg', 850, '2020-04-18 10:12:06', '2020-04-18 10:12:06', NULL),
(177, 'harum', 'Quia alias voluptates nostrum quisquam necessitatibus nostrum dolor est.', 68, 'available', '3.jpg', 88, '2020-04-18 10:12:06', '2020-04-18 10:12:06', NULL),
(178, 'corporis', 'Eligendi corporis autem fugiat voluptate. Fugit exercitationem qui et ab quo.', 12, 'unavailable', '2.jpg', 270, '2020-04-18 10:12:06', '2020-04-18 10:12:06', NULL),
(179, 'expedita', 'Et ut maiores exercitationem aliquam quia. In odit atque earum dignissimos.', 19, 'available', '1.jpg', 883, '2020-04-18 10:12:06', '2020-04-18 10:12:06', NULL),
(180, 'inventore', 'Est quo incidunt ipsa. Nihil autem qui saepe nihil at perspiciatis et.', 16, 'unavailable', '2.jpg', 949, '2020-04-18 10:12:06', '2020-04-18 10:12:06', NULL),
(181, 'qui', 'Est sit autem enim corporis placeat.', 45, 'available', '3.jpg', 301, '2020-04-18 10:12:06', '2020-04-18 10:12:06', NULL),
(182, 'recusandae', 'Aperiam at iusto sapiente ipsum dolor error iste.', 76, 'available', '2.jpg', 395, '2020-04-18 10:12:06', '2020-04-18 10:12:06', NULL),
(183, 'quaerat', 'Iusto nisi debitis sit illo doloremque quia ipsum ut. Eos nemo ut in praesentium.', 98, 'unavailable', '2.jpg', 351, '2020-04-18 10:12:06', '2020-04-18 10:12:06', NULL),
(184, 'quia', 'Rerum tenetur animi odio ut suscipit ex et.', 37, 'available', '2.jpg', 169, '2020-04-18 10:12:06', '2020-04-18 10:12:06', NULL),
(185, 'impedit', 'Omnis ad molestiae ratione et.', 32, 'unavailable', '3.jpg', 402, '2020-04-18 10:12:06', '2020-04-18 10:12:06', NULL),
(186, 'est', 'Laboriosam tempora sit delectus.', 93, 'unavailable', '2.jpg', 336, '2020-04-18 10:12:06', '2020-04-18 10:12:06', NULL),
(187, 'quia', 'Optio est sunt et. Aperiam voluptate earum in ipsam harum.', 13, 'unavailable', '1.jpg', 26, '2020-04-18 10:12:06', '2020-04-18 10:12:06', NULL),
(188, 'pariatur', 'Quam ab sunt qui fugiat earum et temporibus cumque. Quo quasi velit sit quo.', 36, 'available', '1.jpg', 367, '2020-04-18 10:12:06', '2020-04-18 10:12:06', NULL),
(189, 'qui', 'Velit voluptas earum et ut corporis natus hic. Natus dolor doloremque eum excepturi.', 95, 'available', '1.jpg', 777, '2020-04-18 10:12:06', '2020-04-18 10:12:06', NULL),
(190, 'aliquid', 'Quos porro sit quo eos.', 42, 'available', '1.jpg', 271, '2020-04-18 10:12:06', '2020-04-18 10:12:06', NULL),
(191, 'iusto', 'Dolorem sit enim fugiat esse. Aut consequuntur ad illum non quidem.', 42, 'available', '3.jpg', 699, '2020-04-18 10:12:06', '2020-04-18 10:12:06', NULL),
(192, 'ratione', 'Velit aperiam repellat nulla dolor sed asperiores qui nam. Est est deleniti saepe ea molestiae.', 16, 'unavailable', '2.jpg', 969, '2020-04-18 10:12:06', '2020-04-18 10:12:06', NULL),
(193, 'laboriosam', 'Aut omnis vel esse similique excepturi veritatis. Pariatur ipsum consectetur cumque tenetur ex.', 32, 'unavailable', '1.jpg', 459, '2020-04-18 10:12:06', '2020-04-18 10:12:06', NULL),
(194, 'repellendus', 'Et et aliquid ut voluptatem.', 10, 'available', '1.jpg', 625, '2020-04-18 10:12:06', '2020-04-18 10:12:06', NULL),
(195, 'alias', 'Unde voluptate et ad veritatis eaque commodi et. Ab aut et modi alias beatae facilis optio.', 14, 'unavailable', '1.jpg', 548, '2020-04-18 10:12:06', '2020-04-18 10:12:06', NULL),
(196, 'consequatur', 'Debitis animi est et sint sed at.', 94, 'unavailable', '3.jpg', 765, '2020-04-18 10:12:06', '2020-04-18 10:12:06', NULL),
(197, 'quasi', 'Mollitia sequi corporis explicabo.', 28, 'available', '3.jpg', 352, '2020-04-18 10:12:06', '2020-04-18 10:12:06', NULL),
(198, 'debitis', 'Iusto et velit tenetur. Illo quod possimus quis exercitationem.', 80, 'unavailable', '1.jpg', 571, '2020-04-18 10:12:06', '2020-04-18 10:12:06', NULL),
(199, 'ea', 'Vitae consequuntur debitis id hic dolorum quia. Eveniet est porro saepe id soluta vero veritatis excepturi.', 85, 'unavailable', '2.jpg', 709, '2020-04-18 10:12:06', '2020-04-18 10:12:06', NULL),
(200, 'numquam', 'Architecto non quidem suscipit consequatur in alias. Qui recusandae veniam omnis et ab.', 25, 'unavailable', '2.jpg', 717, '2020-04-18 10:12:06', '2020-04-18 10:12:06', NULL),
(201, 'ipsum', 'Hic sunt ullam est fugiat. Odit magni asperiores magnam dolores.', 59, 'available', '2.jpg', 840, '2020-04-18 10:12:06', '2020-04-18 10:12:06', NULL),
(202, 'maiores', 'Similique dignissimos beatae id laborum iusto.', 94, 'unavailable', '1.jpg', 418, '2020-04-18 10:12:06', '2020-04-18 10:12:06', NULL),
(203, 'voluptas', 'Doloribus aliquid eum consequatur laborum occaecati qui qui perspiciatis. Assumenda ut nemo ea sequi.', 55, 'unavailable', '3.jpg', 798, '2020-04-18 10:12:06', '2020-04-18 10:12:06', NULL),
(204, 'omnis', 'Veniam vel voluptatibus commodi ut quae.', 34, 'available', '2.jpg', 687, '2020-04-18 10:12:06', '2020-04-18 10:12:06', NULL),
(205, 'dolore', 'Expedita quisquam eaque omnis veritatis suscipit.', 47, 'unavailable', '1.jpg', 476, '2020-04-18 10:12:06', '2020-04-18 10:12:06', NULL),
(206, 'vel', 'Quo non ut natus modi ea neque corporis. Nemo et est nobis id vitae sequi.', 97, 'available', '1.jpg', 758, '2020-04-18 10:12:06', '2020-04-18 10:12:06', NULL),
(207, 'vitae', 'Iusto aut perspiciatis sunt commodi.', 40, 'available', '3.jpg', 805, '2020-04-18 10:12:06', '2020-04-18 10:12:06', NULL),
(208, 'debitis', 'Voluptate quae nesciunt dignissimos vitae ut corporis. Quibusdam at quaerat laboriosam quisquam eveniet ut.', 18, 'unavailable', '1.jpg', 905, '2020-04-18 10:12:06', '2020-04-18 10:12:06', NULL),
(209, 'rem', 'Molestiae est debitis est incidunt sed voluptatem. Cumque similique unde aliquam est ad aut in.', 8, 'unavailable', '2.jpg', 847, '2020-04-18 10:12:06', '2020-04-18 10:12:06', NULL),
(210, 'et', 'At et rem in quis.', 35, 'available', '1.jpg', 796, '2020-04-18 10:12:06', '2020-04-18 10:12:06', NULL),
(211, 'numquam', 'Aliquid dicta voluptatum quia voluptatem. Possimus corrupti quos voluptatum earum.', 70, 'unavailable', '1.jpg', 676, '2020-04-18 10:12:06', '2020-04-18 10:12:06', NULL),
(212, 'fugit', 'Rerum error id rerum et perspiciatis animi aut magnam. In ducimus dolores vero corporis ut saepe.', 14, 'available', '3.jpg', 416, '2020-04-18 10:12:06', '2020-04-18 10:12:06', NULL),
(213, 'sit', 'Quia quas aliquam vel est. Aut dolores quam earum nesciunt alias quidem.', 17, 'available', '2.jpg', 344, '2020-04-18 10:12:06', '2020-04-18 10:12:06', NULL),
(214, 'illum', 'Neque delectus dolorem possimus modi.', 58, 'available', '2.jpg', 147, '2020-04-18 10:12:06', '2020-04-18 10:12:06', NULL),
(215, 'sequi', 'Qui ipsa voluptatum aliquam enim sed et veritatis deserunt. Dolor quo voluptatem occaecati delectus aut quisquam.', 84, 'available', '2.jpg', 972, '2020-04-18 10:12:06', '2020-04-18 10:12:06', NULL),
(216, 'ipsa', 'Et aliquam architecto sit. Dolores nostrum magnam unde aut omnis est.', 67, 'available', '1.jpg', 931, '2020-04-18 10:12:06', '2020-04-18 10:12:06', NULL),
(217, 'qui', 'Eum dignissimos nihil praesentium soluta fuga voluptas maiores iusto. Ea consequatur saepe esse itaque quo autem.', 68, 'available', '3.jpg', 703, '2020-04-18 10:12:06', '2020-04-18 10:12:06', NULL),
(218, 'repellendus', 'Enim sapiente tempore qui natus optio. Occaecati corrupti nihil numquam mollitia laboriosam.', 35, 'unavailable', '3.jpg', 253, '2020-04-18 10:12:06', '2020-04-18 10:12:06', NULL),
(219, 'quia', 'Ea praesentium cum voluptatem. Cupiditate porro fugiat possimus at nobis.', 14, 'available', '3.jpg', 169, '2020-04-18 10:12:06', '2020-04-18 10:12:06', NULL),
(220, 'blanditiis', 'Laboriosam officia vel non animi. Doloribus accusantium enim ut ut.', 65, 'unavailable', '2.jpg', 967, '2020-04-18 10:12:06', '2020-04-18 10:12:06', NULL),
(221, 'officia', 'Esse accusamus ut quia animi laboriosam ea culpa. Facere rerum facere quas occaecati.', 50, 'unavailable', '3.jpg', 273, '2020-04-18 10:12:06', '2020-04-18 10:12:06', NULL),
(222, 'sunt', 'Laboriosam voluptatem distinctio in sunt recusandae non. Sed exercitationem reiciendis cupiditate est quis nostrum deleniti.', 79, 'available', '2.jpg', 71, '2020-04-18 10:12:06', '2020-04-18 10:12:06', NULL),
(223, 'porro', 'Labore fugit dolorem asperiores sapiente.', 30, 'available', '2.jpg', 848, '2020-04-18 10:12:06', '2020-04-18 10:12:06', NULL),
(224, 'est', 'Est soluta est aliquam excepturi recusandae voluptatem.', 96, 'unavailable', '2.jpg', 90, '2020-04-18 10:12:06', '2020-04-18 10:12:06', NULL),
(225, 'beatae', 'Incidunt et dicta commodi quidem.', 7, 'available', '1.jpg', 841, '2020-04-18 10:12:06', '2020-04-18 10:12:06', NULL),
(226, 'provident', 'Et et minima dolores accusantium voluptatum ex voluptas.', 61, 'unavailable', '1.jpg', 117, '2020-04-18 10:12:06', '2020-04-18 10:12:06', NULL),
(227, 'repudiandae', 'Consequatur ipsam veniam qui commodi. Minus et labore maiores et.', 10, 'unavailable', '1.jpg', 542, '2020-04-18 10:12:06', '2020-04-18 10:12:06', NULL),
(228, 'sunt', 'Ut repudiandae cum placeat non omnis.', 49, 'unavailable', '2.jpg', 177, '2020-04-18 10:12:06', '2020-04-18 10:12:06', NULL),
(229, 'autem', 'Velit quidem velit aspernatur illum at unde similique.', 70, 'unavailable', '1.jpg', 858, '2020-04-18 10:12:06', '2020-04-18 10:12:06', NULL),
(230, 'vel', 'Vero vel praesentium et et est rerum veritatis. Veritatis eum earum sint.', 95, 'available', '3.jpg', 618, '2020-04-18 10:12:06', '2020-04-18 10:12:06', NULL),
(231, 'quasi', 'Ad ea voluptas aut.', 14, 'unavailable', '3.jpg', 696, '2020-04-18 10:12:06', '2020-04-18 10:12:06', NULL),
(232, 'aliquid', 'Optio quaerat quae quo consequuntur deleniti. Illo deserunt expedita consequuntur est sunt.', 35, 'unavailable', '2.jpg', 278, '2020-04-18 10:12:06', '2020-04-18 10:12:06', NULL),
(233, 'qui', 'Illo rerum pariatur quaerat nisi praesentium omnis. Sit dolor doloremque laudantium.', 71, 'available', '3.jpg', 112, '2020-04-18 10:12:06', '2020-04-18 10:12:06', NULL),
(234, 'deleniti', 'Non eos est veritatis ad et. Voluptas sit explicabo eaque.', 47, 'unavailable', '2.jpg', 947, '2020-04-18 10:12:06', '2020-04-18 10:12:06', NULL),
(235, 'enim', 'Sed consequatur architecto est voluptatem laudantium. Aut sit occaecati libero quia reiciendis.', 19, 'available', '2.jpg', 396, '2020-04-18 10:12:06', '2020-04-18 10:12:06', NULL),
(236, 'consequatur', 'Excepturi repudiandae voluptatem minus voluptate quia. At quibusdam aut modi quis minus vel.', 57, 'available', '2.jpg', 264, '2020-04-18 10:12:06', '2020-04-18 10:12:06', NULL),
(237, 'velit', 'Qui ut ipsum explicabo rerum necessitatibus unde exercitationem eligendi. Aspernatur rem voluptate natus quam.', 70, 'unavailable', '2.jpg', 60, '2020-04-18 10:12:06', '2020-04-18 10:12:06', NULL),
(238, 'atque', 'Modi sit sequi et maiores.', 11, 'unavailable', '2.jpg', 294, '2020-04-18 10:12:06', '2020-04-18 10:12:06', NULL),
(239, 'est', 'Et aut laborum modi tenetur. Et ipsam incidunt voluptas sed sed et.', 86, 'unavailable', '2.jpg', 846, '2020-04-18 10:12:06', '2020-04-18 10:12:06', NULL),
(240, 'sit', 'Dignissimos nulla id doloremque aliquam officia. Placeat est neque ut maxime.', 96, 'unavailable', '3.jpg', 179, '2020-04-18 10:12:06', '2020-04-18 10:12:06', NULL),
(241, 'soluta', 'Corrupti rerum nesciunt debitis voluptates qui nihil.', 38, 'unavailable', '2.jpg', 48, '2020-04-18 10:12:06', '2020-04-18 10:12:06', NULL),
(242, 'incidunt', 'Tempora commodi itaque ea veniam dolor qui. Quidem sed et ut culpa voluptatem.', 86, 'available', '1.jpg', 296, '2020-04-18 10:12:06', '2020-04-18 10:12:06', NULL),
(243, 'similique', 'Aperiam at omnis illo.', 8, 'unavailable', '3.jpg', 900, '2020-04-18 10:12:06', '2020-04-18 10:12:06', NULL),
(244, 'soluta', 'Aspernatur dignissimos nam et numquam beatae minus repellat. Et eum et nemo vero animi eum quis nihil.', 74, 'available', '1.jpg', 662, '2020-04-18 10:12:06', '2020-04-18 10:12:06', NULL),
(245, 'perspiciatis', 'Quis tempore reiciendis totam ea explicabo. Quia eum ut iusto voluptas eos.', 28, 'available', '2.jpg', 36, '2020-04-18 10:12:06', '2020-04-18 10:12:06', NULL),
(246, 'enim', 'Sed hic quam harum nihil numquam et.', 68, 'unavailable', '1.jpg', 250, '2020-04-18 10:12:06', '2020-04-18 10:12:06', NULL),
(247, 'qui', 'Eos dicta non dicta eius dignissimos in.', 5, 'available', '2.jpg', 867, '2020-04-18 10:12:06', '2020-04-18 10:12:06', NULL),
(248, 'distinctio', 'Aut porro voluptatem porro dolor laboriosam et sunt quo. Sed cum ea dolorum.', 92, 'available', '1.jpg', 857, '2020-04-18 10:12:06', '2020-04-18 10:12:06', NULL),
(249, 'molestias', 'Voluptatum explicabo facere et nulla dolores sunt ea. Accusamus itaque omnis aliquid ipsum.', 24, 'unavailable', '2.jpg', 732, '2020-04-18 10:12:06', '2020-04-18 10:12:06', NULL),
(250, 'non', 'Magni aspernatur quae odit nemo neque.', 49, 'available', '2.jpg', 615, '2020-04-18 10:12:06', '2020-04-18 10:12:06', NULL),
(251, 'est', 'Qui illum reiciendis impedit aut hic maxime corporis. Ut quisquam corrupti qui ea dolorem id dolor ea.', 97, 'unavailable', '1.jpg', 627, '2020-04-18 10:12:06', '2020-04-18 10:12:06', NULL),
(252, 'non', 'Explicabo et eveniet magni quibusdam odio tempore.', 10, 'available', '1.jpg', 801, '2020-04-18 10:12:06', '2020-04-18 10:12:06', NULL),
(253, 'voluptas', 'Commodi quia aut cumque ea. Et porro dolore eius aut maiores exercitationem.', 56, 'available', '2.jpg', 162, '2020-04-18 10:12:06', '2020-04-18 10:12:06', NULL),
(254, 'ut', 'Nulla sed eum dolorum deserunt et et.', 70, 'unavailable', '1.jpg', 844, '2020-04-18 10:12:06', '2020-04-18 10:12:06', NULL),
(255, 'fuga', 'Tenetur ut harum et voluptatibus illo ipsa est illo.', 96, 'unavailable', '3.jpg', 453, '2020-04-18 10:12:06', '2020-04-18 10:12:06', NULL),
(256, 'corporis', 'Necessitatibus et eaque error. Illo perspiciatis error inventore eos.', 35, 'unavailable', '1.jpg', 196, '2020-04-18 10:12:06', '2020-04-18 10:12:06', NULL),
(257, 'recusandae', 'Veniam consequatur numquam consequatur.', 12, 'available', '3.jpg', 603, '2020-04-18 10:12:06', '2020-04-18 10:12:06', NULL),
(258, 'veritatis', 'Ratione voluptatem quis sit.', 100, 'available', '1.jpg', 534, '2020-04-18 10:12:06', '2020-04-18 10:12:06', NULL),
(259, 'qui', 'Sint eaque debitis fugit at quasi.', 43, 'available', '3.jpg', 407, '2020-04-18 10:12:06', '2020-04-18 10:12:06', NULL),
(260, 'at', 'Quo quis perferendis id veritatis qui vel. Dolores iste unde rerum nobis et eius cupiditate.', 34, 'unavailable', '1.jpg', 923, '2020-04-18 10:12:06', '2020-04-18 10:12:06', NULL),
(261, 'fugiat', 'Labore labore ab qui fugit voluptas modi.', 35, 'available', '2.jpg', 313, '2020-04-18 10:12:06', '2020-04-18 10:12:06', NULL),
(262, 'animi', 'In sit deleniti ut architecto dolore natus.', 25, 'unavailable', '3.jpg', 306, '2020-04-18 10:12:06', '2020-04-18 10:12:06', NULL),
(263, 'non', 'Eum enim optio quaerat ut. Sunt et similique et sint.', 35, 'available', '3.jpg', 904, '2020-04-18 10:12:06', '2020-04-18 10:12:06', NULL),
(264, 'rerum', 'Ea in dolore omnis expedita.', 40, 'unavailable', '3.jpg', 195, '2020-04-18 10:12:06', '2020-04-18 10:12:06', NULL),
(265, 'qui', 'Voluptatem nesciunt itaque aut quod perferendis vel.', 89, 'available', '2.jpg', 859, '2020-04-18 10:12:06', '2020-04-18 10:12:06', NULL),
(266, 'voluptas', 'Esse velit aut fuga magnam illo modi labore quia. Dicta est molestiae aut nisi dolorem rerum ut.', 31, 'available', '2.jpg', 157, '2020-04-18 10:12:06', '2020-04-18 10:12:06', NULL),
(267, 'velit', 'Eum blanditiis eos quia cumque quae. Nam voluptas totam eos illo.', 90, 'available', '1.jpg', 79, '2020-04-18 10:12:06', '2020-04-18 10:12:06', NULL),
(268, 'quam', 'Laborum ut necessitatibus quo blanditiis earum ipsam. Ipsa assumenda debitis facilis aut deserunt illo et eum.', 52, 'available', '1.jpg', 397, '2020-04-18 10:12:06', '2020-04-18 10:12:06', NULL),
(269, 'nostrum', 'Ullam est eum officiis eos.', 82, 'available', '3.jpg', 792, '2020-04-18 10:12:06', '2020-04-18 10:12:06', NULL),
(270, 'consequatur', 'Fugit aliquam dolor dolorum veritatis eos dolores voluptatem. Enim corporis rerum excepturi.', 51, 'unavailable', '1.jpg', 999, '2020-04-18 10:12:06', '2020-04-18 10:12:06', NULL),
(271, 'ipsam', 'Modi modi numquam iste rerum. Pariatur et excepturi odio repudiandae voluptatem.', 77, 'unavailable', '3.jpg', 854, '2020-04-18 10:12:06', '2020-04-18 10:12:06', NULL),
(272, 'ut', 'Vero nobis voluptatibus accusantium ut.', 42, 'unavailable', '1.jpg', 847, '2020-04-18 10:12:06', '2020-04-18 10:12:06', NULL),
(273, 'qui', 'Quod qui fugit ut maiores ab sequi.', 63, 'available', '2.jpg', 278, '2020-04-18 10:12:06', '2020-04-18 10:12:06', NULL),
(274, 'quam', 'Repudiandae modi modi aut rerum. Esse quaerat earum qui quia.', 44, 'available', '3.jpg', 190, '2020-04-18 10:12:06', '2020-04-18 10:12:06', NULL),
(275, 'quisquam', 'Vero recusandae excepturi facere et inventore nihil veniam non.', 38, 'available', '3.jpg', 332, '2020-04-18 10:12:06', '2020-04-18 10:12:06', NULL),
(276, 'praesentium', 'Ut ex repudiandae dolorem alias repudiandae non corporis.', 69, 'available', '2.jpg', 60, '2020-04-18 10:12:06', '2020-04-18 10:12:06', NULL),
(277, 'dolores', 'Excepturi deleniti sint dolorem dolor doloribus deleniti autem.', 63, 'available', '3.jpg', 878, '2020-04-18 10:12:06', '2020-04-18 10:12:06', NULL),
(278, 'iusto', 'At rerum iusto ullam natus nisi vel consequatur. Laudantium voluptatem modi nostrum ipsum assumenda eveniet.', 44, 'available', '3.jpg', 67, '2020-04-18 10:12:06', '2020-04-18 10:12:06', NULL),
(279, 'rerum', 'In dolor quis accusantium labore omnis in occaecati ea.', 18, 'available', '1.jpg', 485, '2020-04-18 10:12:06', '2020-04-18 10:12:06', NULL),
(280, 'hic', 'Delectus vitae qui consequatur rem. Aut velit asperiores dolore.', 38, 'available', '1.jpg', 820, '2020-04-18 10:12:06', '2020-04-18 10:12:06', NULL),
(281, 'qui', 'Aliquid dolore repudiandae repellendus repudiandae.', 75, 'unavailable', '3.jpg', 27, '2020-04-18 10:12:06', '2020-04-18 10:12:06', NULL),
(282, 'molestiae', 'Sint libero aperiam officiis enim itaque ut.', 41, 'available', '2.jpg', 141, '2020-04-18 10:12:06', '2020-04-18 10:12:06', NULL),
(283, 'sint', 'Rerum nostrum magni a excepturi.', 54, 'unavailable', '2.jpg', 466, '2020-04-18 10:12:06', '2020-04-18 10:12:06', NULL),
(284, 'et', 'Ipsam id reiciendis quo nisi.', 18, 'unavailable', '3.jpg', 529, '2020-04-18 10:12:06', '2020-04-18 10:12:06', NULL),
(285, 'omnis', 'Aut ut voluptatum qui autem.', 65, 'unavailable', '1.jpg', 877, '2020-04-18 10:12:06', '2020-04-18 10:12:06', NULL),
(286, 'sed', 'Earum et consectetur velit repellat. Sunt maiores quo eos veniam autem dolorem est.', 89, 'available', '3.jpg', 388, '2020-04-18 10:12:06', '2020-04-18 10:12:06', NULL),
(287, 'corrupti', 'Ducimus vel nihil dolores rerum.', 87, 'available', '2.jpg', 448, '2020-04-18 10:12:06', '2020-04-18 10:12:06', NULL),
(288, 'esse', 'Eaque quo nesciunt eos.', 56, 'available', '1.jpg', 483, '2020-04-18 10:12:06', '2020-04-18 10:12:06', NULL),
(289, 'quo', 'Distinctio laboriosam hic quo veniam. Ullam vel voluptatem ut cum repellendus quod animi.', 60, 'unavailable', '3.jpg', 296, '2020-04-18 10:12:06', '2020-04-18 10:12:06', NULL),
(290, 'corporis', 'Ut hic quia non libero velit dolorum asperiores.', 2, 'unavailable', '2.jpg', 88, '2020-04-18 10:12:06', '2020-04-18 10:12:06', NULL),
(291, 'ab', 'Totam laboriosam dolorem libero reiciendis.', 43, 'unavailable', '3.jpg', 558, '2020-04-18 10:12:06', '2020-04-18 10:12:06', NULL),
(292, 'nobis', 'Et esse mollitia omnis dolores. Cum aut ab rerum soluta quis eligendi.', 79, 'available', '2.jpg', 140, '2020-04-18 10:12:06', '2020-04-18 10:12:06', NULL),
(293, 'est', 'Ea et vel consequatur accusamus.', 71, 'unavailable', '2.jpg', 372, '2020-04-18 10:12:06', '2020-04-18 10:12:06', NULL),
(294, 'omnis', 'Doloribus sint enim amet minus.', 29, 'unavailable', '1.jpg', 327, '2020-04-18 10:12:06', '2020-04-18 10:12:06', NULL),
(295, 'expedita', 'Suscipit dolorem et nobis.', 64, 'available', '3.jpg', 100, '2020-04-18 10:12:06', '2020-04-18 10:12:06', NULL),
(296, 'consectetur', 'Fuga ratione consequatur dolorem eligendi ullam repellendus vero dolor. Inventore et amet delectus ratione fugiat voluptatem esse.', 28, 'unavailable', '1.jpg', 283, '2020-04-18 10:12:06', '2020-04-18 10:12:06', NULL),
(297, 'velit', 'Veniam occaecati quos necessitatibus deserunt consequatur. Sit molestiae aut nulla laborum.', 26, 'available', '1.jpg', 359, '2020-04-18 10:12:06', '2020-04-18 10:12:06', NULL);
INSERT INTO `products` (`id`, `name`, `description`, `quantity`, `status`, `image`, `seller_id`, `created_at`, `updated_at`, `deleted_at`) VALUES
(298, 'eos', 'Labore dolor ut minima perferendis nihil aliquam voluptas. Et tenetur iure perferendis.', 98, 'unavailable', '1.jpg', 800, '2020-04-18 10:12:06', '2020-04-18 10:12:06', NULL),
(299, 'vitae', 'Tempora porro architecto rerum perspiciatis maxime ducimus.', 43, 'unavailable', '1.jpg', 730, '2020-04-18 10:12:06', '2020-04-18 10:12:06', NULL),
(300, 'deserunt', 'Est et facere ex consectetur totam temporibus asperiores. Minima expedita exercitationem qui voluptas.', 1, 'unavailable', '1.jpg', 221, '2020-04-18 10:12:06', '2020-04-18 10:12:06', NULL),
(301, 'numquam', 'Nam sunt et quod perferendis. Veniam et repellat non fuga et perspiciatis iste.', 32, 'unavailable', '1.jpg', 106, '2020-04-18 10:12:06', '2020-04-18 10:12:06', NULL),
(302, 'impedit', 'Quo id est libero facere numquam alias.', 96, 'available', '1.jpg', 65, '2020-04-18 10:12:06', '2020-04-18 10:12:06', NULL),
(303, 'dolores', 'Est harum fugit consectetur mollitia in. Voluptatibus et cumque in.', 40, 'unavailable', '3.jpg', 225, '2020-04-18 10:12:06', '2020-04-18 10:12:06', NULL),
(304, 'ut', 'Est molestiae adipisci eveniet quos. Et vel vitae incidunt.', 77, 'unavailable', '1.jpg', 534, '2020-04-18 10:12:06', '2020-04-18 10:12:06', NULL),
(305, 'ipsa', 'Dolore cumque et iste omnis sequi. Voluptatum necessitatibus maxime tempore accusantium sit esse.', 84, 'available', '3.jpg', 29, '2020-04-18 10:12:06', '2020-04-18 10:12:06', NULL),
(306, 'ut', 'Deserunt pariatur excepturi tenetur odit odio adipisci eos.', 89, 'unavailable', '2.jpg', 694, '2020-04-18 10:12:06', '2020-04-18 10:12:06', NULL),
(307, 'qui', 'Eaque non facilis et magni nulla quia.', 39, 'available', '2.jpg', 728, '2020-04-18 10:12:06', '2020-04-18 10:12:06', NULL),
(308, 'distinctio', 'Vel enim beatae neque.', 53, 'unavailable', '1.jpg', 786, '2020-04-18 10:12:06', '2020-04-18 10:12:06', NULL),
(309, 'dolor', 'Qui et incidunt blanditiis ut eveniet. Ipsam numquam repellat eveniet quo.', 84, 'available', '2.jpg', 912, '2020-04-18 10:12:06', '2020-04-18 10:12:06', NULL),
(310, 'quia', 'Amet laboriosam odio minima enim quisquam. Voluptate corrupti dolores ipsa atque dolorem.', 82, 'unavailable', '2.jpg', 914, '2020-04-18 10:12:06', '2020-04-18 10:12:06', NULL),
(311, 'nostrum', 'Porro quae architecto eos placeat nesciunt voluptates. Autem consequuntur dolores dignissimos omnis tempore optio omnis.', 57, 'available', '1.jpg', 991, '2020-04-18 10:12:06', '2020-04-18 10:12:06', NULL),
(312, 'nobis', 'In sequi delectus sit ut consequatur et rerum a. Aut cum laudantium reiciendis nemo debitis ad.', 64, 'unavailable', '2.jpg', 277, '2020-04-18 10:12:06', '2020-04-18 10:12:06', NULL),
(313, 'et', 'Ullam aut et qui delectus voluptas culpa. Deserunt sed totam maiores saepe dolorem laborum et.', 27, 'unavailable', '1.jpg', 494, '2020-04-18 10:12:06', '2020-04-18 10:12:06', NULL),
(314, 'tempore', 'Omnis fugit sunt fugiat quasi et. Libero rem non vero delectus.', 74, 'available', '2.jpg', 7, '2020-04-18 10:12:06', '2020-04-18 10:12:06', NULL),
(315, 'vel', 'Sequi veniam maiores temporibus asperiores dolorem fugit.', 3, 'available', '2.jpg', 54, '2020-04-18 10:12:06', '2020-04-18 10:12:06', NULL),
(316, 'vero', 'Fuga est est consequuntur quia necessitatibus debitis alias. Est est sed et fugiat illo quidem doloribus.', 28, 'unavailable', '2.jpg', 369, '2020-04-18 10:12:06', '2020-04-18 10:12:06', NULL),
(317, 'ab', 'Incidunt ut sit accusamus magni ipsum. Sed suscipit voluptatem et dolores.', 31, 'unavailable', '3.jpg', 725, '2020-04-18 10:12:06', '2020-04-18 10:12:06', NULL),
(318, 'voluptas', 'Ea amet odio aut consequuntur deserunt accusamus. Molestias quos quo aut iste voluptatem rem hic id.', 76, 'available', '1.jpg', 889, '2020-04-18 10:12:06', '2020-04-18 10:12:06', NULL),
(319, 'iusto', 'Quia maxime qui soluta provident sint error. Mollitia voluptatem error in tenetur.', 68, 'available', '1.jpg', 972, '2020-04-18 10:12:06', '2020-04-18 10:12:06', NULL),
(320, 'ea', 'Quasi nisi in quae.', 5, 'unavailable', '3.jpg', 172, '2020-04-18 10:12:06', '2020-04-18 10:12:06', NULL),
(321, 'ullam', 'Quia vitae sed ea at ducimus doloribus accusamus. Atque rem voluptatibus repellat dolorum odit quo.', 81, 'unavailable', '1.jpg', 933, '2020-04-18 10:12:06', '2020-04-18 10:12:06', NULL),
(322, 'voluptas', 'Ad officia itaque voluptatem omnis.', 25, 'available', '3.jpg', 435, '2020-04-18 10:12:06', '2020-04-18 10:12:06', NULL),
(323, 'molestiae', 'Tenetur et dolorem ratione ut ut quibusdam voluptatem.', 97, 'unavailable', '3.jpg', 29, '2020-04-18 10:12:06', '2020-04-18 10:12:06', NULL),
(324, 'nostrum', 'Quae odio exercitationem voluptate veniam. Eum deleniti ut consequatur et.', 55, 'available', '1.jpg', 721, '2020-04-18 10:12:06', '2020-04-18 10:12:06', NULL),
(325, 'repellendus', 'Quia ipsum dolores sint. Voluptatem a dolorem aut delectus.', 56, 'unavailable', '3.jpg', 914, '2020-04-18 10:12:06', '2020-04-18 10:12:06', NULL),
(326, 'ipsum', 'Quis assumenda eos qui nobis et unde occaecati.', 19, 'unavailable', '1.jpg', 915, '2020-04-18 10:12:06', '2020-04-18 10:12:06', NULL),
(327, 'autem', 'Excepturi et tempora omnis.', 30, 'available', '1.jpg', 613, '2020-04-18 10:12:06', '2020-04-18 10:12:06', NULL),
(328, 'qui', 'Est nostrum unde velit omnis. Sit dignissimos et possimus nulla.', 89, 'available', '1.jpg', 93, '2020-04-18 10:12:06', '2020-04-18 10:12:06', NULL),
(329, 'voluptas', 'Consequatur iure voluptates est voluptas porro quam.', 17, 'unavailable', '3.jpg', 335, '2020-04-18 10:12:06', '2020-04-18 10:12:06', NULL),
(330, 'voluptate', 'Suscipit similique est eos delectus.', 56, 'available', '1.jpg', 615, '2020-04-18 10:12:06', '2020-04-18 10:12:06', NULL),
(331, 'sint', 'Est fuga voluptate dignissimos dolorum doloremque laborum voluptatum illum. Ut inventore doloribus sunt aut.', 90, 'available', '1.jpg', 422, '2020-04-18 10:12:06', '2020-04-18 10:12:06', NULL),
(332, 'in', 'Quod eius dolorum laboriosam nostrum molestiae amet qui. Reprehenderit consequatur enim dolorem quia odit explicabo nulla.', 3, 'unavailable', '2.jpg', 53, '2020-04-18 10:12:06', '2020-04-18 10:12:06', NULL),
(333, 'molestiae', 'Dolor voluptatem voluptatum commodi et vel aliquid.', 42, 'unavailable', '3.jpg', 899, '2020-04-18 10:12:06', '2020-04-18 10:12:06', NULL),
(334, 'voluptates', 'Totam ut rerum adipisci provident. Ipsam possimus ut necessitatibus consectetur.', 3, 'unavailable', '3.jpg', 346, '2020-04-18 10:12:06', '2020-04-18 10:12:06', NULL),
(335, 'sequi', 'Consequuntur vel illo totam fugit hic. Magnam voluptate repellendus facere architecto repellendus aut.', 68, 'available', '1.jpg', 672, '2020-04-18 10:12:06', '2020-04-18 10:12:06', NULL),
(336, 'iure', 'Sit ullam esse molestias est repellat. In enim voluptates ut tempora.', 57, 'available', '2.jpg', 321, '2020-04-18 10:12:06', '2020-04-18 10:12:06', NULL),
(337, 'tenetur', 'Consequatur cupiditate porro ipsam optio.', 5, 'unavailable', '1.jpg', 711, '2020-04-18 10:12:06', '2020-04-18 10:12:06', NULL),
(338, 'omnis', 'Veritatis aut sequi quas.', 40, 'unavailable', '3.jpg', 479, '2020-04-18 10:12:06', '2020-04-18 10:12:06', NULL),
(339, 'ut', 'Sed quia provident tempora itaque voluptates officia et dolor. Aut doloribus cupiditate soluta aperiam.', 37, 'available', '2.jpg', 423, '2020-04-18 10:12:06', '2020-04-18 10:12:06', NULL),
(340, 'quis', 'Non cum mollitia id voluptate. Deserunt impedit ex officiis voluptatem commodi eos.', 17, 'unavailable', '1.jpg', 95, '2020-04-18 10:12:06', '2020-04-18 10:12:06', NULL),
(341, 'est', 'Tempora tempora reprehenderit quisquam distinctio quos sint. Id nemo molestias recusandae voluptatem.', 85, 'unavailable', '3.jpg', 649, '2020-04-18 10:12:06', '2020-04-18 10:12:06', NULL),
(342, 'ea', 'Deserunt quia excepturi laudantium eum.', 25, 'available', '2.jpg', 842, '2020-04-18 10:12:06', '2020-04-18 10:12:06', NULL),
(343, 'sint', 'Aut voluptatem quas et dolore officiis.', 75, 'unavailable', '3.jpg', 117, '2020-04-18 10:12:06', '2020-04-18 10:12:06', NULL),
(344, 'voluptas', 'Ducimus aut esse magni.', 93, 'unavailable', '1.jpg', 570, '2020-04-18 10:12:06', '2020-04-18 10:12:06', NULL),
(345, 'et', 'Nemo quia quia suscipit facere fuga aspernatur. Labore magnam aut eum ea vitae minima tempora.', 77, 'available', '1.jpg', 757, '2020-04-18 10:12:06', '2020-04-18 10:12:06', NULL),
(346, 'nobis', 'Voluptas quo facere dolorem perspiciatis voluptates aut. Nisi et numquam neque aut provident eius.', 50, 'available', '1.jpg', 940, '2020-04-18 10:12:06', '2020-04-18 10:12:06', NULL),
(347, 'autem', 'Eum reiciendis qui corrupti minima quaerat rerum. Aliquid sed aut iusto labore.', 25, 'unavailable', '1.jpg', 458, '2020-04-18 10:12:06', '2020-04-18 10:12:06', NULL),
(348, 'ipsam', 'Ut et laboriosam repellendus eius sequi blanditiis placeat.', 34, 'available', '1.jpg', 456, '2020-04-18 10:12:06', '2020-04-18 10:12:06', NULL),
(349, 'rem', 'Delectus eum optio est aspernatur quasi corporis.', 16, 'available', '3.jpg', 792, '2020-04-18 10:12:06', '2020-04-18 10:12:06', NULL),
(350, 'rerum', 'Facere commodi consectetur debitis consectetur magni. Enim quis eos molestiae laborum non voluptas.', 14, 'unavailable', '2.jpg', 801, '2020-04-18 10:12:06', '2020-04-18 10:12:06', NULL),
(351, 'tempora', 'Debitis ut ut non.', 94, 'unavailable', '1.jpg', 166, '2020-04-18 10:12:06', '2020-04-18 10:12:06', NULL),
(352, 'culpa', 'Soluta a non cupiditate doloremque.', 48, 'unavailable', '3.jpg', 107, '2020-04-18 10:12:06', '2020-04-18 10:12:06', NULL),
(353, 'natus', 'Occaecati sit omnis voluptatem fuga error fugiat. Laudantium est quia eligendi libero dolores qui molestiae.', 74, 'available', '1.jpg', 672, '2020-04-18 10:12:06', '2020-04-18 10:12:06', NULL),
(354, 'aut', 'Ipsa consectetur esse laboriosam suscipit exercitationem sit. Velit est ut aliquid nostrum eaque aut.', 82, 'unavailable', '2.jpg', 639, '2020-04-18 10:12:06', '2020-04-18 10:12:06', NULL),
(355, 'nihil', 'Necessitatibus tempora nihil eaque.', 100, 'available', '2.jpg', 189, '2020-04-18 10:12:06', '2020-04-18 10:12:06', NULL),
(356, 'ducimus', 'Molestiae deserunt expedita assumenda provident sequi accusantium aut temporibus. Accusamus ut porro rerum ratione autem qui nulla cupiditate.', 81, 'available', '1.jpg', 299, '2020-04-18 10:12:06', '2020-04-18 10:12:06', NULL),
(357, 'tempora', 'Consequatur dolore ex mollitia sit at ipsam deserunt itaque. Sapiente dolores sequi suscipit non tempore eum distinctio.', 97, 'unavailable', '2.jpg', 377, '2020-04-18 10:12:06', '2020-04-18 10:12:06', NULL),
(358, 'voluptas', 'Qui molestias expedita ducimus quibusdam unde iure voluptate. Similique totam quia est sint nisi rem.', 48, 'unavailable', '3.jpg', 399, '2020-04-18 10:12:06', '2020-04-18 10:12:06', NULL),
(359, 'odit', 'Alias distinctio doloremque at laborum nesciunt mollitia autem. Ea sed laborum occaecati qui alias.', 13, 'available', '1.jpg', 863, '2020-04-18 10:12:06', '2020-04-18 10:12:06', NULL),
(360, 'architecto', 'Nulla vitae accusantium vel tempora voluptatem. Omnis fugit vel ducimus exercitationem labore.', 80, 'unavailable', '2.jpg', 435, '2020-04-18 10:12:06', '2020-04-18 10:12:06', NULL),
(361, 'ut', 'Molestiae aut non aut labore rerum autem.', 81, 'available', '2.jpg', 548, '2020-04-18 10:12:06', '2020-04-18 10:12:06', NULL),
(362, 'distinctio', 'Impedit alias quia consequatur sint.', 38, 'available', '1.jpg', 232, '2020-04-18 10:12:06', '2020-04-18 10:12:06', NULL),
(363, 'qui', 'Quo sit et sint magnam iusto.', 20, 'available', '3.jpg', 802, '2020-04-18 10:12:06', '2020-04-18 10:12:06', NULL),
(364, 'et', 'Aut qui et vero minus. Libero voluptatibus quia et suscipit tenetur ab.', 5, 'available', '2.jpg', 297, '2020-04-18 10:12:06', '2020-04-18 10:12:06', NULL),
(365, 'dolores', 'Quia omnis delectus ipsum ut quia ipsum quia. Et fugit ut maxime molestiae necessitatibus voluptatum ut sint.', 19, 'available', '3.jpg', 108, '2020-04-18 10:12:06', '2020-04-18 10:12:06', NULL),
(366, 'voluptatem', 'Aut odit enim magni accusamus non sit.', 35, 'available', '1.jpg', 36, '2020-04-18 10:12:06', '2020-04-18 10:12:06', NULL),
(367, 'omnis', 'Minima soluta deserunt autem amet.', 50, 'available', '3.jpg', 327, '2020-04-18 10:12:06', '2020-04-18 10:12:06', NULL),
(368, 'quisquam', 'Dolor asperiores distinctio deleniti harum dolore adipisci quam.', 94, 'unavailable', '1.jpg', 531, '2020-04-18 10:12:06', '2020-04-18 10:12:06', NULL),
(369, 'veniam', 'Aut qui ratione iste porro aut incidunt perferendis. Dicta mollitia dolor aut vitae autem ut.', 91, 'available', '2.jpg', 424, '2020-04-18 10:12:06', '2020-04-18 10:12:06', NULL),
(370, 'voluptatem', 'Officia repellendus doloribus perspiciatis voluptatum.', 84, 'available', '2.jpg', 261, '2020-04-18 10:12:06', '2020-04-18 10:12:06', NULL),
(371, 'iusto', 'Sint vel sit eveniet incidunt.', 60, 'unavailable', '2.jpg', 714, '2020-04-18 10:12:06', '2020-04-18 10:12:06', NULL),
(372, 'et', 'Ea facilis incidunt ea delectus nemo sed. Repudiandae maxime praesentium veniam aliquam iure culpa voluptas.', 64, 'unavailable', '1.jpg', 26, '2020-04-18 10:12:06', '2020-04-18 10:12:06', NULL),
(373, 'qui', 'Nihil id dolorem animi voluptatem provident.', 86, 'available', '2.jpg', 109, '2020-04-18 10:12:06', '2020-04-18 10:12:06', NULL),
(374, 'neque', 'Sit et molestiae quos at fugiat error ex.', 85, 'available', '1.jpg', 102, '2020-04-18 10:12:06', '2020-04-18 10:12:06', NULL),
(375, 'quia', 'Autem laboriosam alias ut tempora explicabo vitae quidem. Laboriosam iusto cum ex molestiae et.', 69, 'unavailable', '2.jpg', 696, '2020-04-18 10:12:06', '2020-04-18 10:12:06', NULL),
(376, 'sit', 'Molestiae laudantium et harum non.', 53, 'unavailable', '3.jpg', 719, '2020-04-18 10:12:06', '2020-04-18 10:12:06', NULL),
(377, 'praesentium', 'Blanditiis atque fugit nesciunt autem est explicabo. Nobis incidunt voluptate fuga.', 81, 'available', '3.jpg', 175, '2020-04-18 10:12:06', '2020-04-18 10:12:06', NULL),
(378, 'quas', 'Earum dolore ea cum reiciendis voluptas eos.', 22, 'unavailable', '3.jpg', 561, '2020-04-18 10:12:06', '2020-04-18 10:12:06', NULL),
(379, 'nisi', 'Quis earum sed quo occaecati saepe excepturi sequi. Et voluptatibus quia eligendi odit quasi eligendi.', 78, 'available', '3.jpg', 298, '2020-04-18 10:12:06', '2020-04-18 10:12:06', NULL),
(380, 'eveniet', 'Dignissimos quidem id modi quis. Illum sed quia aut.', 23, 'unavailable', '1.jpg', 864, '2020-04-18 10:12:06', '2020-04-18 10:12:06', NULL),
(381, 'fugiat', 'Et architecto qui praesentium voluptatem.', 38, 'available', '3.jpg', 830, '2020-04-18 10:12:06', '2020-04-18 10:12:06', NULL),
(382, 'ut', 'In animi omnis voluptatem at. Qui eum ut aut ab nulla.', 99, 'unavailable', '3.jpg', 2, '2020-04-18 10:12:06', '2020-04-18 10:12:06', NULL),
(383, 'rerum', 'Temporibus voluptatem omnis odio sed dolorum. Qui voluptatibus et voluptas sit iste.', 70, 'available', '1.jpg', 714, '2020-04-18 10:12:06', '2020-04-18 10:12:06', NULL),
(384, 'totam', 'Nulla cupiditate vel minima tempore. Ipsum quo nobis quasi eos qui amet.', 59, 'available', '1.jpg', 748, '2020-04-18 10:12:06', '2020-04-18 10:12:06', NULL),
(385, 'temporibus', 'Velit architecto dolores quis atque facere tenetur.', 63, 'available', '2.jpg', 317, '2020-04-18 10:12:06', '2020-04-18 10:12:06', NULL),
(386, 'reprehenderit', 'Dolor distinctio repellendus explicabo quod pariatur placeat. Ut et enim aut fuga ullam.', 5, 'available', '2.jpg', 867, '2020-04-18 10:12:06', '2020-04-18 10:12:06', NULL),
(387, 'ut', 'Officiis voluptas expedita aut officia pariatur ex.', 98, 'available', '1.jpg', 828, '2020-04-18 10:12:06', '2020-04-18 10:12:06', NULL),
(388, 'laboriosam', 'Magni dolorum et sed nihil. Ducimus sit dignissimos ipsa.', 69, 'available', '3.jpg', 312, '2020-04-18 10:12:06', '2020-04-18 10:12:06', NULL),
(389, 'facilis', 'Porro omnis rerum animi eveniet assumenda itaque. Vel voluptatum unde nostrum facere.', 89, 'unavailable', '2.jpg', 715, '2020-04-18 10:12:06', '2020-04-18 10:12:06', NULL),
(390, 'ea', 'Qui modi id voluptatibus doloribus.', 35, 'available', '1.jpg', 361, '2020-04-18 10:12:06', '2020-04-18 10:12:06', NULL),
(391, 'asperiores', 'Nesciunt velit aliquid quaerat exercitationem quisquam et natus. Sequi aperiam quos aut alias sit quis.', 56, 'available', '3.jpg', 279, '2020-04-18 10:12:06', '2020-04-18 10:12:06', NULL),
(392, 'repellat', 'Nihil rem molestias vero.', 80, 'available', '3.jpg', 567, '2020-04-18 10:12:06', '2020-04-18 10:12:06', NULL),
(393, 'est', 'Rerum aut sit est sed non aspernatur. A repellat illum distinctio fuga tempora in rerum rerum.', 34, 'available', '2.jpg', 872, '2020-04-18 10:12:06', '2020-04-18 10:12:06', NULL),
(394, 'cupiditate', 'Est magni amet odio ipsum aut sed aut. Voluptatem cupiditate est iusto.', 86, 'available', '1.jpg', 340, '2020-04-18 10:12:06', '2020-04-18 10:12:06', NULL),
(395, 'pariatur', 'Quia veritatis cum sunt dolores. Hic ut aliquam dolorum consequuntur voluptatem.', 32, 'unavailable', '3.jpg', 1000, '2020-04-18 10:12:06', '2020-04-18 10:12:06', NULL),
(396, 'quis', 'Nam corporis ratione doloribus in ut quidem. Harum qui nulla delectus odio.', 63, 'unavailable', '2.jpg', 71, '2020-04-18 10:12:06', '2020-04-18 10:12:06', NULL),
(397, 'officia', 'Quis cum asperiores et consectetur quos assumenda.', 18, 'unavailable', '1.jpg', 210, '2020-04-18 10:12:06', '2020-04-18 10:12:06', NULL),
(398, 'dolore', 'Qui eos corporis voluptas enim rem eaque blanditiis. Dolores eum quasi velit rerum ea sit tempore aperiam.', 44, 'available', '1.jpg', 396, '2020-04-18 10:12:06', '2020-04-18 10:12:06', NULL),
(399, 'voluptatem', 'Dolorem sit dignissimos quia non ea non. Perferendis doloremque corporis quo qui enim perferendis itaque.', 31, 'unavailable', '1.jpg', 110, '2020-04-18 10:12:06', '2020-04-18 10:12:06', NULL),
(400, 'error', 'Ratione nam nostrum sed qui.', 72, 'available', '1.jpg', 473, '2020-04-18 10:12:06', '2020-04-18 10:12:06', NULL),
(401, 'ipsa', 'Et eligendi nihil et pariatur nihil autem.', 50, 'available', '1.jpg', 236, '2020-04-18 10:12:06', '2020-04-18 10:12:06', NULL),
(402, 'ab', 'Sed deserunt ut dolorem nemo sunt sit accusantium dolorum.', 4, 'available', '3.jpg', 408, '2020-04-18 10:12:06', '2020-04-18 10:12:06', NULL),
(403, 'nesciunt', 'Ipsa sit quis amet aspernatur molestias quod molestiae. Voluptatem rerum nulla expedita molestiae.', 57, 'unavailable', '3.jpg', 950, '2020-04-18 10:12:06', '2020-04-18 10:12:06', NULL),
(404, 'enim', 'Ut quasi sapiente rerum quis quod deleniti laborum.', 59, 'available', '3.jpg', 935, '2020-04-18 10:12:06', '2020-04-18 10:12:06', NULL),
(405, 'maxime', 'Praesentium nobis quisquam dignissimos et adipisci nulla suscipit. Facilis ut facere id veniam laboriosam.', 7, 'available', '3.jpg', 895, '2020-04-18 10:12:06', '2020-04-18 10:12:06', NULL),
(406, 'incidunt', 'Culpa et sed ad suscipit ratione. Tempore quidem officiis debitis.', 58, 'unavailable', '3.jpg', 747, '2020-04-18 10:12:06', '2020-04-18 10:12:06', NULL),
(407, 'dicta', 'Explicabo et totam maxime autem voluptatum. Reprehenderit velit eum consectetur rerum.', 2, 'available', '3.jpg', 421, '2020-04-18 10:12:06', '2020-04-18 10:12:06', NULL),
(408, 'cupiditate', 'Architecto voluptatibus dignissimos optio numquam porro. Magni nisi exercitationem ut laudantium a possimus.', 4, 'unavailable', '3.jpg', 567, '2020-04-18 10:12:06', '2020-04-18 10:12:06', NULL),
(409, 'ut', 'Voluptatibus et nesciunt eos sit molestiae.', 1, 'unavailable', '3.jpg', 679, '2020-04-18 10:12:06', '2020-04-18 10:12:06', NULL),
(410, 'dolores', 'Ut et eum facere dolores ullam. Ea architecto quod eius quas vel nulla minus provident.', 52, 'available', '2.jpg', 965, '2020-04-18 10:12:06', '2020-04-18 10:12:06', NULL),
(411, 'repellat', 'Esse incidunt suscipit similique tenetur.', 36, 'unavailable', '3.jpg', 68, '2020-04-18 10:12:06', '2020-04-18 10:12:06', NULL),
(412, 'ea', 'Esse itaque id et inventore tenetur voluptatum harum blanditiis.', 74, 'available', '3.jpg', 25, '2020-04-18 10:12:06', '2020-04-18 10:12:06', NULL),
(413, 'iure', 'Non quidem quaerat et aut enim ea.', 41, 'available', '3.jpg', 456, '2020-04-18 10:12:06', '2020-04-18 10:12:06', NULL),
(414, 'voluptate', 'Eligendi natus excepturi modi qui. Iure voluptatem rem suscipit et.', 76, 'unavailable', '1.jpg', 424, '2020-04-18 10:12:06', '2020-04-18 10:12:06', NULL),
(415, 'corrupti', 'A id aut voluptas voluptate ab. Harum facere aut dolores consectetur nesciunt nesciunt eius.', 84, 'available', '1.jpg', 581, '2020-04-18 10:12:06', '2020-04-18 10:12:06', NULL),
(416, 'corporis', 'At aperiam voluptatum asperiores et dolores.', 93, 'unavailable', '2.jpg', 154, '2020-04-18 10:12:06', '2020-04-18 10:12:06', NULL),
(417, 'molestiae', 'Dolorum officia libero harum voluptas et. Illum autem itaque voluptas fuga mollitia ullam aut sequi.', 75, 'available', '3.jpg', 399, '2020-04-18 10:12:06', '2020-04-18 10:12:06', NULL),
(418, 'delectus', 'Nisi expedita explicabo consequatur dolor aspernatur ab dolorem et. Necessitatibus amet aut atque praesentium nulla vel.', 58, 'unavailable', '3.jpg', 964, '2020-04-18 10:12:06', '2020-04-18 10:12:06', NULL),
(419, 'fuga', 'Modi aperiam mollitia impedit.', 23, 'available', '3.jpg', 67, '2020-04-18 10:12:06', '2020-04-18 10:12:06', NULL),
(420, 'impedit', 'Reprehenderit porro sit autem dignissimos dolorem.', 18, 'available', '2.jpg', 262, '2020-04-18 10:12:06', '2020-04-18 10:12:06', NULL),
(421, 'reiciendis', 'Eum quia molestiae assumenda sit rerum officia necessitatibus.', 58, 'unavailable', '1.jpg', 108, '2020-04-18 10:12:06', '2020-04-18 10:12:06', NULL),
(422, 'dignissimos', 'Eveniet voluptas velit aut delectus qui aliquam. Autem ad commodi dolores in at.', 24, 'unavailable', '3.jpg', 688, '2020-04-18 10:12:06', '2020-04-18 10:12:06', NULL),
(423, 'totam', 'Voluptas iste neque itaque ducimus fugiat ad consequatur. Qui sed voluptate ullam quos qui tenetur ut.', 76, 'available', '2.jpg', 482, '2020-04-18 10:12:06', '2020-04-18 10:12:06', NULL),
(424, 'totam', 'Consequuntur est autem odio error eaque aut quia. Possimus aut placeat nihil vel illo.', 53, 'unavailable', '1.jpg', 421, '2020-04-18 10:12:06', '2020-04-18 10:12:06', NULL),
(425, 'numquam', 'Assumenda molestias ea qui itaque laboriosam itaque tempore rerum.', 36, 'available', '3.jpg', 589, '2020-04-18 10:12:06', '2020-04-18 10:12:06', NULL),
(426, 'facilis', 'Optio labore minus dolorum necessitatibus eius cum.', 99, 'unavailable', '3.jpg', 764, '2020-04-18 10:12:06', '2020-04-18 10:12:06', NULL),
(427, 'sed', 'Et quidem minima dolores nemo.', 53, 'unavailable', '3.jpg', 423, '2020-04-18 10:12:06', '2020-04-18 10:12:06', NULL),
(428, 'sed', 'Aut laboriosam esse rerum velit voluptates molestiae sed. Voluptatem et illo suscipit et et ipsa nostrum.', 2, 'available', '3.jpg', 666, '2020-04-18 10:12:06', '2020-04-18 10:12:06', NULL),
(429, 'optio', 'Quae quibusdam rem sint.', 45, 'available', '2.jpg', 319, '2020-04-18 10:12:06', '2020-04-18 10:12:06', NULL),
(430, 'nemo', 'Et odit numquam cupiditate eligendi et ut voluptatem minus.', 99, 'available', '3.jpg', 173, '2020-04-18 10:12:06', '2020-04-18 10:12:06', NULL),
(431, 'eum', 'Non quod id doloremque sint.', 55, 'unavailable', '2.jpg', 586, '2020-04-18 10:12:06', '2020-04-18 10:12:06', NULL),
(432, 'architecto', 'Quas quia expedita nulla ut eaque consequuntur quae quas.', 41, 'available', '3.jpg', 188, '2020-04-18 10:12:06', '2020-04-18 10:12:06', NULL),
(433, 'aut', 'Est voluptatem officia quia. Vel aliquam non laboriosam ducimus aliquid id.', 94, 'unavailable', '1.jpg', 389, '2020-04-18 10:12:06', '2020-04-18 10:12:06', NULL),
(434, 'nulla', 'Incidunt quia sit enim dignissimos aut eius.', 26, 'available', '1.jpg', 114, '2020-04-18 10:12:06', '2020-04-18 10:12:06', NULL),
(435, 'sint', 'Aspernatur odit aut repellat quod sint ipsum. Magnam dolore accusamus est quis quos praesentium consequuntur.', 40, 'available', '2.jpg', 428, '2020-04-18 10:12:06', '2020-04-18 10:12:06', NULL),
(436, 'eligendi', 'Quam nihil qui doloremque odit.', 29, 'available', '3.jpg', 115, '2020-04-18 10:12:06', '2020-04-18 10:12:06', NULL),
(437, 'veritatis', 'Velit est molestiae dolorum aliquam. Aperiam sapiente beatae maxime unde amet.', 73, 'available', '1.jpg', 830, '2020-04-18 10:12:06', '2020-04-18 10:12:06', NULL),
(438, 'quas', 'Recusandae beatae occaecati aut.', 63, 'unavailable', '1.jpg', 915, '2020-04-18 10:12:06', '2020-04-18 10:12:06', NULL),
(439, 'natus', 'Deleniti et et culpa sed architecto.', 85, 'available', '3.jpg', 132, '2020-04-18 10:12:06', '2020-04-18 10:12:06', NULL),
(440, 'necessitatibus', 'Ad blanditiis voluptas consequatur consequatur non qui aut. Qui sed mollitia consequatur sunt rem.', 55, 'available', '2.jpg', 316, '2020-04-18 10:12:06', '2020-04-18 10:12:06', NULL),
(441, 'quisquam', 'Molestiae est assumenda aut vero aut quas. Magnam et non dolores doloremque.', 22, 'unavailable', '2.jpg', 201, '2020-04-18 10:12:06', '2020-04-18 10:12:06', NULL),
(442, 'totam', 'Temporibus earum corporis mollitia eveniet rem consequuntur harum.', 82, 'available', '2.jpg', 225, '2020-04-18 10:12:06', '2020-04-18 10:12:06', NULL),
(443, 'aliquid', 'Sit ipsam sequi earum dolores autem porro eius. Explicabo est nihil praesentium aut.', 68, 'unavailable', '2.jpg', 807, '2020-04-18 10:12:06', '2020-04-18 10:12:06', NULL),
(444, 'quidem', 'In aut qui voluptatum fugiat. At id praesentium placeat sit.', 25, 'available', '3.jpg', 99, '2020-04-18 10:12:06', '2020-04-18 10:12:06', NULL),
(445, 'iste', 'Neque deserunt recusandae illo cum.', 96, 'unavailable', '2.jpg', 698, '2020-04-18 10:12:06', '2020-04-18 10:12:06', NULL),
(446, 'earum', 'Ut repellendus dolores aliquam consequatur eum. Omnis dolores est necessitatibus odio aliquam.', 86, 'available', '3.jpg', 407, '2020-04-18 10:12:06', '2020-04-18 10:12:06', NULL),
(447, 'excepturi', 'Dolore molestiae cumque hic omnis. Nisi magni ad qui non ut occaecati non.', 70, 'available', '2.jpg', 205, '2020-04-18 10:12:06', '2020-04-18 10:12:06', NULL),
(448, 'in', 'Quas et quod est iste et temporibus. Sunt nisi ducimus tempora qui sunt harum.', 58, 'unavailable', '3.jpg', 372, '2020-04-18 10:12:06', '2020-04-18 10:12:06', NULL),
(449, 'tempore', 'Ab cum qui consequatur ratione quod eveniet ut.', 42, 'available', '3.jpg', 529, '2020-04-18 10:12:06', '2020-04-18 10:12:06', NULL),
(450, 'quia', 'A maiores vel et quis ab.', 49, 'available', '1.jpg', 665, '2020-04-18 10:12:06', '2020-04-18 10:12:06', NULL),
(451, 'sunt', 'Enim alias rem beatae atque veniam aliquam.', 78, 'unavailable', '1.jpg', 241, '2020-04-18 10:12:06', '2020-04-18 10:12:06', NULL),
(452, 'molestias', 'Optio id ut sit eum.', 94, 'available', '3.jpg', 821, '2020-04-18 10:12:06', '2020-04-18 10:12:06', NULL),
(453, 'non', 'Aut qui sint aspernatur officia totam consectetur quisquam.', 93, 'available', '2.jpg', 576, '2020-04-18 10:12:06', '2020-04-18 10:12:06', NULL),
(454, 'consequatur', 'Sunt enim et veniam perferendis qui. Ducimus ut mollitia et mollitia.', 35, 'unavailable', '1.jpg', 831, '2020-04-18 10:12:06', '2020-04-18 10:12:06', NULL),
(455, 'magnam', 'Velit in est nihil inventore sint illum voluptatibus et.', 1, 'unavailable', '2.jpg', 896, '2020-04-18 10:12:06', '2020-04-18 10:12:06', NULL),
(456, 'dolorem', 'Excepturi fugiat ad ab omnis accusamus velit. Qui molestias illum optio rem laborum repellat et odio.', 59, 'available', '2.jpg', 474, '2020-04-18 10:12:06', '2020-04-18 10:12:06', NULL),
(457, 'repudiandae', 'Saepe quo ut temporibus sit ut ipsum praesentium. Dignissimos rerum autem et rerum.', 69, 'available', '1.jpg', 765, '2020-04-18 10:12:06', '2020-04-18 10:12:06', NULL),
(458, 'illum', 'Dolorem ipsum ullam nesciunt aut dignissimos molestias. Culpa repellendus autem quia amet architecto voluptatem.', 31, 'available', '3.jpg', 763, '2020-04-18 10:12:06', '2020-04-18 10:12:06', NULL),
(459, 'aut', 'Nulla aliquid aliquam hic adipisci in omnis tempora.', 62, 'available', '1.jpg', 363, '2020-04-18 10:12:06', '2020-04-18 10:12:06', NULL),
(460, 'eos', 'Cumque aut non et quisquam qui.', 11, 'unavailable', '3.jpg', 832, '2020-04-18 10:12:06', '2020-04-18 10:12:06', NULL),
(461, 'aut', 'Enim perspiciatis quo nisi aut. Quis consequatur at enim qui saepe provident.', 51, 'unavailable', '1.jpg', 304, '2020-04-18 10:12:06', '2020-04-18 10:12:06', NULL),
(462, 'aut', 'Illo vitae natus repellendus eius possimus saepe porro. Et sint aut consequatur numquam quos.', 15, 'available', '3.jpg', 282, '2020-04-18 10:12:06', '2020-04-18 10:12:06', NULL),
(463, 'aliquam', 'Qui quo et ipsa dicta doloremque amet.', 70, 'unavailable', '2.jpg', 164, '2020-04-18 10:12:06', '2020-04-18 10:12:06', NULL),
(464, 'voluptatem', 'Non possimus nostrum non mollitia. Eveniet tenetur dolorum voluptas eius eum ea sunt libero.', 62, 'unavailable', '2.jpg', 933, '2020-04-18 10:12:06', '2020-04-18 10:12:06', NULL),
(465, 'omnis', 'Fuga quia eum accusantium sequi est. Ex et aut blanditiis ipsa sapiente enim aut.', 25, 'unavailable', '3.jpg', 811, '2020-04-18 10:12:06', '2020-04-18 10:12:06', NULL),
(466, 'iusto', 'Repudiandae dignissimos distinctio omnis aperiam est facere.', 75, 'unavailable', '2.jpg', 635, '2020-04-18 10:12:06', '2020-04-18 10:12:06', NULL),
(467, 'delectus', 'Voluptatem nam nisi at maxime rerum.', 17, 'available', '3.jpg', 88, '2020-04-18 10:12:06', '2020-04-18 10:12:06', NULL),
(468, 'eveniet', 'Nulla dolor rem architecto neque rem deleniti. Ad quo aut quia recusandae eligendi.', 70, 'available', '3.jpg', 476, '2020-04-18 10:12:06', '2020-04-18 10:12:06', NULL),
(469, 'architecto', 'Commodi accusantium omnis quaerat molestiae quasi sint molestias.', 58, 'available', '3.jpg', 398, '2020-04-18 10:12:06', '2020-04-18 10:12:06', NULL),
(470, 'asperiores', 'Quis aperiam quia quia autem.', 40, 'available', '1.jpg', 43, '2020-04-18 10:12:06', '2020-04-18 10:12:06', NULL),
(471, 'iste', 'Sed sed rerum maiores nam iusto quis. Nihil molestiae non consectetur sunt consectetur ad.', 85, 'unavailable', '1.jpg', 960, '2020-04-18 10:12:06', '2020-04-18 10:12:06', NULL),
(472, 'non', 'Voluptatem hic iure aliquid aut cum.', 65, 'available', '1.jpg', 992, '2020-04-18 10:12:06', '2020-04-18 10:12:06', NULL),
(473, 'perferendis', 'Ad velit repudiandae nihil.', 29, 'unavailable', '2.jpg', 344, '2020-04-18 10:12:06', '2020-04-18 10:12:06', NULL),
(474, 'mollitia', 'Similique et laudantium nihil exercitationem harum est non vero. Sunt nesciunt et aut consequatur rerum cupiditate velit.', 4, 'available', '1.jpg', 994, '2020-04-18 10:12:06', '2020-04-18 10:12:06', NULL),
(475, 'nemo', 'Velit dolor harum quia eos.', 38, 'unavailable', '2.jpg', 755, '2020-04-18 10:12:06', '2020-04-18 10:12:06', NULL),
(476, 'ratione', 'Assumenda laudantium sed rerum et perspiciatis ut sunt cum. Ab beatae nihil aut.', 56, 'unavailable', '2.jpg', 842, '2020-04-18 10:12:06', '2020-04-18 10:12:06', NULL),
(477, 'quisquam', 'Dolorem molestiae voluptatem quam consequuntur corporis. Repellendus mollitia ipsum dolores dicta vel est.', 67, 'unavailable', '3.jpg', 259, '2020-04-18 10:12:06', '2020-04-18 10:12:06', NULL),
(478, 'voluptas', 'Qui delectus id accusamus quis consectetur nihil. Quidem odio maiores et nostrum perferendis natus placeat in.', 36, 'unavailable', '3.jpg', 484, '2020-04-18 10:12:06', '2020-04-18 10:12:06', NULL),
(479, 'eius', 'Dolorem atque qui harum numquam excepturi earum.', 17, 'available', '3.jpg', 184, '2020-04-18 10:12:06', '2020-04-18 10:12:06', NULL),
(480, 'sed', 'Vel exercitationem cum quod libero minus dolor ea.', 88, 'unavailable', '2.jpg', 834, '2020-04-18 10:12:06', '2020-04-18 10:12:06', NULL),
(481, 'non', 'Rem quaerat voluptates et deserunt.', 83, 'available', '3.jpg', 168, '2020-04-18 10:12:06', '2020-04-18 10:12:06', NULL),
(482, 'aut', 'Voluptatibus ipsa velit aut blanditiis consequuntur magnam inventore molestiae.', 38, 'available', '3.jpg', 956, '2020-04-18 10:12:06', '2020-04-18 10:12:06', NULL),
(483, 'quae', 'Hic ducimus voluptatem quia facere.', 20, 'unavailable', '2.jpg', 901, '2020-04-18 10:12:06', '2020-04-18 10:12:06', NULL),
(484, 'maxime', 'Rerum soluta nihil ex voluptas nulla et cupiditate.', 26, 'unavailable', '2.jpg', 71, '2020-04-18 10:12:06', '2020-04-18 10:12:06', NULL),
(485, 'eveniet', 'Voluptates omnis eos impedit quo. At qui ex quisquam eos.', 24, 'unavailable', '1.jpg', 549, '2020-04-18 10:12:06', '2020-04-18 10:12:06', NULL),
(486, 'qui', 'Id quisquam maiores ad earum quibusdam ipsam dolorum debitis. Rerum praesentium dolorum qui eos numquam.', 10, 'available', '3.jpg', 81, '2020-04-18 10:12:06', '2020-04-18 10:12:06', NULL),
(487, 'voluptates', 'Quis est optio sit non qui.', 18, 'unavailable', '1.jpg', 762, '2020-04-18 10:12:06', '2020-04-18 10:12:06', NULL),
(488, 'quae', 'Qui velit dolor omnis provident quia itaque ut voluptatem. Ratione dicta expedita est voluptatem excepturi consequatur.', 74, 'available', '1.jpg', 303, '2020-04-18 10:12:06', '2020-04-18 10:12:06', NULL),
(489, 'quo', 'Voluptatem quia ut repudiandae eum.', 60, 'available', '1.jpg', 954, '2020-04-18 10:12:06', '2020-04-18 10:12:06', NULL),
(490, 'sint', 'Et iusto doloremque aperiam nisi. Eum est tempora placeat praesentium.', 65, 'available', '2.jpg', 317, '2020-04-18 10:12:06', '2020-04-18 10:12:06', NULL),
(491, 'tenetur', 'Pariatur dolor possimus itaque ut inventore saepe.', 94, 'available', '2.jpg', 895, '2020-04-18 10:12:06', '2020-04-18 10:12:06', NULL),
(492, 'facere', 'Vitae neque quis quo velit sed quas pariatur. Ea voluptatem eos itaque inventore velit magnam.', 43, 'available', '3.jpg', 292, '2020-04-18 10:12:06', '2020-04-18 10:12:06', NULL),
(493, 'tenetur', 'In eaque fugit consectetur eius earum. Voluptatem voluptatem dignissimos ullam a cum.', 87, 'available', '1.jpg', 372, '2020-04-18 10:12:06', '2020-04-18 10:12:06', NULL),
(494, 'omnis', 'Pariatur illum vel ullam repellendus. Qui architecto cum est molestias eos.', 39, 'available', '2.jpg', 423, '2020-04-18 10:12:06', '2020-04-18 10:12:06', NULL),
(495, 'qui', 'Sed ea id eos voluptas nesciunt dolor.', 29, 'unavailable', '3.jpg', 265, '2020-04-18 10:12:06', '2020-04-18 10:12:06', NULL),
(496, 'alias', 'Fuga quo hic fuga omnis eaque. Similique sit pariatur ut numquam.', 14, 'available', '3.jpg', 93, '2020-04-18 10:12:06', '2020-04-18 10:12:06', NULL),
(497, 'sint', 'Alias quo nostrum dolorem. Est id ut excepturi reiciendis commodi voluptatem odit.', 7, 'unavailable', '3.jpg', 116, '2020-04-18 10:12:06', '2020-04-18 10:12:06', NULL),
(498, 'eveniet', 'Consequatur rerum quo doloremque sed.', 96, 'unavailable', '3.jpg', 777, '2020-04-18 10:12:06', '2020-04-18 10:12:06', NULL),
(499, 'non', 'Ut assumenda quis id explicabo eligendi quo sint.', 87, 'available', '3.jpg', 252, '2020-04-18 10:12:06', '2020-04-18 10:12:06', NULL),
(500, 'laborum', 'Qui laudantium delectus possimus sit autem.', 55, 'unavailable', '1.jpg', 678, '2020-04-18 10:12:06', '2020-04-18 10:12:06', NULL),
(501, 'consequatur', 'Suscipit odio voluptas praesentium molestiae aut incidunt ut.', 46, 'unavailable', '2.jpg', 485, '2020-04-18 10:12:06', '2020-04-18 10:12:06', NULL),
(502, 'ratione', 'Facere sit aliquam laudantium eius possimus. Et aut minima et aut hic.', 93, 'available', '1.jpg', 985, '2020-04-18 10:12:06', '2020-04-18 10:12:06', NULL),
(503, 'voluptatibus', 'Rerum aut ea quibusdam non neque sint. Voluptates dolor eveniet ut ut sunt voluptatem cum.', 82, 'available', '1.jpg', 385, '2020-04-18 10:12:06', '2020-04-18 10:12:06', NULL),
(504, 'velit', 'Tempora ducimus aut nostrum rerum voluptatem et. Iusto occaecati dolore sint illo quam et itaque.', 15, 'unavailable', '3.jpg', 517, '2020-04-18 10:12:06', '2020-04-18 10:12:06', NULL),
(505, 'eum', 'Voluptatibus labore velit qui tenetur facilis quod.', 34, 'unavailable', '3.jpg', 146, '2020-04-18 10:12:06', '2020-04-18 10:12:06', NULL),
(506, 'non', 'Accusamus delectus quo culpa quisquam quisquam. Libero sint dolorem error est.', 20, 'unavailable', '3.jpg', 979, '2020-04-18 10:12:06', '2020-04-18 10:12:06', NULL),
(507, 'voluptatem', 'Placeat rerum nobis voluptates.', 31, 'available', '2.jpg', 721, '2020-04-18 10:12:06', '2020-04-18 10:12:06', NULL),
(508, 'optio', 'Et impedit qui ipsam.', 57, 'available', '3.jpg', 391, '2020-04-18 10:12:06', '2020-04-18 10:12:06', NULL),
(509, 'beatae', 'Consequatur assumenda laudantium ea.', 2, 'available', '1.jpg', 953, '2020-04-18 10:12:06', '2020-04-18 10:12:06', NULL),
(510, 'magnam', 'Sint est eos quaerat optio animi distinctio rerum.', 9, 'available', '2.jpg', 67, '2020-04-18 10:12:06', '2020-04-18 10:12:06', NULL),
(511, 'aut', 'Qui nobis doloremque explicabo nam ea ut quo.', 59, 'unavailable', '3.jpg', 88, '2020-04-18 10:12:06', '2020-04-18 10:12:06', NULL),
(512, 'a', 'Neque blanditiis excepturi laudantium voluptatum. Corrupti rerum omnis voluptatem aut.', 61, 'available', '2.jpg', 544, '2020-04-18 10:12:06', '2020-04-18 10:12:06', NULL),
(513, 'quo', 'Voluptatem nobis consectetur alias aut nesciunt ipsum.', 10, 'unavailable', '1.jpg', 641, '2020-04-18 10:12:06', '2020-04-18 10:12:06', NULL),
(514, 'recusandae', 'Qui eveniet odit vero amet dolore est magni.', 6, 'unavailable', '2.jpg', 138, '2020-04-18 10:12:06', '2020-04-18 10:12:06', NULL),
(515, 'quis', 'Qui magni ut quasi iste ratione.', 60, 'unavailable', '2.jpg', 374, '2020-04-18 10:12:06', '2020-04-18 10:12:06', NULL),
(516, 'vero', 'Aut rerum aliquid ducimus nostrum itaque molestiae a.', 42, 'available', '1.jpg', 41, '2020-04-18 10:12:06', '2020-04-18 10:12:06', NULL),
(517, 'perspiciatis', 'Ut in id voluptate eaque possimus nesciunt facilis.', 29, 'available', '2.jpg', 561, '2020-04-18 10:12:06', '2020-04-18 10:12:06', NULL),
(518, 'accusamus', 'Placeat consectetur totam distinctio debitis et magni. Laboriosam enim aliquid commodi saepe qui quia.', 6, 'available', '1.jpg', 943, '2020-04-18 10:12:06', '2020-04-18 10:12:06', NULL),
(519, 'qui', 'Illum temporibus libero temporibus accusamus adipisci. Esse debitis architecto autem velit repellat et.', 48, 'available', '3.jpg', 67, '2020-04-18 10:12:06', '2020-04-18 10:12:06', NULL),
(520, 'a', 'Dolor eius omnis minima quo at ab rerum.', 5, 'unavailable', '3.jpg', 166, '2020-04-18 10:12:06', '2020-04-18 10:12:06', NULL),
(521, 'soluta', 'Aspernatur accusantium amet est. Iure ut facere aliquam molestiae qui facilis tempore impedit.', 58, 'unavailable', '2.jpg', 407, '2020-04-18 10:12:06', '2020-04-18 10:12:06', NULL),
(522, 'hic', 'Corrupti voluptatem deserunt maxime vero a.', 8, 'unavailable', '1.jpg', 30, '2020-04-18 10:12:06', '2020-04-18 10:12:06', NULL),
(523, 'aut', 'Sunt facilis cupiditate in assumenda numquam consequatur velit. Voluptas labore modi et.', 55, 'unavailable', '2.jpg', 664, '2020-04-18 10:12:06', '2020-04-18 10:12:06', NULL),
(524, 'nihil', 'Debitis ea molestias rerum delectus a corporis facilis.', 53, 'available', '1.jpg', 900, '2020-04-18 10:12:06', '2020-04-18 10:12:06', NULL),
(525, 'ut', 'Aut eos ducimus ex eum iure.', 65, 'available', '1.jpg', 654, '2020-04-18 10:12:06', '2020-04-18 10:12:06', NULL),
(526, 'libero', 'Eius laborum qui qui.', 27, 'available', '2.jpg', 214, '2020-04-18 10:12:06', '2020-04-18 10:12:06', NULL),
(527, 'aut', 'Voluptatem dicta illo blanditiis molestiae qui expedita.', 95, 'unavailable', '2.jpg', 965, '2020-04-18 10:12:06', '2020-04-18 10:12:06', NULL),
(528, 'animi', 'Omnis blanditiis maxime debitis ipsam at fuga consequuntur est.', 84, 'unavailable', '2.jpg', 962, '2020-04-18 10:12:06', '2020-04-18 10:12:06', NULL),
(529, 'cum', 'Quia aut voluptate fuga optio architecto nihil accusantium. Vel et possimus quo sunt quasi.', 30, 'unavailable', '1.jpg', 900, '2020-04-18 10:12:06', '2020-04-18 10:12:06', NULL),
(530, 'necessitatibus', 'Maxime quis dolorem necessitatibus omnis doloribus. Aliquam non quia id sint voluptatem.', 48, 'available', '2.jpg', 298, '2020-04-18 10:12:06', '2020-04-18 10:12:06', NULL),
(531, 'dicta', 'Accusantium facilis quis ex omnis placeat a doloremque. Voluptates ipsam tempora sed omnis totam eaque dolore.', 78, 'available', '1.jpg', 666, '2020-04-18 10:12:06', '2020-04-18 10:12:06', NULL),
(532, 'amet', 'Aperiam ullam vero cumque quaerat. Nostrum labore dolores nam eveniet dicta.', 80, 'available', '2.jpg', 162, '2020-04-18 10:12:06', '2020-04-18 10:12:06', NULL),
(533, 'autem', 'Harum odio ea quisquam tempore nam odio quaerat.', 9, 'available', '3.jpg', 961, '2020-04-18 10:12:06', '2020-04-18 10:12:06', NULL),
(534, 'illum', 'Amet voluptatem aut aperiam odit sequi.', 66, 'unavailable', '1.jpg', 288, '2020-04-18 10:12:06', '2020-04-18 10:12:06', NULL),
(535, 'veritatis', 'Explicabo sed repellat animi voluptate accusamus sunt qui. Impedit odit eos incidunt atque est aliquam a.', 15, 'unavailable', '3.jpg', 940, '2020-04-18 10:12:06', '2020-04-18 10:12:06', NULL),
(536, 'minima', 'Perspiciatis nulla iure velit eos quas delectus quis corporis. Vitae et recusandae consectetur.', 92, 'unavailable', '2.jpg', 41, '2020-04-18 10:12:06', '2020-04-18 10:12:06', NULL),
(537, 'saepe', 'Deleniti atque voluptatem unde consequatur minus sit. Et quos deleniti qui saepe molestiae.', 65, 'unavailable', '1.jpg', 444, '2020-04-18 10:12:06', '2020-04-18 10:12:06', NULL),
(538, 'nihil', 'Dolor sint qui quis occaecati ut odit et reprehenderit. Impedit sint velit dolor voluptate corrupti.', 32, 'unavailable', '3.jpg', 744, '2020-04-18 10:12:06', '2020-04-18 10:12:06', NULL),
(539, 'illum', 'Totam aliquid molestias voluptatem similique porro doloremque.', 82, 'available', '3.jpg', 48, '2020-04-18 10:12:06', '2020-04-18 10:12:06', NULL),
(540, 'voluptate', 'Nesciunt reprehenderit ipsum hic excepturi et.', 60, 'available', '2.jpg', 379, '2020-04-18 10:12:06', '2020-04-18 10:12:06', NULL),
(541, 'vero', 'Blanditiis id aperiam impedit consequatur et.', 12, 'unavailable', '2.jpg', 978, '2020-04-18 10:12:06', '2020-04-18 10:12:06', NULL),
(542, 'ex', 'Sapiente assumenda ex laudantium voluptatem enim vel suscipit.', 83, 'unavailable', '3.jpg', 684, '2020-04-18 10:12:06', '2020-04-18 10:12:06', NULL),
(543, 'corporis', 'Perferendis a maiores non enim et. Mollitia qui ullam adipisci quos natus tenetur eum.', 62, 'available', '2.jpg', 645, '2020-04-18 10:12:06', '2020-04-18 10:12:06', NULL),
(544, 'deserunt', 'Qui error eveniet quo. Amet similique et sunt.', 44, 'unavailable', '1.jpg', 977, '2020-04-18 10:12:06', '2020-04-18 10:12:06', NULL),
(545, 'et', 'Ipsa ex facilis qui consequatur fugit mollitia.', 12, 'unavailable', '2.jpg', 418, '2020-04-18 10:12:06', '2020-04-18 10:12:06', NULL),
(546, 'dolor', 'Vel fugiat autem est reprehenderit a esse fugit.', 42, 'available', '1.jpg', 805, '2020-04-18 10:12:06', '2020-04-18 10:12:06', NULL),
(547, 'eaque', 'Blanditiis incidunt dolorem sapiente optio dolorem.', 59, 'available', '1.jpg', 839, '2020-04-18 10:12:06', '2020-04-18 10:12:06', NULL),
(548, 'quaerat', 'Aliquam eveniet quae placeat et.', 63, 'available', '1.jpg', 617, '2020-04-18 10:12:06', '2020-04-18 10:12:06', NULL),
(549, 'libero', 'Tempora nisi nulla ea omnis ut.', 64, 'available', '3.jpg', 88, '2020-04-18 10:12:06', '2020-04-18 10:12:06', NULL),
(550, 'odit', 'Dolores suscipit quae aliquam temporibus exercitationem. Blanditiis rerum at ullam ad accusamus quidem quaerat.', 89, 'available', '3.jpg', 217, '2020-04-18 10:12:06', '2020-04-18 10:12:06', NULL),
(551, 'voluptate', 'Dolorem libero maxime sit qui. Qui molestias nisi animi ex est praesentium molestias.', 15, 'available', '3.jpg', 878, '2020-04-18 10:12:06', '2020-04-18 10:12:06', NULL),
(552, 'id', 'Id veniam aut voluptatum quas saepe. Qui velit sed rerum quia.', 1, 'unavailable', '1.jpg', 215, '2020-04-18 10:12:06', '2020-04-18 10:12:06', NULL),
(553, 'consequuntur', 'Animi dolorum qui harum qui veniam harum quia. Et architecto labore molestiae et.', 67, 'available', '1.jpg', 165, '2020-04-18 10:12:06', '2020-04-18 10:12:06', NULL),
(554, 'nulla', 'Suscipit nam minima repellendus officia. Qui esse perspiciatis molestiae esse culpa.', 15, 'available', '2.jpg', 149, '2020-04-18 10:12:06', '2020-04-18 10:12:06', NULL),
(555, 'nostrum', 'Labore dolore occaecati sed ratione temporibus cum.', 57, 'available', '1.jpg', 400, '2020-04-18 10:12:06', '2020-04-18 10:12:06', NULL),
(556, 'in', 'At omnis aperiam eveniet ullam dicta quia temporibus perspiciatis. In autem dignissimos occaecati eum in quos occaecati.', 37, 'available', '3.jpg', 81, '2020-04-18 10:12:06', '2020-04-18 10:12:06', NULL),
(557, 'non', 'Asperiores hic totam ducimus molestias necessitatibus modi mollitia.', 3, 'unavailable', '1.jpg', 204, '2020-04-18 10:12:06', '2020-04-18 10:12:06', NULL),
(558, 'quod', 'Est consectetur vero veniam autem qui. Sed et et numquam et.', 15, 'unavailable', '2.jpg', 568, '2020-04-18 10:12:06', '2020-04-18 10:12:06', NULL),
(559, 'at', 'Et placeat nihil voluptas omnis voluptatibus deserunt maxime.', 72, 'available', '3.jpg', 656, '2020-04-18 10:12:06', '2020-04-18 10:12:06', NULL),
(560, 'magni', 'Iusto dolor omnis iusto inventore voluptates id est.', 96, 'available', '1.jpg', 242, '2020-04-18 10:12:06', '2020-04-18 10:12:06', NULL),
(561, 'illo', 'Qui repellendus reprehenderit doloremque est. Quaerat ex quos dolorem odio sunt voluptas non.', 80, 'available', '2.jpg', 310, '2020-04-18 10:12:06', '2020-04-18 10:12:06', NULL),
(562, 'culpa', 'Quia maxime et sint suscipit culpa et.', 8, 'unavailable', '3.jpg', 692, '2020-04-18 10:12:06', '2020-04-18 10:12:06', NULL),
(563, 'tempore', 'Expedita et et qui eum omnis quia dolor.', 50, 'unavailable', '3.jpg', 673, '2020-04-18 10:12:06', '2020-04-18 10:12:06', NULL),
(564, 'aut', 'Dolores assumenda sit quo quaerat eos vel. Dolorem itaque nostrum recusandae rerum.', 12, 'unavailable', '3.jpg', 667, '2020-04-18 10:12:06', '2020-04-18 10:12:06', NULL),
(565, 'non', 'Ut atque est quia consequatur aliquam et.', 99, 'available', '2.jpg', 508, '2020-04-18 10:12:06', '2020-04-18 10:12:06', NULL),
(566, 'animi', 'Velit provident repellat molestiae illum ducimus qui ipsa. Enim ut voluptas dolor dolorem enim illum.', 21, 'unavailable', '3.jpg', 717, '2020-04-18 10:12:06', '2020-04-18 10:12:06', NULL),
(567, 'officiis', 'Iure earum nesciunt nobis delectus. Harum sunt saepe consequatur qui alias ut impedit.', 41, 'unavailable', '3.jpg', 753, '2020-04-18 10:12:06', '2020-04-18 10:12:06', NULL),
(568, 'ea', 'Sit itaque repudiandae voluptas sit et culpa.', 39, 'available', '3.jpg', 645, '2020-04-18 10:12:06', '2020-04-18 10:12:06', NULL),
(569, 'et', 'Cumque voluptatem molestiae amet delectus voluptatibus et.', 55, 'unavailable', '1.jpg', 943, '2020-04-18 10:12:06', '2020-04-18 10:12:06', NULL),
(570, 'voluptatum', 'Explicabo id quidem consequatur quia esse.', 79, 'available', '1.jpg', 768, '2020-04-18 10:12:06', '2020-04-18 10:12:06', NULL),
(571, 'rerum', 'Consequatur ullam aliquam eos. Repellat et quis provident quis autem.', 84, 'unavailable', '1.jpg', 837, '2020-04-18 10:12:06', '2020-04-18 10:12:06', NULL),
(572, 'veritatis', 'Quia vel consequatur sint aut cum. Veritatis doloribus non voluptatem.', 20, 'available', '2.jpg', 911, '2020-04-18 10:12:06', '2020-04-18 10:12:06', NULL),
(573, 'deleniti', 'Doloremque dolor sed quia repudiandae tempora maiores voluptates. Eum modi aut ut in nostrum eum optio.', 12, 'unavailable', '2.jpg', 355, '2020-04-18 10:12:06', '2020-04-18 10:12:06', NULL),
(574, 'ex', 'Voluptatem et quasi nostrum velit iure nihil. Perspiciatis natus in id aut dolorum atque numquam.', 78, 'unavailable', '1.jpg', 936, '2020-04-18 10:12:06', '2020-04-18 10:12:06', NULL),
(575, 'facilis', 'Laboriosam architecto omnis earum pariatur quia et esse omnis.', 6, 'unavailable', '3.jpg', 916, '2020-04-18 10:12:06', '2020-04-18 10:12:06', NULL),
(576, 'quam', 'Eos eligendi quae officiis et.', 82, 'unavailable', '1.jpg', 59, '2020-04-18 10:12:06', '2020-04-18 10:12:06', NULL),
(577, 'alias', 'Voluptatem sapiente officia sit odit. Sit minima aut eaque.', 53, 'unavailable', '2.jpg', 24, '2020-04-18 10:12:06', '2020-04-18 10:12:06', NULL),
(578, 'quaerat', 'Consequatur eos voluptatem at debitis qui.', 44, 'unavailable', '2.jpg', 688, '2020-04-18 10:12:06', '2020-04-18 10:12:06', NULL),
(579, 'hic', 'Praesentium accusantium adipisci optio qui placeat beatae voluptatibus. Eaque at odit assumenda fugit mollitia qui ipsum.', 43, 'unavailable', '3.jpg', 521, '2020-04-18 10:12:06', '2020-04-18 10:12:06', NULL),
(580, 'porro', 'Consectetur ut omnis aut unde nam aut nihil.', 27, 'unavailable', '2.jpg', 366, '2020-04-18 10:12:06', '2020-04-18 10:12:06', NULL),
(581, 'omnis', 'Autem aut ad repudiandae. Dolores repudiandae modi vero aut nostrum.', 62, 'unavailable', '2.jpg', 520, '2020-04-18 10:12:06', '2020-04-18 10:12:06', NULL),
(582, 'quam', 'Voluptas nam soluta impedit hic.', 69, 'available', '3.jpg', 575, '2020-04-18 10:12:06', '2020-04-18 10:12:06', NULL),
(583, 'nesciunt', 'Non voluptate et veniam voluptas. Omnis voluptatem qui ipsam qui.', 14, 'unavailable', '1.jpg', 96, '2020-04-18 10:12:06', '2020-04-18 10:12:06', NULL),
(584, 'numquam', 'Excepturi qui ullam voluptatem. Autem quo mollitia aut vel ad quae alias.', 42, 'unavailable', '2.jpg', 433, '2020-04-18 10:12:06', '2020-04-18 10:12:06', NULL),
(585, 'quo', 'Ut aut ea vero dolorem quidem dignissimos consequuntur dolorem.', 98, 'unavailable', '3.jpg', 616, '2020-04-18 10:12:06', '2020-04-18 10:12:06', NULL),
(586, 'sit', 'Quidem aut qui mollitia labore sunt quia vitae. Natus expedita eveniet fugiat iste.', 26, 'unavailable', '3.jpg', 68, '2020-04-18 10:12:06', '2020-04-18 10:12:06', NULL),
(587, 'magni', 'Harum voluptas facilis quam quia rerum iure. Quibusdam similique at ea enim aliquid.', 90, 'unavailable', '1.jpg', 168, '2020-04-18 10:12:06', '2020-04-18 10:12:06', NULL),
(588, 'quis', 'Ipsam quam voluptatem voluptas. Recusandae quia necessitatibus delectus repellat sequi qui.', 94, 'available', '1.jpg', 961, '2020-04-18 10:12:06', '2020-04-18 10:12:06', NULL),
(589, 'ut', 'Omnis officiis vel voluptatem recusandae nihil.', 95, 'unavailable', '1.jpg', 984, '2020-04-18 10:12:06', '2020-04-18 10:12:06', NULL),
(590, 'aperiam', 'Blanditiis qui occaecati esse corporis. Vero et officiis et dicta ea magni molestiae neque.', 22, 'unavailable', '1.jpg', 265, '2020-04-18 10:12:06', '2020-04-18 10:12:06', NULL),
(591, 'quae', 'Et corporis fuga commodi maiores. Sed voluptatem unde provident et.', 2, 'available', '2.jpg', 852, '2020-04-18 10:12:06', '2020-04-18 10:12:06', NULL),
(592, 'voluptatibus', 'Nam aut sed iusto possimus aut totam ipsum. Ea sit excepturi saepe beatae.', 81, 'unavailable', '3.jpg', 320, '2020-04-18 10:12:06', '2020-04-18 10:12:06', NULL);
INSERT INTO `products` (`id`, `name`, `description`, `quantity`, `status`, `image`, `seller_id`, `created_at`, `updated_at`, `deleted_at`) VALUES
(593, 'et', 'Molestias dicta eum fugit cum inventore.', 91, 'unavailable', '3.jpg', 53, '2020-04-18 10:12:06', '2020-04-18 10:12:06', NULL),
(594, 'numquam', 'Aspernatur ad quidem maiores et accusamus illo. Et omnis totam consequatur facilis praesentium dolor nulla.', 67, 'available', '1.jpg', 299, '2020-04-18 10:12:06', '2020-04-18 10:12:06', NULL),
(595, 'corrupti', 'Dolorem vel iste asperiores nobis est.', 96, 'unavailable', '3.jpg', 419, '2020-04-18 10:12:06', '2020-04-18 10:12:06', NULL),
(596, 'veritatis', 'Deserunt sequi praesentium quia veritatis.', 2, 'unavailable', '1.jpg', 22, '2020-04-18 10:12:06', '2020-04-18 10:12:06', NULL),
(597, 'qui', 'Quaerat fugit non accusamus minus. Consequatur delectus nihil et ut tempora.', 47, 'unavailable', '1.jpg', 810, '2020-04-18 10:12:06', '2020-04-18 10:12:06', NULL),
(598, 'tempora', 'Et tenetur et labore necessitatibus. Saepe consequatur sed est voluptate consequatur.', 56, 'available', '3.jpg', 370, '2020-04-18 10:12:06', '2020-04-18 10:12:06', NULL),
(599, 'accusamus', 'At omnis sit et nostrum qui quis. Voluptatem ut voluptas ullam quas.', 1, 'available', '3.jpg', 556, '2020-04-18 10:12:06', '2020-04-18 10:12:06', NULL),
(600, 'excepturi', 'Perferendis perferendis sit dolore alias. Recusandae maxime illum tempore rerum.', 6, 'unavailable', '1.jpg', 327, '2020-04-18 10:12:06', '2020-04-18 10:12:06', NULL),
(601, 'doloribus', 'Ab illo cupiditate nostrum non quia voluptas. Aperiam labore minus quam dolorem quod.', 57, 'unavailable', '3.jpg', 863, '2020-04-18 10:12:06', '2020-04-18 10:12:06', NULL),
(602, 'et', 'Eveniet dolor magnam id laboriosam deleniti rerum.', 38, 'unavailable', '2.jpg', 882, '2020-04-18 10:12:06', '2020-04-18 10:12:06', NULL),
(603, 'voluptatibus', 'Repudiandae incidunt accusantium cumque suscipit et est esse impedit. Quia soluta qui ut modi.', 47, 'available', '2.jpg', 551, '2020-04-18 10:12:06', '2020-04-18 10:12:06', NULL),
(604, 'in', 'Et reprehenderit porro consequatur eum ut consequatur ipsum. Facere quisquam quia eveniet laborum.', 84, 'unavailable', '3.jpg', 816, '2020-04-18 10:12:06', '2020-04-18 10:12:06', NULL),
(605, 'voluptatem', 'Aspernatur beatae quidem ipsa quo molestiae dolores earum. Totam qui praesentium quo quam.', 57, 'available', '2.jpg', 855, '2020-04-18 10:12:06', '2020-04-18 10:12:06', NULL),
(606, 'nihil', 'Accusamus reprehenderit possimus dolor eligendi velit aut minima. Ea nobis mollitia omnis maiores libero debitis quidem.', 58, 'unavailable', '1.jpg', 363, '2020-04-18 10:12:06', '2020-04-18 10:12:06', NULL),
(607, 'molestiae', 'Iusto natus animi quod aut non id. Nihil iure dolorem veniam et nesciunt.', 85, 'available', '3.jpg', 448, '2020-04-18 10:12:06', '2020-04-18 10:12:06', NULL),
(608, 'aut', 'Eius est distinctio voluptatem aut.', 49, 'unavailable', '2.jpg', 400, '2020-04-18 10:12:06', '2020-04-18 10:12:06', NULL),
(609, 'ab', 'Impedit sit tempore quidem suscipit. Nostrum et est expedita similique.', 98, 'unavailable', '2.jpg', 806, '2020-04-18 10:12:06', '2020-04-18 10:12:06', NULL),
(610, 'consectetur', 'Porro minus dolor atque doloremque recusandae saepe. Nobis fugit rerum repellat at at nostrum.', 20, 'unavailable', '3.jpg', 44, '2020-04-18 10:12:06', '2020-04-18 10:12:06', NULL),
(611, 'voluptatem', 'Possimus tempore quia optio aspernatur nisi accusamus non.', 84, 'available', '1.jpg', 321, '2020-04-18 10:12:06', '2020-04-18 10:12:06', NULL),
(612, 'eius', 'Voluptates sit ad dolores dolores non.', 72, 'unavailable', '3.jpg', 25, '2020-04-18 10:12:06', '2020-04-18 10:12:06', NULL),
(613, 'quod', 'Atque cumque labore a.', 24, 'unavailable', '2.jpg', 954, '2020-04-18 10:12:06', '2020-04-18 10:12:06', NULL),
(614, 'inventore', 'Qui ducimus qui illo mollitia.', 11, 'unavailable', '2.jpg', 922, '2020-04-18 10:12:06', '2020-04-18 10:12:06', NULL),
(615, 'explicabo', 'Est harum sed consequuntur ut illum nisi.', 8, 'unavailable', '3.jpg', 665, '2020-04-18 10:12:06', '2020-04-18 10:12:06', NULL),
(616, 'eos', 'Eveniet soluta animi assumenda et culpa in aut. Porro nostrum doloribus vel recusandae quasi.', 58, 'unavailable', '1.jpg', 528, '2020-04-18 10:12:06', '2020-04-18 10:12:06', NULL),
(617, 'et', 'Maxime deserunt ipsum et architecto et rerum vel. Soluta explicabo vel dicta velit voluptate.', 11, 'available', '2.jpg', 396, '2020-04-18 10:12:06', '2020-04-18 10:12:06', NULL),
(618, 'dolorum', 'Omnis incidunt non quasi facilis tempora.', 81, 'unavailable', '2.jpg', 9, '2020-04-18 10:12:06', '2020-04-18 10:12:06', NULL),
(619, 'quos', 'Sunt dolores eaque quidem eaque ab natus dolorem numquam. Et iure doloribus expedita vel.', 94, 'available', '1.jpg', 992, '2020-04-18 10:12:06', '2020-04-18 10:12:06', NULL),
(620, 'accusantium', 'Incidunt similique dolorem earum itaque autem eligendi facere.', 54, 'unavailable', '1.jpg', 573, '2020-04-18 10:12:06', '2020-04-18 10:12:06', NULL),
(621, 'vitae', 'Veritatis voluptatibus ad sit molestiae. Qui dolor id nulla repudiandae aliquid.', 81, 'available', '3.jpg', 291, '2020-04-18 10:12:06', '2020-04-18 10:12:06', NULL),
(622, 'voluptate', 'Quo reprehenderit consequuntur beatae.', 83, 'unavailable', '2.jpg', 285, '2020-04-18 10:12:06', '2020-04-18 10:12:06', NULL),
(623, 'voluptates', 'Harum et aperiam doloribus molestiae magni.', 48, 'available', '2.jpg', 550, '2020-04-18 10:12:06', '2020-04-18 10:12:06', NULL),
(624, 'necessitatibus', 'Quia officia magni ea provident. Impedit qui sit maiores iure quis.', 69, 'unavailable', '1.jpg', 533, '2020-04-18 10:12:06', '2020-04-18 10:12:06', NULL),
(625, 'sint', 'Fuga eos est et quas ut.', 30, 'available', '3.jpg', 48, '2020-04-18 10:12:06', '2020-04-18 10:12:06', NULL),
(626, 'et', 'Ut blanditiis ipsam sunt neque ad corrupti. Voluptatem incidunt ut ea aut mollitia eius voluptatem.', 90, 'available', '2.jpg', 417, '2020-04-18 10:12:06', '2020-04-18 10:12:06', NULL),
(627, 'dicta', 'Et facilis non labore. Numquam rem a assumenda.', 4, 'available', '1.jpg', 115, '2020-04-18 10:12:06', '2020-04-18 10:12:06', NULL),
(628, 'qui', 'Cumque cumque dolorem labore dignissimos modi vel recusandae. Fugit voluptatum omnis ut et voluptatem laudantium.', 30, 'unavailable', '1.jpg', 998, '2020-04-18 10:12:06', '2020-04-18 10:12:06', NULL),
(629, 'corporis', 'Harum sit aliquam natus qui.', 41, 'available', '2.jpg', 828, '2020-04-18 10:12:06', '2020-04-18 10:12:06', NULL),
(630, 'a', 'Quo temporibus aut veritatis corporis aspernatur quis sit.', 81, 'unavailable', '3.jpg', 659, '2020-04-18 10:12:06', '2020-04-18 10:12:06', NULL),
(631, 'fuga', 'Qui qui ut minus non.', 14, 'unavailable', '3.jpg', 699, '2020-04-18 10:12:06', '2020-04-18 10:12:06', NULL),
(632, 'excepturi', 'Consequuntur qui dolores quo nobis aperiam.', 51, 'available', '3.jpg', 232, '2020-04-18 10:12:06', '2020-04-18 10:12:06', NULL),
(633, 'aut', 'Ea maxime error iste officiis hic nam eligendi.', 71, 'unavailable', '1.jpg', 836, '2020-04-18 10:12:06', '2020-04-18 10:12:06', NULL),
(634, 'quibusdam', 'Vitae deserunt voluptatibus maxime sed voluptatem modi et. Fuga quia itaque omnis et.', 49, 'available', '2.jpg', 302, '2020-04-18 10:12:06', '2020-04-18 10:12:06', NULL),
(635, 'unde', 'Voluptas vel accusamus veritatis aut. Amet eum perferendis perspiciatis exercitationem nisi.', 24, 'available', '3.jpg', 232, '2020-04-18 10:12:06', '2020-04-18 10:12:06', NULL),
(636, 'enim', 'Quod sunt vero temporibus velit ducimus aut consectetur in. Modi soluta iusto blanditiis nam.', 2, 'unavailable', '2.jpg', 353, '2020-04-18 10:12:06', '2020-04-18 10:12:06', NULL),
(637, 'est', 'Ut dolorem excepturi similique est consectetur.', 47, 'unavailable', '3.jpg', 837, '2020-04-18 10:12:06', '2020-04-18 10:12:06', NULL),
(638, 'nesciunt', 'Suscipit mollitia soluta cupiditate. Occaecati aut et voluptas minima corrupti architecto distinctio et.', 44, 'unavailable', '3.jpg', 848, '2020-04-18 10:12:06', '2020-04-18 10:12:06', NULL),
(639, 'aspernatur', 'Vel molestiae voluptatem nesciunt expedita doloribus.', 63, 'available', '1.jpg', 217, '2020-04-18 10:12:06', '2020-04-18 10:12:06', NULL),
(640, 'enim', 'Sed recusandae qui nostrum dolorem nulla et. Molestias ut et totam sed tenetur.', 99, 'available', '3.jpg', 673, '2020-04-18 10:12:06', '2020-04-18 10:12:06', NULL),
(641, 'quis', 'Maiores excepturi qui et possimus possimus consectetur dignissimos molestias.', 42, 'unavailable', '1.jpg', 651, '2020-04-18 10:12:06', '2020-04-18 10:12:06', NULL),
(642, 'explicabo', 'Quo qui omnis recusandae iste iusto dolorem delectus.', 12, 'available', '1.jpg', 841, '2020-04-18 10:12:06', '2020-04-18 10:12:06', NULL),
(643, 'harum', 'Explicabo error dicta quo perferendis mollitia eveniet. Voluptatibus est totam consectetur neque.', 58, 'available', '1.jpg', 38, '2020-04-18 10:12:06', '2020-04-18 10:12:06', NULL),
(644, 'maxime', 'In nobis consequuntur explicabo repellat. Exercitationem nesciunt magnam asperiores aut.', 53, 'available', '2.jpg', 81, '2020-04-18 10:12:06', '2020-04-18 10:12:06', NULL),
(645, 'ut', 'Eligendi molestiae non eum sed excepturi soluta aliquid. Eum praesentium est corporis id sit mollitia.', 63, 'unavailable', '3.jpg', 540, '2020-04-18 10:12:06', '2020-04-18 10:12:06', NULL),
(646, 'amet', 'Quo iure eligendi est debitis. Eum magnam itaque in magni.', 45, 'available', '2.jpg', 495, '2020-04-18 10:12:06', '2020-04-18 10:12:06', NULL),
(647, 'ut', 'Sequi commodi temporibus aperiam doloremque est.', 15, 'available', '2.jpg', 873, '2020-04-18 10:12:06', '2020-04-18 10:12:06', NULL),
(648, 'tempore', 'Est suscipit itaque provident molestiae fugiat. Libero tenetur dolor commodi ut.', 3, 'unavailable', '1.jpg', 598, '2020-04-18 10:12:06', '2020-04-18 10:12:06', NULL),
(649, 'facere', 'Ab autem ratione magni aperiam laborum vel. Eos labore dolor illum sit dolorem.', 94, 'unavailable', '2.jpg', 261, '2020-04-18 10:12:06', '2020-04-18 10:12:06', NULL),
(650, 'et', 'Voluptates veritatis facere quis expedita est sed rerum. Laboriosam commodi natus sequi voluptates illum.', 30, 'unavailable', '1.jpg', 363, '2020-04-18 10:12:06', '2020-04-18 10:12:06', NULL),
(651, 'officiis', 'Pariatur ut consequatur quia aut nulla. Modi qui voluptatem repudiandae placeat qui reprehenderit tempore.', 79, 'unavailable', '2.jpg', 456, '2020-04-18 10:12:06', '2020-04-18 10:12:06', NULL),
(652, 'distinctio', 'Voluptas dolor cupiditate delectus omnis consequatur enim.', 16, 'unavailable', '1.jpg', 865, '2020-04-18 10:12:06', '2020-04-18 10:12:06', NULL),
(653, 'eum', 'Dolorem quaerat quod corporis commodi quo. Repudiandae et qui voluptatem neque sint.', 2, 'available', '1.jpg', 12, '2020-04-18 10:12:06', '2020-04-18 10:12:06', NULL),
(654, 'quam', 'Voluptas molestiae voluptatem ipsam aut maiores dolorem ipsa accusantium.', 86, 'available', '2.jpg', 860, '2020-04-18 10:12:06', '2020-04-18 10:12:06', NULL),
(655, 'est', 'Eum repudiandae aut fugit nemo occaecati minima distinctio. Tempore ut labore non velit.', 96, 'available', '3.jpg', 548, '2020-04-18 10:12:06', '2020-04-18 10:12:06', NULL),
(656, 'deleniti', 'Eos sed magnam consectetur sit.', 68, 'unavailable', '1.jpg', 637, '2020-04-18 10:12:06', '2020-04-18 10:12:06', NULL),
(657, 'et', 'Cupiditate laudantium quaerat explicabo rerum debitis non voluptas dicta.', 35, 'available', '3.jpg', 401, '2020-04-18 10:12:06', '2020-04-18 10:12:06', NULL),
(658, 'est', 'Molestiae repudiandae omnis sed deserunt voluptatibus fugit aut.', 47, 'unavailable', '2.jpg', 807, '2020-04-18 10:12:06', '2020-04-18 10:12:06', NULL),
(659, 'voluptatum', 'Occaecati deleniti aliquid omnis et quisquam suscipit.', 12, 'unavailable', '3.jpg', 693, '2020-04-18 10:12:06', '2020-04-18 10:12:06', NULL),
(660, 'necessitatibus', 'Molestias ut mollitia perferendis distinctio quo quo repellendus.', 5, 'unavailable', '3.jpg', 657, '2020-04-18 10:12:06', '2020-04-18 10:12:06', NULL),
(661, 'libero', 'Quaerat nemo culpa qui tenetur. Labore quas eos qui perferendis neque quod nulla distinctio.', 54, 'available', '1.jpg', 427, '2020-04-18 10:12:06', '2020-04-18 10:12:06', NULL),
(662, 'praesentium', 'Quibusdam minima amet illo amet nostrum vero ut. Recusandae et soluta expedita aliquam atque qui quaerat.', 58, 'available', '3.jpg', 162, '2020-04-18 10:12:06', '2020-04-18 10:12:06', NULL),
(663, 'ratione', 'Illum commodi blanditiis nostrum et distinctio odio exercitationem. Officia hic aut magnam.', 17, 'unavailable', '1.jpg', 789, '2020-04-18 10:12:06', '2020-04-18 10:12:06', NULL),
(664, 'dolorem', 'Rerum nam eaque ullam nobis sit autem. Fugit blanditiis omnis sint dolore cupiditate debitis et.', 24, 'available', '3.jpg', 34, '2020-04-18 10:12:06', '2020-04-18 10:12:06', NULL),
(665, 'mollitia', 'Est velit sint natus consequatur totam.', 91, 'available', '1.jpg', 818, '2020-04-18 10:12:06', '2020-04-18 10:12:06', NULL),
(666, 'at', 'Voluptate consequuntur aliquid iste similique.', 22, 'available', '1.jpg', 563, '2020-04-18 10:12:06', '2020-04-18 10:12:06', NULL),
(667, 'quidem', 'Et magnam cupiditate et fuga eligendi.', 15, 'available', '1.jpg', 596, '2020-04-18 10:12:06', '2020-04-18 10:12:06', NULL),
(668, 'molestiae', 'Necessitatibus ut repellendus eum occaecati unde autem. Voluptas qui inventore itaque commodi sunt fugit quod.', 94, 'unavailable', '1.jpg', 93, '2020-04-18 10:12:06', '2020-04-18 10:12:06', NULL),
(669, 'asperiores', 'Aut est illum vero illum distinctio porro. Ut voluptatem et optio id iure ut delectus.', 19, 'unavailable', '2.jpg', 906, '2020-04-18 10:12:06', '2020-04-18 10:12:06', NULL),
(670, 'tempore', 'Eos aperiam debitis in necessitatibus.', 77, 'unavailable', '2.jpg', 226, '2020-04-18 10:12:06', '2020-04-18 10:12:06', NULL),
(671, 'aut', 'Minus aut voluptas dolorem magni.', 76, 'unavailable', '3.jpg', 302, '2020-04-18 10:12:06', '2020-04-18 10:12:06', NULL),
(672, 'aliquid', 'Neque repellendus error minus possimus dolorem minima similique.', 11, 'unavailable', '2.jpg', 256, '2020-04-18 10:12:06', '2020-04-18 10:12:06', NULL),
(673, 'minima', 'Est officiis qui delectus inventore dicta modi ut.', 56, 'unavailable', '1.jpg', 764, '2020-04-18 10:12:06', '2020-04-18 10:12:06', NULL),
(674, 'placeat', 'Voluptatem numquam voluptates veniam est architecto quasi. Vero inventore praesentium minus blanditiis vel a facere.', 48, 'available', '2.jpg', 321, '2020-04-18 10:12:06', '2020-04-18 10:12:06', NULL),
(675, 'eveniet', 'Veniam saepe voluptatem repellendus rem beatae labore id. Eum rerum rerum et quidem reiciendis quidem.', 99, 'unavailable', '1.jpg', 175, '2020-04-18 10:12:06', '2020-04-18 10:12:06', NULL),
(676, 'dolor', 'Libero porro ipsam et tenetur minus.', 100, 'unavailable', '3.jpg', 656, '2020-04-18 10:12:06', '2020-04-18 10:12:06', NULL),
(677, 'a', 'Sit est sit neque ipsam neque. Quaerat nemo pariatur quisquam.', 92, 'available', '2.jpg', 938, '2020-04-18 10:12:06', '2020-04-18 10:12:06', NULL),
(678, 'ut', 'Corporis sint nihil eius tempore facilis dolorem.', 94, 'available', '2.jpg', 686, '2020-04-18 10:12:06', '2020-04-18 10:12:06', NULL),
(679, 'odit', 'Accusantium reiciendis ut labore quis aut. Doloremque quaerat omnis reprehenderit omnis.', 34, 'available', '1.jpg', 991, '2020-04-18 10:12:06', '2020-04-18 10:12:06', NULL),
(680, 'quam', 'Temporibus alias consequatur quidem culpa dolorem.', 21, 'unavailable', '1.jpg', 327, '2020-04-18 10:12:06', '2020-04-18 10:12:06', NULL),
(681, 'dignissimos', 'Voluptatem dolore alias nisi fuga cupiditate. Nesciunt aperiam voluptatem omnis consequatur.', 21, 'available', '2.jpg', 498, '2020-04-18 10:12:06', '2020-04-18 10:12:06', NULL),
(682, 'voluptas', 'Corporis excepturi id quia et assumenda occaecati illum quia.', 7, 'available', '1.jpg', 76, '2020-04-18 10:12:06', '2020-04-18 10:12:06', NULL),
(683, 'ratione', 'Laudantium necessitatibus ut voluptate et numquam est mollitia.', 83, 'unavailable', '1.jpg', 275, '2020-04-18 10:12:06', '2020-04-18 10:12:06', NULL),
(684, 'voluptatem', 'Doloribus enim nesciunt quam non minima exercitationem est. Sit velit aliquam accusantium atque itaque deserunt.', 46, 'available', '3.jpg', 668, '2020-04-18 10:12:06', '2020-04-18 10:12:06', NULL),
(685, 'impedit', 'Ab quod et totam labore quasi officia.', 71, 'available', '1.jpg', 696, '2020-04-18 10:12:06', '2020-04-18 10:12:06', NULL),
(686, 'quos', 'Adipisci fugit fuga voluptas doloremque vitae non.', 9, 'available', '2.jpg', 180, '2020-04-18 10:12:06', '2020-04-18 10:12:06', NULL),
(687, 'quas', 'Exercitationem rerum ut ratione est. Inventore dicta numquam dolor suscipit aut est.', 47, 'unavailable', '1.jpg', 442, '2020-04-18 10:12:06', '2020-04-18 10:12:06', NULL),
(688, 'vitae', 'Qui id et quos reprehenderit quos quod.', 89, 'available', '2.jpg', 656, '2020-04-18 10:12:06', '2020-04-18 10:12:06', NULL),
(689, 'maiores', 'Non facilis voluptatem natus.', 21, 'available', '1.jpg', 465, '2020-04-18 10:12:06', '2020-04-18 10:12:06', NULL),
(690, 'quibusdam', 'Eaque accusantium quasi iusto repudiandae.', 75, 'available', '3.jpg', 107, '2020-04-18 10:12:06', '2020-04-18 10:12:06', NULL),
(691, 'et', 'Aut ullam laborum delectus autem aut dolorem eligendi voluptate.', 93, 'unavailable', '2.jpg', 387, '2020-04-18 10:12:06', '2020-04-18 10:12:06', NULL),
(692, 'eius', 'Natus quia commodi dolorem libero. Sit et et quia molestiae.', 82, 'unavailable', '2.jpg', 650, '2020-04-18 10:12:06', '2020-04-18 10:12:06', NULL),
(693, 'consectetur', 'Quidem occaecati voluptas expedita et suscipit.', 17, 'available', '3.jpg', 158, '2020-04-18 10:12:06', '2020-04-18 10:12:06', NULL),
(694, 'sit', 'Eligendi vel libero saepe quam. Quia et explicabo aut accusantium.', 21, 'available', '2.jpg', 796, '2020-04-18 10:12:06', '2020-04-18 10:12:06', NULL),
(695, 'quas', 'Modi odit deleniti consequatur dignissimos. Voluptate eius dolor facere saepe officia iure ipsum.', 81, 'available', '2.jpg', 201, '2020-04-18 10:12:06', '2020-04-18 10:12:06', NULL),
(696, 'eum', 'Quam voluptatem debitis numquam sit. Illo corrupti laudantium et soluta dolor quia iusto.', 73, 'unavailable', '2.jpg', 579, '2020-04-18 10:12:06', '2020-04-18 10:12:06', NULL),
(697, 'omnis', 'Debitis voluptates et facere maiores.', 36, 'unavailable', '2.jpg', 673, '2020-04-18 10:12:06', '2020-04-18 10:12:06', NULL),
(698, 'assumenda', 'Vitae necessitatibus atque sit perspiciatis. Aut architecto consequatur harum amet.', 32, 'available', '3.jpg', 39, '2020-04-18 10:12:06', '2020-04-18 10:12:06', NULL),
(699, 'illum', 'Accusantium qui similique quaerat facere quia et. Blanditiis earum architecto hic distinctio possimus ipsam.', 59, 'unavailable', '3.jpg', 567, '2020-04-18 10:12:06', '2020-04-18 10:12:06', NULL),
(700, 'minima', 'Consequatur occaecati voluptate inventore cumque eaque.', 57, 'available', '3.jpg', 478, '2020-04-18 10:12:06', '2020-04-18 10:12:06', NULL),
(701, 'id', 'Eius a qui atque omnis excepturi nemo voluptatibus adipisci.', 27, 'available', '3.jpg', 64, '2020-04-18 10:12:06', '2020-04-18 10:12:06', NULL),
(702, 'est', 'Facilis enim rerum libero ad voluptas assumenda veniam. Qui fuga non adipisci dignissimos nulla.', 16, 'available', '3.jpg', 50, '2020-04-18 10:12:06', '2020-04-18 10:12:06', NULL),
(703, 'sapiente', 'Corporis delectus quibusdam veritatis qui error eos sapiente. Dolores necessitatibus occaecati in cum officiis.', 14, 'available', '2.jpg', 192, '2020-04-18 10:12:06', '2020-04-18 10:12:06', NULL),
(704, 'sint', 'Ducimus cumque architecto numquam enim optio quia corporis sunt.', 59, 'available', '2.jpg', 518, '2020-04-18 10:12:06', '2020-04-18 10:12:06', NULL),
(705, 'delectus', 'Odit similique nihil ipsa.', 81, 'available', '1.jpg', 243, '2020-04-18 10:12:06', '2020-04-18 10:12:06', NULL),
(706, 'doloribus', 'Odio et doloribus voluptas quaerat ut sunt occaecati asperiores.', 65, 'available', '3.jpg', 155, '2020-04-18 10:12:06', '2020-04-18 10:12:06', NULL),
(707, 'labore', 'Id asperiores ducimus aut incidunt iure hic id qui.', 50, 'unavailable', '1.jpg', 474, '2020-04-18 10:12:06', '2020-04-18 10:12:06', NULL),
(708, 'odit', 'Repellat ut nihil voluptas in assumenda doloremque.', 85, 'unavailable', '1.jpg', 976, '2020-04-18 10:12:06', '2020-04-18 10:12:06', NULL),
(709, 'deleniti', 'Ut soluta dolor quo voluptates omnis recusandae.', 77, 'available', '2.jpg', 406, '2020-04-18 10:12:06', '2020-04-18 10:12:06', NULL),
(710, 'fugiat', 'Hic eos odio eos modi neque cum.', 17, 'unavailable', '3.jpg', 731, '2020-04-18 10:12:06', '2020-04-18 10:12:06', NULL),
(711, 'reprehenderit', 'Quo eius quas nesciunt inventore.', 68, 'unavailable', '2.jpg', 339, '2020-04-18 10:12:06', '2020-04-18 10:12:06', NULL),
(712, 'amet', 'Iste animi laudantium sit dolores delectus nesciunt. Quaerat omnis quia explicabo.', 54, 'available', '2.jpg', 994, '2020-04-18 10:12:06', '2020-04-18 10:12:06', NULL),
(713, 'sed', 'Incidunt et nulla a quia velit.', 54, 'unavailable', '3.jpg', 917, '2020-04-18 10:12:06', '2020-04-18 10:12:06', NULL),
(714, 'deleniti', 'Assumenda sunt in nihil dolor quia. Id beatae voluptatibus aliquid a esse sed aut.', 73, 'available', '2.jpg', 910, '2020-04-18 10:12:06', '2020-04-18 10:12:06', NULL),
(715, 'eius', 'Nemo nisi sed cumque rem saepe ut reprehenderit.', 41, 'available', '3.jpg', 600, '2020-04-18 10:12:06', '2020-04-18 10:12:06', NULL),
(716, 'sunt', 'Sunt voluptatum vero esse occaecati et quas. Non dolorem dignissimos non voluptas earum ut qui esse.', 78, 'unavailable', '2.jpg', 46, '2020-04-18 10:12:06', '2020-04-18 10:12:06', NULL),
(717, 'itaque', 'Tenetur quod adipisci veniam occaecati alias voluptatem et. Similique repudiandae sunt numquam possimus perspiciatis.', 95, 'unavailable', '1.jpg', 193, '2020-04-18 10:12:06', '2020-04-18 10:12:06', NULL),
(718, 'laboriosam', 'Quia ipsa nihil et repudiandae quidem. Qui incidunt rerum molestias ut dolores modi.', 91, 'unavailable', '2.jpg', 386, '2020-04-18 10:12:06', '2020-04-18 10:12:06', NULL),
(719, 'pariatur', 'Possimus ratione alias corrupti ab consequuntur placeat maxime. Molestias qui sint vero velit quisquam aut est.', 58, 'unavailable', '1.jpg', 927, '2020-04-18 10:12:06', '2020-04-18 10:12:06', NULL),
(720, 'ducimus', 'Et rem id aut natus aut consequuntur. Qui vero earum vel quidem.', 85, 'available', '1.jpg', 203, '2020-04-18 10:12:06', '2020-04-18 10:12:06', NULL),
(721, 'consectetur', 'Dolor in occaecati veritatis qui qui.', 65, 'unavailable', '1.jpg', 181, '2020-04-18 10:12:06', '2020-04-18 10:12:06', NULL),
(722, 'tempore', 'Reiciendis esse repudiandae velit sit enim molestias debitis voluptatem.', 45, 'available', '1.jpg', 904, '2020-04-18 10:12:06', '2020-04-18 10:12:06', NULL),
(723, 'fugiat', 'Qui repellat praesentium et rem.', 11, 'unavailable', '3.jpg', 523, '2020-04-18 10:12:06', '2020-04-18 10:12:06', NULL),
(724, 'voluptatem', 'Explicabo autem nulla accusantium voluptates. Et itaque cum ipsa perferendis.', 50, 'available', '2.jpg', 637, '2020-04-18 10:12:06', '2020-04-18 10:12:06', NULL),
(725, 'est', 'Illo aut sed delectus asperiores et. Fugit rerum nihil consequatur aut.', 88, 'available', '2.jpg', 216, '2020-04-18 10:12:06', '2020-04-18 10:12:06', NULL),
(726, 'neque', 'Aliquam quod culpa sit fuga sed.', 36, 'available', '2.jpg', 201, '2020-04-18 10:12:06', '2020-04-18 10:12:06', NULL),
(727, 'voluptatibus', 'Non porro tempora deserunt assumenda.', 26, 'unavailable', '1.jpg', 445, '2020-04-18 10:12:06', '2020-04-18 10:12:06', NULL),
(728, 'animi', 'Nulla neque dolorum optio animi omnis ut. Sapiente non exercitationem itaque rerum quam nemo vitae.', 61, 'unavailable', '1.jpg', 491, '2020-04-18 10:12:06', '2020-04-18 10:12:06', NULL),
(729, 'quaerat', 'Dolore esse temporibus quis praesentium. Tempora et ad ut sed.', 28, 'available', '3.jpg', 949, '2020-04-18 10:12:06', '2020-04-18 10:12:06', NULL),
(730, 'at', 'Corporis ut tenetur sit ea eos iste. Hic est iste voluptatum harum molestias.', 54, 'unavailable', '2.jpg', 593, '2020-04-18 10:12:06', '2020-04-18 10:12:06', NULL),
(731, 'nemo', 'Magnam error dolorum totam eos ipsum.', 98, 'unavailable', '1.jpg', 476, '2020-04-18 10:12:06', '2020-04-18 10:12:06', NULL),
(732, 'alias', 'Harum laborum sint debitis consequatur dicta quae est. Quasi ut nostrum quos et veritatis.', 61, 'unavailable', '1.jpg', 581, '2020-04-18 10:12:06', '2020-04-18 10:12:06', NULL),
(733, 'praesentium', 'Eos ut qui quasi numquam et nisi. Quas exercitationem et aliquid pariatur suscipit quis sit.', 94, 'unavailable', '2.jpg', 138, '2020-04-18 10:12:06', '2020-04-18 10:12:06', NULL),
(734, 'consequatur', 'Officiis dolorum dolorem sit sit magnam.', 100, 'available', '2.jpg', 888, '2020-04-18 10:12:06', '2020-04-18 10:12:06', NULL),
(735, 'consequatur', 'Et consequatur rem omnis odio est.', 20, 'unavailable', '2.jpg', 136, '2020-04-18 10:12:06', '2020-04-18 10:12:06', NULL),
(736, 'voluptas', 'Asperiores et nemo magni quo suscipit atque.', 66, 'unavailable', '3.jpg', 823, '2020-04-18 10:12:06', '2020-04-18 10:12:06', NULL),
(737, 'et', 'Fuga culpa nobis non libero est.', 77, 'unavailable', '3.jpg', 275, '2020-04-18 10:12:06', '2020-04-18 10:12:06', NULL),
(738, 'eos', 'Voluptas et dolores distinctio quam doloribus in tempore. Exercitationem occaecati voluptatibus numquam placeat laudantium.', 10, 'available', '2.jpg', 194, '2020-04-18 10:12:06', '2020-04-18 10:12:06', NULL),
(739, 'magni', 'Quibusdam sit sint quia autem pariatur nemo iste. Qui aut ut pariatur suscipit.', 22, 'unavailable', '1.jpg', 538, '2020-04-18 10:12:06', '2020-04-18 10:12:06', NULL),
(740, 'numquam', 'Dolorum enim alias quia nisi placeat rerum ut maiores. Vel cum necessitatibus adipisci sit quibusdam.', 3, 'unavailable', '2.jpg', 513, '2020-04-18 10:12:06', '2020-04-18 10:12:06', NULL),
(741, 'aut', 'Aliquid ut occaecati culpa nesciunt necessitatibus vitae dolorem esse.', 22, 'available', '2.jpg', 702, '2020-04-18 10:12:06', '2020-04-18 10:12:06', NULL),
(742, 'dolorem', 'Ipsum ex itaque omnis suscipit earum.', 31, 'unavailable', '3.jpg', 583, '2020-04-18 10:12:06', '2020-04-18 10:12:06', NULL),
(743, 'cum', 'Ab sapiente ut temporibus sed cum.', 4, 'available', '1.jpg', 729, '2020-04-18 10:12:06', '2020-04-18 10:12:06', NULL),
(744, 'omnis', 'Ipsum blanditiis temporibus dolor et.', 94, 'unavailable', '2.jpg', 330, '2020-04-18 10:12:06', '2020-04-18 10:12:06', NULL),
(745, 'fugiat', 'Id facere molestias officia hic.', 10, 'unavailable', '3.jpg', 733, '2020-04-18 10:12:06', '2020-04-18 10:12:06', NULL),
(746, 'culpa', 'Mollitia necessitatibus quaerat est et beatae ab assumenda aut.', 51, 'available', '3.jpg', 271, '2020-04-18 10:12:06', '2020-04-18 10:12:06', NULL),
(747, 'vel', 'Eaque iure autem molestiae consequuntur.', 24, 'unavailable', '3.jpg', 91, '2020-04-18 10:12:06', '2020-04-18 10:12:06', NULL),
(748, 'dolores', 'Reprehenderit eos aut et.', 27, 'available', '2.jpg', 755, '2020-04-18 10:12:06', '2020-04-18 10:12:06', NULL),
(749, 'saepe', 'Et sunt voluptas similique ut assumenda ut.', 57, 'available', '2.jpg', 696, '2020-04-18 10:12:06', '2020-04-18 10:12:06', NULL),
(750, 'blanditiis', 'Non est sit non autem.', 13, 'available', '2.jpg', 115, '2020-04-18 10:12:06', '2020-04-18 10:12:06', NULL),
(751, 'odit', 'Consequuntur eius et laudantium.', 55, 'unavailable', '2.jpg', 71, '2020-04-18 10:12:06', '2020-04-18 10:12:06', NULL),
(752, 'autem', 'Maxime ullam accusantium animi est maiores quo aspernatur. Quo distinctio consequatur voluptatem expedita aspernatur et reprehenderit.', 15, 'unavailable', '3.jpg', 552, '2020-04-18 10:12:06', '2020-04-18 10:12:06', NULL),
(753, 'nihil', 'Accusamus et et qui rem facere. Quia quibusdam ut blanditiis occaecati.', 10, 'unavailable', '3.jpg', 349, '2020-04-18 10:12:06', '2020-04-18 10:12:06', NULL),
(754, 'sit', 'Neque eveniet quod voluptatem ut. Et praesentium delectus facere fuga modi.', 41, 'unavailable', '3.jpg', 338, '2020-04-18 10:12:06', '2020-04-18 10:12:06', NULL),
(755, 'consequatur', 'Cum autem labore aut sed nemo dolorum. Ab et et esse.', 23, 'available', '2.jpg', 773, '2020-04-18 10:12:06', '2020-04-18 10:12:06', NULL),
(756, 'ea', 'Hic et sit quia voluptas iure. Sed eius qui ut vel eum dignissimos delectus.', 67, 'unavailable', '2.jpg', 712, '2020-04-18 10:12:06', '2020-04-18 10:12:06', NULL),
(757, 'natus', 'Dignissimos voluptates atque qui et.', 40, 'unavailable', '2.jpg', 628, '2020-04-18 10:12:06', '2020-04-18 10:12:06', NULL),
(758, 'sit', 'Rerum et rerum vel vitae itaque.', 6, 'available', '3.jpg', 497, '2020-04-18 10:12:06', '2020-04-18 10:12:06', NULL),
(759, 'iste', 'Officia recusandae cupiditate quod tenetur. Est distinctio laudantium rem quam dolores.', 55, 'available', '3.jpg', 593, '2020-04-18 10:12:06', '2020-04-18 10:12:06', NULL),
(760, 'quia', 'Ut animi odio odio tempore fugiat ut.', 94, 'unavailable', '2.jpg', 894, '2020-04-18 10:12:06', '2020-04-18 10:12:06', NULL),
(761, 'rerum', 'Sequi possimus tempore voluptas rerum quia sit aut. Quis pariatur quas quia ipsum provident.', 40, 'available', '1.jpg', 753, '2020-04-18 10:12:06', '2020-04-18 10:12:06', NULL),
(762, 'facere', 'Ullam quidem delectus beatae.', 20, 'available', '1.jpg', 473, '2020-04-18 10:12:06', '2020-04-18 10:12:06', NULL),
(763, 'quasi', 'Animi consequatur laudantium sint distinctio laboriosam quia excepturi enim. Nemo nesciunt explicabo ducimus dolorum quam vero.', 28, 'available', '3.jpg', 480, '2020-04-18 10:12:06', '2020-04-18 10:12:06', NULL),
(764, 'tempora', 'Deleniti quia rerum consequatur sint.', 54, 'available', '3.jpg', 290, '2020-04-18 10:12:06', '2020-04-18 10:12:06', NULL),
(765, 'et', 'Tenetur maiores minus qui sit voluptas quaerat ut.', 59, 'unavailable', '1.jpg', 560, '2020-04-18 10:12:06', '2020-04-18 10:12:06', NULL),
(766, 'veniam', 'Qui corrupti at rerum omnis quos.', 5, 'unavailable', '2.jpg', 192, '2020-04-18 10:12:06', '2020-04-18 10:12:06', NULL),
(767, 'unde', 'Non rem voluptates et distinctio maxime repellat dolor totam. Dicta id ullam aliquam ut.', 72, 'available', '1.jpg', 813, '2020-04-18 10:12:06', '2020-04-18 10:12:06', NULL),
(768, 'quae', 'Nesciunt nemo asperiores nulla et mollitia amet.', 40, 'available', '1.jpg', 107, '2020-04-18 10:12:06', '2020-04-18 10:12:06', NULL),
(769, 'et', 'Nihil aperiam autem iusto suscipit ratione.', 94, 'available', '1.jpg', 669, '2020-04-18 10:12:06', '2020-04-18 10:12:06', NULL),
(770, 'maiores', 'Eius eligendi quia cupiditate odio. Voluptatibus ea quidem distinctio consequatur.', 82, 'available', '2.jpg', 372, '2020-04-18 10:12:06', '2020-04-18 10:12:06', NULL),
(771, 'omnis', 'Non aliquid repellat praesentium distinctio cumque.', 41, 'unavailable', '3.jpg', 33, '2020-04-18 10:12:06', '2020-04-18 10:12:06', NULL),
(772, 'dolorem', 'Beatae qui expedita corporis neque non. Eveniet tenetur autem est laborum ad qui modi.', 99, 'available', '1.jpg', 890, '2020-04-18 10:12:06', '2020-04-18 10:12:06', NULL),
(773, 'illo', 'Nihil eaque autem consequatur sed repellat.', 40, 'available', '2.jpg', 81, '2020-04-18 10:12:06', '2020-04-18 10:12:06', NULL),
(774, 'maxime', 'Aut possimus distinctio voluptas adipisci id fuga.', 71, 'unavailable', '3.jpg', 872, '2020-04-18 10:12:06', '2020-04-18 10:12:06', NULL),
(775, 'rem', 'Eveniet inventore omnis sint quos. Necessitatibus totam culpa voluptas fuga.', 75, 'unavailable', '2.jpg', 828, '2020-04-18 10:12:06', '2020-04-18 10:12:06', NULL),
(776, 'porro', 'Officiis voluptate exercitationem reprehenderit aut.', 35, 'available', '3.jpg', 837, '2020-04-18 10:12:06', '2020-04-18 10:12:06', NULL),
(777, 'laudantium', 'Quae hic nihil adipisci impedit facilis enim. Molestiae autem aut voluptatibus placeat iste.', 35, 'available', '2.jpg', 456, '2020-04-18 10:12:06', '2020-04-18 10:12:06', NULL),
(778, 'nihil', 'Libero ut occaecati pariatur est quos. Voluptas aut molestias doloremque repudiandae et qui velit.', 14, 'available', '3.jpg', 889, '2020-04-18 10:12:06', '2020-04-18 10:12:06', NULL),
(779, 'ut', 'Aut iste aspernatur velit temporibus numquam deleniti. Pariatur ad asperiores et ea.', 58, 'available', '2.jpg', 507, '2020-04-18 10:12:06', '2020-04-18 10:12:06', NULL),
(780, 'ratione', 'Fuga aliquid quod iste consectetur ut. Non dolore enim ipsam.', 86, 'unavailable', '1.jpg', 662, '2020-04-18 10:12:06', '2020-04-18 10:12:06', NULL),
(781, 'alias', 'Possimus similique possimus autem ipsa officiis.', 97, 'available', '2.jpg', 588, '2020-04-18 10:12:06', '2020-04-18 10:12:06', NULL),
(782, 'quibusdam', 'Deleniti qui quia amet occaecati quisquam nobis. Ullam cum beatae quia laboriosam quos delectus rem.', 73, 'unavailable', '2.jpg', 87, '2020-04-18 10:12:06', '2020-04-18 10:12:06', NULL),
(783, 'necessitatibus', 'Eligendi ut nemo labore facere.', 49, 'unavailable', '1.jpg', 983, '2020-04-18 10:12:06', '2020-04-18 10:12:06', NULL),
(784, 'ut', 'Molestiae qui laborum dolorem id. Dicta sed alias eum qui harum.', 54, 'unavailable', '3.jpg', 73, '2020-04-18 10:12:06', '2020-04-18 10:12:06', NULL),
(785, 'hic', 'Est cupiditate beatae temporibus animi dolor voluptatem.', 41, 'unavailable', '1.jpg', 751, '2020-04-18 10:12:06', '2020-04-18 10:12:06', NULL),
(786, 'tempore', 'Ad consectetur animi corporis in distinctio.', 49, 'unavailable', '1.jpg', 179, '2020-04-18 10:12:06', '2020-04-18 10:12:06', NULL),
(787, 'eligendi', 'Enim error blanditiis eos. Debitis blanditiis consectetur et provident debitis impedit rerum.', 24, 'available', '2.jpg', 943, '2020-04-18 10:12:06', '2020-04-18 10:12:06', NULL),
(788, 'voluptates', 'Ut aliquam ea explicabo quis.', 98, 'available', '3.jpg', 781, '2020-04-18 10:12:06', '2020-04-18 10:12:06', NULL),
(789, 'repudiandae', 'Iusto porro sint magnam tenetur. Eos nulla eius quibusdam et.', 56, 'available', '3.jpg', 894, '2020-04-18 10:12:06', '2020-04-18 10:12:06', NULL),
(790, 'autem', 'Consequatur aperiam saepe blanditiis ipsam necessitatibus tenetur.', 62, 'available', '1.jpg', 123, '2020-04-18 10:12:06', '2020-04-18 10:12:06', NULL),
(791, 'doloribus', 'Id quisquam asperiores id mollitia eos omnis modi. Sit et nemo quibusdam reiciendis et officia.', 91, 'unavailable', '1.jpg', 869, '2020-04-18 10:12:06', '2020-04-18 10:12:06', NULL),
(792, 'architecto', 'Atque eius reprehenderit sequi nisi nam quaerat. Voluptatem asperiores minus sed minus fugit.', 74, 'available', '2.jpg', 832, '2020-04-18 10:12:06', '2020-04-18 10:12:06', NULL),
(793, 'voluptate', 'Omnis illo error rem.', 24, 'unavailable', '1.jpg', 113, '2020-04-18 10:12:06', '2020-04-18 10:12:06', NULL),
(794, 'pariatur', 'Consequatur possimus at impedit quis.', 40, 'available', '2.jpg', 469, '2020-04-18 10:12:06', '2020-04-18 10:12:06', NULL),
(795, 'eligendi', 'Deleniti eius rerum odio soluta.', 92, 'unavailable', '3.jpg', 463, '2020-04-18 10:12:06', '2020-04-18 10:12:06', NULL),
(796, 'vero', 'Dolor laborum cumque enim quaerat explicabo.', 43, 'unavailable', '1.jpg', 15, '2020-04-18 10:12:06', '2020-04-18 10:12:06', NULL),
(797, 'laudantium', 'Ea libero fuga est deleniti quibusdam ullam tempore.', 78, 'unavailable', '2.jpg', 384, '2020-04-18 10:12:06', '2020-04-18 10:12:06', NULL),
(798, 'porro', 'Autem et voluptatem unde cum rerum sed error. Magni fugit harum architecto.', 20, 'available', '2.jpg', 432, '2020-04-18 10:12:06', '2020-04-18 10:12:06', NULL),
(799, 'quo', 'Iure aut qui fugit accusamus. Quia rerum nostrum ratione ut amet laboriosam voluptatum.', 17, 'unavailable', '1.jpg', 204, '2020-04-18 10:12:06', '2020-04-18 10:12:06', NULL),
(800, 'excepturi', 'Impedit nam non quidem distinctio id numquam dolore ut. Ad voluptatibus occaecati numquam quas.', 70, 'available', '3.jpg', 61, '2020-04-18 10:12:06', '2020-04-18 10:12:06', NULL),
(801, 'est', 'Aut eos nihil quia sapiente.', 79, 'available', '2.jpg', 610, '2020-04-18 10:12:06', '2020-04-18 10:12:06', NULL),
(802, 'odit', 'Est et et nostrum vel et corporis.', 63, 'available', '1.jpg', 521, '2020-04-18 10:12:06', '2020-04-18 10:12:06', NULL),
(803, 'vel', 'Cum velit quia aut voluptates et nihil minima.', 35, 'unavailable', '1.jpg', 207, '2020-04-18 10:12:06', '2020-04-18 10:12:06', NULL),
(804, 'ut', 'Voluptatem voluptate quidem magnam omnis accusantium.', 30, 'unavailable', '1.jpg', 413, '2020-04-18 10:12:06', '2020-04-18 10:12:06', NULL),
(805, 'praesentium', 'Nam dicta labore aut saepe.', 83, 'unavailable', '3.jpg', 17, '2020-04-18 10:12:06', '2020-04-18 10:12:06', NULL),
(806, 'in', 'Dolorum repudiandae et id ut repudiandae facere quod. Sed quo illo temporibus commodi deleniti est velit quia.', 7, 'unavailable', '1.jpg', 498, '2020-04-18 10:12:06', '2020-04-18 10:12:06', NULL),
(807, 'placeat', 'Repellendus qui vitae eum sit. Sapiente ducimus iste dolorum et.', 66, 'available', '2.jpg', 647, '2020-04-18 10:12:06', '2020-04-18 10:12:06', NULL),
(808, 'consequatur', 'Commodi culpa nihil voluptas sunt at. Exercitationem illo voluptates quidem vitae.', 100, 'available', '1.jpg', 885, '2020-04-18 10:12:06', '2020-04-18 10:12:06', NULL),
(809, 'id', 'Eum reiciendis ea deserunt recusandae possimus in.', 9, 'available', '3.jpg', 213, '2020-04-18 10:12:06', '2020-04-18 10:12:06', NULL),
(810, 'molestias', 'Quos sint ullam asperiores qui dolore.', 19, 'available', '3.jpg', 351, '2020-04-18 10:12:06', '2020-04-18 10:12:06', NULL),
(811, 'amet', 'Nulla consequatur sequi fuga eligendi provident. Asperiores eius iure fuga facilis perspiciatis eos quia.', 57, 'unavailable', '2.jpg', 911, '2020-04-18 10:12:06', '2020-04-18 10:12:06', NULL),
(812, 'repellat', 'Suscipit ab tempore magnam consectetur illo cumque.', 8, 'unavailable', '2.jpg', 280, '2020-04-18 10:12:06', '2020-04-18 10:12:06', NULL),
(813, 'itaque', 'Doloremque fugiat animi provident minima excepturi aut et perspiciatis. Officia earum aut odit officiis quis et aut.', 1, 'unavailable', '1.jpg', 367, '2020-04-18 10:12:06', '2020-04-18 10:12:06', NULL),
(814, 'autem', 'Culpa quos nobis voluptatem. Similique delectus eum voluptatem amet ducimus odio tempore deleniti.', 57, 'available', '3.jpg', 96, '2020-04-18 10:12:06', '2020-04-18 10:12:06', NULL),
(815, 'est', 'Aut laudantium consectetur eaque. Quasi praesentium autem error.', 61, 'available', '3.jpg', 691, '2020-04-18 10:12:06', '2020-04-18 10:12:06', NULL),
(816, 'qui', 'Sunt ut consequuntur pariatur repellat similique sed.', 56, 'unavailable', '1.jpg', 604, '2020-04-18 10:12:06', '2020-04-18 10:12:06', NULL),
(817, 'voluptatem', 'Numquam nihil aut consectetur ab numquam vel. Sed sunt et ipsam laboriosam et.', 99, 'available', '3.jpg', 777, '2020-04-18 10:12:06', '2020-04-18 10:12:06', NULL),
(818, 'repellat', 'Quas velit sed consequatur in aut nam sed. Provident ut id dicta eum quidem necessitatibus qui.', 83, 'available', '2.jpg', 693, '2020-04-18 10:12:06', '2020-04-18 10:12:06', NULL),
(819, 'ullam', 'Pariatur fugiat voluptas a voluptatem dolor. Et sed consequatur sed laboriosam doloribus omnis error.', 52, 'available', '1.jpg', 225, '2020-04-18 10:12:06', '2020-04-18 10:12:06', NULL),
(820, 'eos', 'Dolore quis id mollitia consequatur necessitatibus omnis ipsum.', 64, 'unavailable', '3.jpg', 260, '2020-04-18 10:12:06', '2020-04-18 10:12:06', NULL),
(821, 'voluptatem', 'Numquam enim ut et delectus et sunt. Fuga aspernatur a inventore consectetur quas exercitationem non.', 72, 'available', '2.jpg', 369, '2020-04-18 10:12:06', '2020-04-18 10:12:06', NULL),
(822, 'est', 'Sapiente ut adipisci consequuntur eius sit tenetur. Tempora accusantium dolore dolores ipsa qui ducimus blanditiis.', 35, 'available', '3.jpg', 632, '2020-04-18 10:12:06', '2020-04-18 10:12:06', NULL),
(823, 'placeat', 'Unde quis est et sint et qui.', 68, 'available', '2.jpg', 774, '2020-04-18 10:12:06', '2020-04-18 10:12:06', NULL),
(824, 'aliquam', 'Eum in dolores corporis molestias ipsum. Autem ut laborum est.', 69, 'unavailable', '2.jpg', 250, '2020-04-18 10:12:06', '2020-04-18 10:12:06', NULL),
(825, 'qui', 'Cumque nisi repellat voluptatem nemo. Qui ipsa quod cumque nobis consequatur qui.', 27, 'unavailable', '3.jpg', 151, '2020-04-18 10:12:06', '2020-04-18 10:12:06', NULL),
(826, 'inventore', 'Laudantium soluta ea perspiciatis ducimus.', 68, 'available', '3.jpg', 344, '2020-04-18 10:12:06', '2020-04-18 10:12:06', NULL),
(827, 'velit', 'Assumenda et enim rerum. Ullam odio officiis sunt.', 15, 'unavailable', '1.jpg', 961, '2020-04-18 10:12:06', '2020-04-18 10:12:06', NULL),
(828, 'explicabo', 'Sed nemo quia veritatis ut alias officiis qui repellendus. Sed vel totam aliquid repellat cumque.', 61, 'available', '2.jpg', 911, '2020-04-18 10:12:06', '2020-04-18 10:12:06', NULL),
(829, 'harum', 'Pariatur ut suscipit aliquam vel officia quo earum. Architecto enim voluptas dolores molestiae.', 24, 'available', '2.jpg', 113, '2020-04-18 10:12:06', '2020-04-18 10:12:06', NULL),
(830, 'earum', 'Blanditiis ipsam ut eum ratione et quia itaque. Qui cum dolorem eligendi.', 46, 'unavailable', '3.jpg', 707, '2020-04-18 10:12:06', '2020-04-18 10:12:06', NULL),
(831, 'natus', 'Ut illum sit non libero beatae. Perspiciatis suscipit ut aut repudiandae placeat doloremque.', 80, 'unavailable', '1.jpg', 218, '2020-04-18 10:12:06', '2020-04-18 10:12:06', NULL),
(832, 'omnis', 'Et voluptatem et est fugiat.', 41, 'unavailable', '3.jpg', 556, '2020-04-18 10:12:06', '2020-04-18 10:12:06', NULL),
(833, 'minima', 'Est atque accusamus maxime quisquam porro. Explicabo in ullam perferendis et optio non.', 78, 'available', '2.jpg', 703, '2020-04-18 10:12:06', '2020-04-18 10:12:06', NULL),
(834, 'sunt', 'Rerum at aperiam dolore esse quaerat quo.', 83, 'available', '1.jpg', 148, '2020-04-18 10:12:06', '2020-04-18 10:12:06', NULL),
(835, 'voluptates', 'Temporibus ratione incidunt eum necessitatibus velit.', 61, 'available', '3.jpg', 678, '2020-04-18 10:12:06', '2020-04-18 10:12:06', NULL),
(836, 'deserunt', 'Nisi aut perferendis cum.', 32, 'unavailable', '1.jpg', 151, '2020-04-18 10:12:06', '2020-04-18 10:12:06', NULL),
(837, 'minima', 'Est possimus quo fuga qui mollitia molestias. Ab mollitia cumque maxime quia.', 34, 'available', '2.jpg', 261, '2020-04-18 10:12:06', '2020-04-18 10:12:06', NULL),
(838, 'accusantium', 'Nihil aliquid fugit quae rerum.', 17, 'unavailable', '1.jpg', 165, '2020-04-18 10:12:06', '2020-04-18 10:12:06', NULL),
(839, 'repellat', 'Iusto aut deserunt facere facilis.', 60, 'unavailable', '1.jpg', 739, '2020-04-18 10:12:06', '2020-04-18 10:12:06', NULL),
(840, 'aut', 'Ut minima natus accusantium quo. Atque molestiae hic id nobis.', 81, 'available', '3.jpg', 269, '2020-04-18 10:12:06', '2020-04-18 10:12:06', NULL),
(841, 'corporis', 'Eius eaque excepturi vitae tempore officiis ipsa quia. Aspernatur ut officiis quo aut est eaque quasi velit.', 23, 'available', '2.jpg', 111, '2020-04-18 10:12:06', '2020-04-18 10:12:06', NULL),
(842, 'inventore', 'Ratione autem hic non quibusdam. Assumenda non consequatur nihil debitis esse cupiditate est rerum.', 96, 'unavailable', '3.jpg', 884, '2020-04-18 10:12:06', '2020-04-18 10:12:06', NULL),
(843, 'facere', 'Maxime error expedita sed voluptatem vero omnis.', 42, 'available', '2.jpg', 268, '2020-04-18 10:12:06', '2020-04-18 10:12:06', NULL),
(844, 'explicabo', 'Qui voluptates esse voluptates blanditiis. Ad impedit quidem et perspiciatis sint molestiae et.', 20, 'available', '1.jpg', 826, '2020-04-18 10:12:06', '2020-04-18 10:12:06', NULL),
(845, 'soluta', 'Mollitia est et rerum unde aut id soluta. Rerum pariatur eos harum odio officiis odit impedit.', 85, 'unavailable', '3.jpg', 721, '2020-04-18 10:12:06', '2020-04-18 10:12:06', NULL),
(846, 'ratione', 'Enim ut ea illo voluptatem repellendus et veniam provident.', 24, 'available', '3.jpg', 83, '2020-04-18 10:12:06', '2020-04-18 10:12:06', NULL),
(847, 'at', 'Et rerum sint autem ab. Quis vitae aut molestiae architecto sequi.', 9, 'available', '2.jpg', 8, '2020-04-18 10:12:06', '2020-04-18 10:12:06', NULL),
(848, 'doloremque', 'Molestiae autem animi distinctio quos.', 58, 'unavailable', '2.jpg', 433, '2020-04-18 10:12:06', '2020-04-18 10:12:06', NULL),
(849, 'laudantium', 'Rerum et voluptatem voluptatum impedit aut voluptatem doloribus. Praesentium consequuntur explicabo exercitationem.', 61, 'available', '1.jpg', 465, '2020-04-18 10:12:06', '2020-04-18 10:12:06', NULL),
(850, 'aperiam', 'Sequi eos quam doloremque quam. Rerum ut qui corporis.', 88, 'unavailable', '2.jpg', 198, '2020-04-18 10:12:06', '2020-04-18 10:12:06', NULL),
(851, 'eveniet', 'Perspiciatis et vel molestias animi nulla. Repellat est sit sunt ut et.', 70, 'available', '3.jpg', 338, '2020-04-18 10:12:06', '2020-04-18 10:12:06', NULL),
(852, 'repellat', 'Suscipit recusandae nihil itaque earum vel consectetur.', 69, 'available', '2.jpg', 939, '2020-04-18 10:12:06', '2020-04-18 10:12:06', NULL),
(853, 'tenetur', 'Quia ut voluptatem ratione dicta.', 83, 'unavailable', '3.jpg', 16, '2020-04-18 10:12:06', '2020-04-18 10:12:06', NULL),
(854, 'dolor', 'Pariatur natus incidunt ipsa rerum harum nihil nemo. Aspernatur non repudiandae saepe rerum sed temporibus.', 96, 'unavailable', '3.jpg', 700, '2020-04-18 10:12:06', '2020-04-18 10:12:06', NULL),
(855, 'pariatur', 'Nostrum minima quam consequatur laboriosam.', 61, 'unavailable', '2.jpg', 783, '2020-04-18 10:12:06', '2020-04-18 10:12:06', NULL),
(856, 'aperiam', 'Et non consequuntur pariatur vel unde magnam molestiae atque. Consequatur aut vel neque velit.', 30, 'available', '1.jpg', 826, '2020-04-18 10:12:06', '2020-04-18 10:12:06', NULL),
(857, 'rem', 'Molestias nihil corporis qui alias.', 13, 'unavailable', '3.jpg', 159, '2020-04-18 10:12:06', '2020-04-18 10:12:06', NULL),
(858, 'rerum', 'Qui velit autem cumque itaque aspernatur.', 52, 'available', '3.jpg', 61, '2020-04-18 10:12:06', '2020-04-18 10:12:06', NULL),
(859, 'quasi', 'Illum eos illo voluptas sed aut totam.', 1, 'unavailable', '1.jpg', 686, '2020-04-18 10:12:06', '2020-04-18 10:12:06', NULL),
(860, 'ut', 'Corporis quia voluptas nihil voluptatem quia molestias. Soluta quis occaecati consequuntur aut ratione enim.', 31, 'unavailable', '3.jpg', 658, '2020-04-18 10:12:06', '2020-04-18 10:12:06', NULL),
(861, 'minus', 'Corporis dolorum dignissimos est et soluta fugiat est quibusdam. Cumque ratione provident est praesentium omnis delectus.', 3, 'unavailable', '2.jpg', 138, '2020-04-18 10:12:06', '2020-04-18 10:12:06', NULL),
(862, 'numquam', 'Cumque vero similique aliquam aliquid saepe ad accusantium.', 43, 'unavailable', '2.jpg', 507, '2020-04-18 10:12:06', '2020-04-18 10:12:06', NULL),
(863, 'dolorum', 'Odit repellendus molestias non minima numquam cumque.', 22, 'unavailable', '3.jpg', 661, '2020-04-18 10:12:06', '2020-04-18 10:12:06', NULL),
(864, 'perspiciatis', 'Nam rerum autem blanditiis vero harum. Est at quos quis temporibus neque earum.', 12, 'unavailable', '1.jpg', 805, '2020-04-18 10:12:06', '2020-04-18 10:12:06', NULL),
(865, 'perferendis', 'Necessitatibus iure repellat in eos labore incidunt. Omnis voluptatibus qui tenetur est neque odit.', 26, 'available', '1.jpg', 963, '2020-04-18 10:12:06', '2020-04-18 10:12:06', NULL),
(866, 'voluptates', 'Hic est consectetur saepe nihil ipsam aut. Magni unde molestias debitis minima.', 69, 'available', '1.jpg', 266, '2020-04-18 10:12:06', '2020-04-18 10:12:06', NULL),
(867, 'sed', 'Corrupti occaecati sed deleniti illo.', 76, 'available', '3.jpg', 185, '2020-04-18 10:12:06', '2020-04-18 10:12:06', NULL),
(868, 'et', 'Eum qui omnis sed fugiat. Qui accusamus quibusdam debitis officia ipsam mollitia nihil.', 28, 'available', '1.jpg', 213, '2020-04-18 10:12:06', '2020-04-18 10:12:06', NULL),
(869, 'velit', 'Provident quae praesentium dignissimos debitis est voluptatem provident.', 47, 'unavailable', '3.jpg', 491, '2020-04-18 10:12:06', '2020-04-18 10:12:06', NULL),
(870, 'rem', 'Omnis delectus harum sed eaque tempore.', 77, 'unavailable', '1.jpg', 744, '2020-04-18 10:12:06', '2020-04-18 10:12:06', NULL),
(871, 'vel', 'Incidunt deleniti beatae eius enim est voluptas qui.', 84, 'unavailable', '3.jpg', 686, '2020-04-18 10:12:06', '2020-04-18 10:12:06', NULL),
(872, 'consectetur', 'Corporis sapiente quo illo omnis laboriosam qui.', 42, 'unavailable', '2.jpg', 722, '2020-04-18 10:12:06', '2020-04-18 10:12:06', NULL),
(873, 'unde', 'Voluptate et aliquid qui aliquid cupiditate sed. Aliquam sunt voluptatem id et est ex neque.', 90, 'unavailable', '3.jpg', 375, '2020-04-18 10:12:06', '2020-04-18 10:12:06', NULL),
(874, 'id', 'Praesentium est quia magnam occaecati. Quae quia est et esse voluptatem commodi omnis.', 49, 'available', '2.jpg', 874, '2020-04-18 10:12:06', '2020-04-18 10:12:06', NULL),
(875, 'facere', 'Ut molestias sint sequi eveniet.', 99, 'available', '3.jpg', 613, '2020-04-18 10:12:06', '2020-04-18 10:12:06', NULL),
(876, 'quis', 'Fuga maiores magnam illo quos voluptatum.', 37, 'available', '1.jpg', 42, '2020-04-18 10:12:06', '2020-04-18 10:12:06', NULL),
(877, 'alias', 'Nihil tempora voluptas et itaque fugit deleniti.', 76, 'unavailable', '3.jpg', 868, '2020-04-18 10:12:06', '2020-04-18 10:12:06', NULL),
(878, 'earum', 'Harum tenetur numquam earum veritatis non unde voluptatem.', 86, 'unavailable', '2.jpg', 507, '2020-04-18 10:12:06', '2020-04-18 10:12:06', NULL),
(879, 'numquam', 'Placeat assumenda qui id enim.', 39, 'unavailable', '3.jpg', 249, '2020-04-18 10:12:06', '2020-04-18 10:12:06', NULL),
(880, 'quis', 'Sunt vitae aut est at omnis sunt corporis.', 34, 'available', '3.jpg', 457, '2020-04-18 10:12:06', '2020-04-18 10:12:06', NULL),
(881, 'esse', 'Qui autem est deleniti.', 19, 'available', '3.jpg', 211, '2020-04-18 10:12:06', '2020-04-18 10:12:06', NULL),
(882, 'reiciendis', 'Ut temporibus quia voluptas animi tempore necessitatibus blanditiis.', 88, 'available', '2.jpg', 994, '2020-04-18 10:12:06', '2020-04-18 10:12:06', NULL),
(883, 'dolor', 'Aut explicabo voluptatem sit tenetur soluta quisquam quia. Sint autem eaque qui vel.', 37, 'available', '3.jpg', 569, '2020-04-18 10:12:06', '2020-04-18 10:12:06', NULL),
(884, 'est', 'Ullam voluptas placeat cum necessitatibus porro labore. Vero soluta aut placeat eum quod non.', 67, 'unavailable', '1.jpg', 992, '2020-04-18 10:12:06', '2020-04-18 10:12:06', NULL),
(885, 'nihil', 'Doloribus occaecati dolor consequuntur quos.', 6, 'unavailable', '3.jpg', 31, '2020-04-18 10:12:06', '2020-04-18 10:12:06', NULL),
(886, 'ea', 'Eaque quia ea eum omnis fugiat.', 38, 'unavailable', '2.jpg', 883, '2020-04-18 10:12:06', '2020-04-18 10:12:06', NULL),
(887, 'aliquam', 'Veniam voluptatem quo quo similique minima sed. Nihil harum impedit animi odit quas eius.', 69, 'unavailable', '2.jpg', 124, '2020-04-18 10:12:06', '2020-04-18 10:12:06', NULL),
(888, 'cupiditate', 'Qui sit ex voluptas consequatur molestiae voluptate perferendis. Eius illum eum ut quaerat.', 17, 'unavailable', '1.jpg', 985, '2020-04-18 10:12:06', '2020-04-18 10:12:06', NULL);
INSERT INTO `products` (`id`, `name`, `description`, `quantity`, `status`, `image`, `seller_id`, `created_at`, `updated_at`, `deleted_at`) VALUES
(889, 'repudiandae', 'Voluptatibus facere assumenda eum voluptatibus. Doloribus modi at cumque nesciunt voluptatibus voluptatem.', 78, 'available', '1.jpg', 264, '2020-04-18 10:12:06', '2020-04-18 10:12:06', NULL),
(890, 'dolorum', 'Alias itaque delectus suscipit sapiente voluptatem ipsum fugit. Corrupti perferendis doloremque sed minus optio sed.', 17, 'available', '3.jpg', 730, '2020-04-18 10:12:06', '2020-04-18 10:12:06', NULL),
(891, 'error', 'Nihil autem harum illo. Odio enim rerum aliquid quis at.', 65, 'available', '1.jpg', 856, '2020-04-18 10:12:06', '2020-04-18 10:12:06', NULL),
(892, 'provident', 'Optio dignissimos molestiae et ratione. Corrupti earum sit temporibus voluptatibus nam et qui.', 65, 'available', '2.jpg', 95, '2020-04-18 10:12:06', '2020-04-18 10:12:06', NULL),
(893, 'est', 'Reprehenderit sed possimus necessitatibus et. Ea eos et cumque quasi officia itaque.', 89, 'unavailable', '1.jpg', 507, '2020-04-18 10:12:06', '2020-04-18 10:12:06', NULL),
(894, 'et', 'Quidem temporibus molestiae rem et excepturi. Est aut qui placeat tenetur aut.', 16, 'available', '3.jpg', 480, '2020-04-18 10:12:06', '2020-04-18 10:12:06', NULL),
(895, 'est', 'Repudiandae et voluptas et hic numquam in placeat.', 30, 'unavailable', '2.jpg', 78, '2020-04-18 10:12:06', '2020-04-18 10:12:06', NULL),
(896, 'officia', 'Rerum officia magni eum sed impedit.', 97, 'unavailable', '1.jpg', 495, '2020-04-18 10:12:06', '2020-04-18 10:12:06', NULL),
(897, 'eos', 'Repudiandae possimus odio sint eaque.', 6, 'unavailable', '2.jpg', 367, '2020-04-18 10:12:06', '2020-04-18 10:12:06', NULL),
(898, 'praesentium', 'Officia cum odio voluptatum.', 73, 'unavailable', '1.jpg', 666, '2020-04-18 10:12:06', '2020-04-18 10:12:06', NULL),
(899, 'ad', 'Odio est nesciunt magnam quam perferendis ut in. Assumenda minima quos et et quas sit.', 82, 'available', '3.jpg', 599, '2020-04-18 10:12:06', '2020-04-18 10:12:06', NULL),
(900, 'omnis', 'Id veniam consequatur ipsa.', 32, 'unavailable', '3.jpg', 438, '2020-04-18 10:12:06', '2020-04-18 10:12:06', NULL),
(901, 'sed', 'Reiciendis blanditiis velit beatae quia qui eligendi.', 54, 'available', '1.jpg', 342, '2020-04-18 10:12:06', '2020-04-18 10:12:06', NULL),
(902, 'consectetur', 'Necessitatibus quisquam non quod aperiam at maxime rem. Molestias dolorum consequatur eos dolores impedit.', 6, 'unavailable', '1.jpg', 523, '2020-04-18 10:12:06', '2020-04-18 10:12:06', NULL),
(903, 'fugit', 'Tenetur distinctio perspiciatis eum sit et.', 58, 'available', '1.jpg', 609, '2020-04-18 10:12:06', '2020-04-18 10:12:06', NULL),
(904, 'laborum', 'Labore ut error nobis sapiente tempore hic. Magnam dolorem esse sed recusandae adipisci esse nemo.', 19, 'available', '1.jpg', 957, '2020-04-18 10:12:06', '2020-04-18 10:12:06', NULL),
(905, 'in', 'Quod et rem qui. Aliquid molestiae saepe ea ipsa rerum reiciendis omnis.', 30, 'unavailable', '3.jpg', 783, '2020-04-18 10:12:06', '2020-04-18 10:12:06', NULL),
(906, 'expedita', 'Odit officia corrupti sit dignissimos.', 45, 'available', '2.jpg', 627, '2020-04-18 10:12:06', '2020-04-18 10:12:06', NULL),
(907, 'nisi', 'Et dolores dolor odio dolorum nemo rerum rerum.', 43, 'unavailable', '1.jpg', 17, '2020-04-18 10:12:06', '2020-04-18 10:12:06', NULL),
(908, 'excepturi', 'Voluptate aut sed expedita reprehenderit sed recusandae. Doloremque modi dolor maxime.', 91, 'unavailable', '3.jpg', 585, '2020-04-18 10:12:06', '2020-04-18 10:12:06', NULL),
(909, 'vel', 'Consequatur eum maxime similique voluptates nisi sint optio est.', 21, 'available', '2.jpg', 126, '2020-04-18 10:12:06', '2020-04-18 10:12:06', NULL),
(910, 'est', 'Consequatur accusamus officia atque perferendis. Quis fugit suscipit similique.', 20, 'available', '3.jpg', 816, '2020-04-18 10:12:06', '2020-04-18 10:12:06', NULL),
(911, 'quia', 'Explicabo sunt odio sint nam.', 96, 'unavailable', '3.jpg', 60, '2020-04-18 10:12:06', '2020-04-18 10:12:06', NULL),
(912, 'et', 'Soluta molestias qui provident et optio excepturi fugit. Magnam labore assumenda qui enim similique omnis ut praesentium.', 47, 'unavailable', '2.jpg', 61, '2020-04-18 10:12:06', '2020-04-18 10:12:06', NULL),
(913, 'delectus', 'Dolorem vel temporibus ut.', 94, 'available', '1.jpg', 547, '2020-04-18 10:12:06', '2020-04-18 10:12:06', NULL),
(914, 'nulla', 'Amet eos et tenetur enim ut labore sit. Sapiente voluptates saepe sequi laboriosam quia cupiditate.', 30, 'available', '3.jpg', 415, '2020-04-18 10:12:06', '2020-04-18 10:12:06', NULL),
(915, 'fuga', 'Necessitatibus voluptatem rerum necessitatibus consequatur. Et similique aut unde non mollitia molestiae dolorem aut.', 48, 'available', '2.jpg', 293, '2020-04-18 10:12:06', '2020-04-18 10:12:06', NULL),
(916, 'consequatur', 'Distinctio ducimus rerum non est molestiae.', 39, 'available', '3.jpg', 402, '2020-04-18 10:12:06', '2020-04-18 10:12:06', NULL),
(917, 'accusantium', 'Eos id sit incidunt ad ut.', 85, 'available', '1.jpg', 476, '2020-04-18 10:12:06', '2020-04-18 10:12:06', NULL),
(918, 'cupiditate', 'Minima incidunt hic quaerat qui ipsum harum qui.', 78, 'available', '2.jpg', 57, '2020-04-18 10:12:06', '2020-04-18 10:12:06', NULL),
(919, 'quod', 'Aut reiciendis dolorem corporis dolores id officiis.', 38, 'available', '3.jpg', 170, '2020-04-18 10:12:06', '2020-04-18 10:12:06', NULL),
(920, 'quos', 'Atque perspiciatis illum ullam deserunt dolor harum id.', 1, 'unavailable', '2.jpg', 302, '2020-04-18 10:12:06', '2020-04-18 10:12:06', NULL),
(921, 'qui', 'Consequatur in sed corrupti rerum quia architecto sunt voluptatem. Qui ipsa delectus fuga sint.', 100, 'unavailable', '3.jpg', 157, '2020-04-18 10:12:06', '2020-04-18 10:12:06', NULL),
(922, 'ab', 'Rerum ut quam fugiat at quis et ea.', 21, 'available', '2.jpg', 376, '2020-04-18 10:12:06', '2020-04-18 10:12:06', NULL),
(923, 'facere', 'Consequatur excepturi rerum nisi quae harum molestiae consequatur alias. Illo alias soluta laudantium sed.', 55, 'available', '3.jpg', 280, '2020-04-18 10:12:06', '2020-04-18 10:12:06', NULL),
(924, 'nemo', 'Pariatur qui natus incidunt excepturi nam occaecati facilis. Quia necessitatibus maxime natus qui.', 6, 'available', '1.jpg', 271, '2020-04-18 10:12:06', '2020-04-18 10:12:06', NULL),
(925, 'eos', 'Tempora ut veniam accusantium odit sunt voluptates. Repudiandae nihil aut et.', 75, 'available', '1.jpg', 76, '2020-04-18 10:12:06', '2020-04-18 10:12:06', NULL),
(926, 'ullam', 'Non voluptas ea ducimus ut sint. Molestiae odit rerum vel dolores est ab.', 9, 'available', '1.jpg', 822, '2020-04-18 10:12:06', '2020-04-18 10:12:06', NULL),
(927, 'unde', 'Voluptates autem omnis eligendi vel. Qui sit suscipit rerum sunt.', 49, 'available', '2.jpg', 211, '2020-04-18 10:12:06', '2020-04-18 10:12:06', NULL),
(928, 'est', 'Corporis quaerat rerum dolores error est ea nisi totam.', 9, 'unavailable', '3.jpg', 314, '2020-04-18 10:12:06', '2020-04-18 10:12:06', NULL),
(929, 'sunt', 'Et tempore doloremque possimus labore quis cumque corrupti.', 98, 'unavailable', '2.jpg', 283, '2020-04-18 10:12:06', '2020-04-18 10:12:06', NULL),
(930, 'est', 'Voluptates animi quisquam enim nesciunt minus dolore.', 35, 'available', '2.jpg', 166, '2020-04-18 10:12:06', '2020-04-18 10:12:06', NULL),
(931, 'eveniet', 'Consequatur temporibus eveniet quis ut. Rerum rerum et animi qui enim.', 51, 'available', '2.jpg', 39, '2020-04-18 10:12:06', '2020-04-18 10:12:06', NULL),
(932, 'omnis', 'Expedita molestiae et dolor illo voluptate dolor.', 4, 'available', '3.jpg', 206, '2020-04-18 10:12:06', '2020-04-18 10:12:06', NULL),
(933, 'aperiam', 'Beatae magnam in laudantium vel.', 48, 'unavailable', '1.jpg', 954, '2020-04-18 10:12:06', '2020-04-18 10:12:06', NULL),
(934, 'delectus', 'Ratione qui dolore at harum.', 42, 'unavailable', '2.jpg', 133, '2020-04-18 10:12:06', '2020-04-18 10:12:06', NULL),
(935, 'numquam', 'Laborum soluta qui ex dolorum quia expedita ut. Cumque iste vero dolores perspiciatis amet occaecati nemo.', 15, 'available', '3.jpg', 863, '2020-04-18 10:12:06', '2020-04-18 10:12:06', NULL),
(936, 'culpa', 'Aut fugiat ad fugiat laboriosam explicabo.', 44, 'available', '3.jpg', 845, '2020-04-18 10:12:06', '2020-04-18 10:12:06', NULL),
(937, 'dolor', 'Minima officia eos possimus inventore voluptatum repellat. Dolore eveniet dolores voluptatibus aut necessitatibus distinctio.', 45, 'unavailable', '2.jpg', 829, '2020-04-18 10:12:06', '2020-04-18 10:12:06', NULL),
(938, 'voluptatibus', 'Sapiente unde accusantium cupiditate excepturi eos vel iure. Facilis qui natus culpa id provident dolor.', 75, 'available', '1.jpg', 480, '2020-04-18 10:12:06', '2020-04-18 10:12:06', NULL),
(939, 'voluptatem', 'Omnis aliquid qui doloribus dolor velit voluptatem. Ipsa qui enim quas optio consequatur.', 6, 'available', '2.jpg', 151, '2020-04-18 10:12:06', '2020-04-18 10:12:06', NULL),
(940, 'sint', 'Quo sit adipisci eveniet voluptas tempora qui. Ea molestias velit pariatur dolore libero nulla.', 49, 'unavailable', '2.jpg', 305, '2020-04-18 10:12:06', '2020-04-18 10:12:06', NULL),
(941, 'aut', 'Sed sint quis omnis est. Ut impedit debitis ea culpa et.', 76, 'available', '3.jpg', 607, '2020-04-18 10:12:06', '2020-04-18 10:12:06', NULL),
(942, 'et', 'Perspiciatis dolores unde veritatis consequuntur enim impedit qui. Sit qui deserunt dicta fuga nostrum.', 80, 'available', '2.jpg', 984, '2020-04-18 10:12:06', '2020-04-18 10:12:06', NULL),
(943, 'consectetur', 'Enim delectus culpa aut odit.', 50, 'unavailable', '3.jpg', 619, '2020-04-18 10:12:06', '2020-04-18 10:12:06', NULL),
(944, 'blanditiis', 'Est nisi labore id voluptatem sed eos. Consectetur magni quas et sed fugit.', 25, 'unavailable', '1.jpg', 620, '2020-04-18 10:12:06', '2020-04-18 10:12:06', NULL),
(945, 'dignissimos', 'Architecto laborum quia eveniet. Inventore dolores quas sunt assumenda vel neque dolorum.', 58, 'unavailable', '1.jpg', 68, '2020-04-18 10:12:06', '2020-04-18 10:12:06', NULL),
(946, 'alias', 'Ab aut et sint itaque numquam aperiam. Reprehenderit possimus placeat rem quos.', 89, 'unavailable', '3.jpg', 530, '2020-04-18 10:12:06', '2020-04-18 10:12:06', NULL),
(947, 'doloremque', 'Nam nihil esse corporis illo voluptatem blanditiis.', 19, 'available', '3.jpg', 382, '2020-04-18 10:12:06', '2020-04-18 10:12:06', NULL),
(948, 'eligendi', 'Autem voluptatem nemo voluptates aut aliquam repudiandae. Illo pariatur quia laudantium ut in.', 5, 'available', '2.jpg', 510, '2020-04-18 10:12:06', '2020-04-18 10:12:06', NULL),
(949, 'dolor', 'Quia quam quis fuga voluptatem.', 65, 'available', '1.jpg', 436, '2020-04-18 10:12:06', '2020-04-18 10:12:06', NULL),
(950, 'tenetur', 'Est commodi quia quae molestiae consequatur dicta nihil.', 85, 'available', '3.jpg', 839, '2020-04-18 10:12:06', '2020-04-18 10:12:06', NULL),
(951, 'non', 'Atque libero aut alias omnis id molestiae esse.', 65, 'available', '2.jpg', 694, '2020-04-18 10:12:06', '2020-04-18 10:12:06', NULL),
(952, 'soluta', 'Et doloribus repellendus eum omnis assumenda. Debitis ea molestiae est quia commodi voluptas.', 59, 'unavailable', '3.jpg', 53, '2020-04-18 10:12:06', '2020-04-18 10:12:06', NULL),
(953, 'aut', 'Aut libero sit impedit mollitia reprehenderit non. Laudantium consequatur error doloribus voluptatem.', 45, 'available', '3.jpg', 187, '2020-04-18 10:12:06', '2020-04-18 10:12:06', NULL),
(954, 'qui', 'Fuga aperiam itaque nam at in id. Et quia fugiat natus tempora sit earum distinctio quis.', 9, 'unavailable', '2.jpg', 445, '2020-04-18 10:12:06', '2020-04-18 10:12:06', NULL),
(955, 'culpa', 'Natus veritatis sapiente provident maxime unde.', 28, 'available', '1.jpg', 803, '2020-04-18 10:12:06', '2020-04-18 10:12:06', NULL),
(956, 'nisi', 'Blanditiis perferendis ad et reprehenderit.', 97, 'unavailable', '2.jpg', 772, '2020-04-18 10:12:06', '2020-04-18 10:12:06', NULL),
(957, 'sunt', 'Voluptatem in repellendus sint rerum suscipit. Sed cum ullam omnis sapiente.', 4, 'available', '3.jpg', 389, '2020-04-18 10:12:06', '2020-04-18 10:12:06', NULL),
(958, 'dolores', 'Excepturi dolorem necessitatibus dolores deleniti rerum aliquid ut. Officia odio deleniti fuga impedit asperiores eveniet qui.', 79, 'unavailable', '3.jpg', 611, '2020-04-18 10:12:06', '2020-04-18 10:12:06', NULL),
(959, 'quas', 'Officiis tempora molestias beatae vero provident dolor.', 81, 'available', '1.jpg', 803, '2020-04-18 10:12:06', '2020-04-18 10:12:06', NULL),
(960, 'voluptatem', 'Officiis autem tenetur voluptatum voluptatum totam. Molestiae ut ipsum rem dolorem rerum.', 82, 'unavailable', '2.jpg', 293, '2020-04-18 10:12:06', '2020-04-18 10:12:06', NULL),
(961, 'amet', 'Exercitationem dolore consequuntur natus.', 26, 'available', '3.jpg', 246, '2020-04-18 10:12:06', '2020-04-18 10:12:06', NULL),
(962, 'dolor', 'Suscipit veniam debitis excepturi eaque molestiae.', 80, 'available', '3.jpg', 236, '2020-04-18 10:12:06', '2020-04-18 10:12:06', NULL),
(963, 'est', 'Facere quia illo voluptas minus et.', 51, 'unavailable', '1.jpg', 704, '2020-04-18 10:12:06', '2020-04-18 10:12:06', NULL),
(964, 'et', 'Omnis et ea odio magnam quidem cumque. Sed qui id in vel similique corporis.', 2, 'unavailable', '1.jpg', 662, '2020-04-18 10:12:06', '2020-04-18 10:12:06', NULL),
(965, 'eos', 'Ducimus in odio dolorem. Quidem voluptas fugiat nemo officia.', 43, 'available', '1.jpg', 842, '2020-04-18 10:12:06', '2020-04-18 10:12:06', NULL),
(966, 'consectetur', 'Voluptatem dolor adipisci ut officia. Eos delectus sapiente et enim fugiat illo beatae mollitia.', 43, 'unavailable', '3.jpg', 491, '2020-04-18 10:12:06', '2020-04-18 10:12:06', NULL),
(967, 'voluptas', 'Aliquid repellat nisi tempora.', 26, 'unavailable', '3.jpg', 894, '2020-04-18 10:12:06', '2020-04-18 10:12:06', NULL),
(968, 'qui', 'Omnis in consequatur sed laboriosam earum natus. Et nam occaecati possimus corrupti voluptatem incidunt incidunt non.', 66, 'available', '3.jpg', 527, '2020-04-18 10:12:06', '2020-04-18 10:12:06', NULL),
(969, 'earum', 'Quas reiciendis nemo magni exercitationem. Magni est incidunt suscipit ea nam.', 80, 'available', '1.jpg', 928, '2020-04-18 10:12:06', '2020-04-18 10:12:06', NULL),
(970, 'molestiae', 'Nihil molestias reprehenderit mollitia eum consequatur velit repellat nostrum. Qui eos animi veniam magni.', 28, 'unavailable', '3.jpg', 968, '2020-04-18 10:12:06', '2020-04-18 10:12:06', NULL),
(971, 'et', 'Facere ipsa blanditiis vero quaerat. A incidunt quo sequi molestias animi quia.', 65, 'available', '2.jpg', 93, '2020-04-18 10:12:06', '2020-04-18 10:12:06', NULL),
(972, 'maiores', 'Ipsum rem nostrum quam porro.', 47, 'unavailable', '1.jpg', 328, '2020-04-18 10:12:06', '2020-04-18 10:12:06', NULL),
(973, 'deleniti', 'Quis hic commodi repellat soluta maiores ipsam et. Repellat provident eum soluta qui blanditiis qui dignissimos.', 58, 'available', '1.jpg', 277, '2020-04-18 10:12:06', '2020-04-18 10:12:06', NULL),
(974, 'officiis', 'Nihil et corrupti qui repellendus iure.', 86, 'unavailable', '3.jpg', 616, '2020-04-18 10:12:06', '2020-04-18 10:12:06', NULL),
(975, 'aut', 'Sapiente error laudantium veritatis magni.', 96, 'available', '1.jpg', 7, '2020-04-18 10:12:06', '2020-04-18 10:12:06', NULL),
(976, 'iure', 'Placeat reprehenderit nisi officia rerum rem sunt.', 46, 'unavailable', '2.jpg', 614, '2020-04-18 10:12:06', '2020-04-18 10:12:06', NULL),
(977, 'itaque', 'Exercitationem sint et repellendus quo. Rerum hic est quas natus voluptate nesciunt.', 91, 'unavailable', '2.jpg', 91, '2020-04-18 10:12:06', '2020-04-18 10:12:06', NULL),
(978, 'officia', 'Quo enim quia ab ab. Ut corporis et tenetur incidunt corrupti.', 15, 'available', '3.jpg', 78, '2020-04-18 10:12:06', '2020-04-18 10:12:06', NULL),
(979, 'numquam', 'Quis doloribus deserunt quia animi et.', 60, 'available', '3.jpg', 300, '2020-04-18 10:12:06', '2020-04-18 10:12:06', NULL),
(980, 'quibusdam', 'Vitae odio deserunt corrupti dolorum quis ut.', 69, 'available', '1.jpg', 211, '2020-04-18 10:12:06', '2020-04-18 10:12:06', NULL),
(981, 'consequatur', 'Quia veritatis exercitationem quidem culpa. Provident et quaerat eos.', 38, 'available', '1.jpg', 812, '2020-04-18 10:12:06', '2020-04-18 10:12:06', NULL),
(982, 'modi', 'Id aut qui voluptatem.', 17, 'unavailable', '3.jpg', 645, '2020-04-18 10:12:06', '2020-04-18 10:12:06', NULL),
(983, 'odio', 'Quia ut molestiae architecto. Nesciunt tempore iusto sit iste eligendi illum quibusdam.', 28, 'available', '2.jpg', 609, '2020-04-18 10:12:06', '2020-04-18 10:12:06', NULL),
(984, 'voluptas', 'Et ullam non animi eveniet.', 19, 'available', '2.jpg', 375, '2020-04-18 10:12:06', '2020-04-18 10:12:06', NULL),
(985, 'perspiciatis', 'Labore culpa expedita aut omnis.', 42, 'unavailable', '1.jpg', 823, '2020-04-18 10:12:06', '2020-04-18 10:12:06', NULL),
(986, 'dolor', 'Aliquid nihil quisquam ea quos itaque. Enim dolorum ut omnis earum facilis.', 1, 'available', '1.jpg', 327, '2020-04-18 10:12:06', '2020-04-18 10:12:06', NULL),
(987, 'magni', 'Neque corrupti praesentium aut culpa delectus.', 64, 'available', '3.jpg', 48, '2020-04-18 10:12:06', '2020-04-18 10:12:06', NULL),
(988, 'eligendi', 'Sit et et nihil consequatur.', 74, 'available', '1.jpg', 913, '2020-04-18 10:12:06', '2020-04-18 10:12:06', NULL),
(989, 'ipsum', 'Qui odit ut officia cum blanditiis error saepe fugit. Dolorem quas ab est expedita mollitia repellendus eius.', 9, 'available', '1.jpg', 950, '2020-04-18 10:12:06', '2020-04-18 10:12:06', NULL),
(990, 'sed', 'Aperiam voluptatem quia laudantium possimus ut. Amet occaecati necessitatibus hic in reiciendis quia quibusdam.', 5, 'unavailable', '1.jpg', 722, '2020-04-18 10:12:06', '2020-04-18 10:12:06', NULL),
(991, 'sapiente', 'Dolorem eius expedita ut optio rerum id necessitatibus. Repellendus recusandae nihil rem qui.', 48, 'available', '2.jpg', 277, '2020-04-18 10:12:06', '2020-04-18 10:12:06', NULL),
(992, 'numquam', 'Exercitationem qui voluptas rerum dolorem voluptates rerum iusto. Aut qui ut sunt omnis quibusdam.', 71, 'available', '3.jpg', 832, '2020-04-18 10:12:06', '2020-04-18 10:12:06', NULL),
(993, 'dolore', 'Maxime minus dolorem neque nobis esse sit temporibus. Eum eum distinctio praesentium adipisci sed.', 70, 'unavailable', '2.jpg', 391, '2020-04-18 10:12:06', '2020-04-18 10:12:06', NULL),
(994, 'quo', 'Quia quo consequatur non voluptas. Rerum molestiae debitis quibusdam et dolore.', 51, 'unavailable', '3.jpg', 813, '2020-04-18 10:12:06', '2020-04-18 10:12:06', NULL),
(995, 'est', 'Distinctio suscipit expedita cupiditate nemo omnis tempore earum.', 53, 'available', '2.jpg', 941, '2020-04-18 10:12:06', '2020-04-18 10:12:06', NULL),
(996, 'omnis', 'Totam hic et est modi est.', 94, 'unavailable', '3.jpg', 349, '2020-04-18 10:12:06', '2020-04-18 10:12:06', NULL),
(997, 'sunt', 'Asperiores et occaecati magnam laboriosam expedita perferendis id.', 31, 'available', '2.jpg', 571, '2020-04-18 10:12:06', '2020-04-18 10:12:06', NULL),
(998, 'impedit', 'Et est quibusdam qui possimus recusandae id.', 30, 'available', '1.jpg', 367, '2020-04-18 10:12:06', '2020-04-18 10:12:06', NULL),
(999, 'sint', 'Accusamus doloribus autem accusantium cum dolorem. Sequi ea suscipit repellat qui maiores.', 39, 'available', '3.jpg', 50, '2020-04-18 10:12:06', '2020-04-18 10:12:06', NULL),
(1000, 'ut', 'Laudantium ut ea sapiente asperiores consequatur natus. Asperiores labore rerum libero ut nulla fugit sint.', 36, 'unavailable', '1.jpg', 602, '2020-04-18 10:12:06', '2020-04-18 10:12:06', NULL);

-- --------------------------------------------------------

--
-- Table structure for table `transactions`
--

CREATE TABLE `transactions` (
  `id` int(10) UNSIGNED NOT NULL,
  `quantity` int(10) UNSIGNED NOT NULL,
  `buyer_id` int(10) UNSIGNED NOT NULL,
  `product_id` int(10) UNSIGNED NOT NULL,
  `created_at` timestamp NULL DEFAULT NULL,
  `updated_at` timestamp NULL DEFAULT NULL,
  `deleted_at` timestamp NULL DEFAULT NULL
) ENGINE=InnoDB DEFAULT CHARSET=utf8mb4 COLLATE=utf8mb4_unicode_ci;

--
-- Dumping data for table `transactions`
--

INSERT INTO `transactions` (`id`, `quantity`, `buyer_id`, `product_id`, `created_at`, `updated_at`, `deleted_at`) VALUES
(1, 1, 148, 728, '2020-04-18 10:12:27', '2020-04-18 10:12:27', NULL),
(2, 1, 883, 417, '2020-04-18 10:12:27', '2020-04-18 10:12:27', NULL),
(3, 1, 860, 488, '2020-04-18 10:12:27', '2020-04-18 10:12:27', NULL),
(4, 1, 519, 554, '2020-04-18 10:12:27', '2020-04-18 10:12:27', NULL),
(5, 2, 989, 342, '2020-04-18 10:12:27', '2020-04-18 10:12:27', NULL),
(6, 3, 329, 38, '2020-04-18 10:12:27', '2020-04-18 10:12:27', NULL),
(7, 2, 753, 754, '2020-04-18 10:12:27', '2020-04-18 10:12:27', NULL),
(8, 3, 939, 627, '2020-04-18 10:12:27', '2020-04-18 10:12:27', NULL),
(9, 1, 171, 970, '2020-04-18 10:12:27', '2020-04-18 10:12:27', NULL),
(10, 3, 250, 8, '2020-04-18 10:12:28', '2020-04-18 10:12:28', NULL),
(11, 3, 775, 608, '2020-04-18 10:12:28', '2020-04-18 10:12:28', NULL),
(12, 2, 212, 208, '2020-04-18 10:12:28', '2020-04-18 10:12:28', NULL),
(13, 1, 367, 855, '2020-04-18 10:12:28', '2020-04-18 10:12:28', NULL),
(14, 2, 95, 905, '2020-04-18 10:12:28', '2020-04-18 10:12:28', NULL),
(15, 2, 235, 954, '2020-04-18 10:12:28', '2020-04-18 10:12:28', NULL),
(16, 1, 712, 166, '2020-04-18 10:12:28', '2020-04-18 10:12:28', NULL),
(17, 3, 592, 489, '2020-04-18 10:12:28', '2020-04-18 10:12:28', NULL),
(18, 1, 109, 659, '2020-04-18 10:12:28', '2020-04-18 10:12:28', NULL),
(19, 1, 443, 973, '2020-04-18 10:12:28', '2020-04-18 10:12:28', NULL),
(20, 2, 519, 771, '2020-04-18 10:12:28', '2020-04-18 10:12:28', NULL),
(21, 1, 123, 708, '2020-04-18 10:12:28', '2020-04-18 10:12:28', NULL),
(22, 1, 182, 666, '2020-04-18 10:12:28', '2020-04-18 10:12:28', NULL),
(23, 1, 599, 294, '2020-04-18 10:12:28', '2020-04-18 10:12:28', NULL),
(24, 2, 185, 96, '2020-04-18 10:12:28', '2020-04-18 10:12:28', NULL),
(25, 3, 19, 885, '2020-04-18 10:12:28', '2020-04-18 10:12:28', NULL),
(26, 3, 539, 395, '2020-04-18 10:12:28', '2020-04-18 10:12:28', NULL),
(27, 3, 737, 238, '2020-04-18 10:12:28', '2020-04-18 10:12:28', NULL),
(28, 2, 652, 223, '2020-04-18 10:12:28', '2020-04-18 10:12:28', NULL),
(29, 3, 957, 932, '2020-04-18 10:12:28', '2020-04-18 10:12:28', NULL),
(30, 2, 179, 677, '2020-04-18 10:12:28', '2020-04-18 10:12:28', NULL),
(31, 3, 56, 94, '2020-04-18 10:12:28', '2020-04-18 10:12:28', NULL),
(32, 3, 679, 355, '2020-04-18 10:12:28', '2020-04-18 10:12:28', NULL),
(33, 3, 494, 564, '2020-04-18 10:12:28', '2020-04-18 10:12:28', NULL),
(34, 2, 533, 465, '2020-04-18 10:12:28', '2020-04-18 10:12:28', NULL),
(35, 1, 63, 684, '2020-04-18 10:12:28', '2020-04-18 10:12:28', NULL),
(36, 1, 392, 541, '2020-04-18 10:12:28', '2020-04-18 10:12:28', NULL),
(37, 3, 468, 900, '2020-04-18 10:12:28', '2020-04-18 10:12:28', NULL),
(38, 2, 625, 978, '2020-04-18 10:12:28', '2020-04-18 10:12:28', NULL),
(39, 3, 909, 301, '2020-04-18 10:12:28', '2020-04-18 10:12:28', NULL),
(40, 2, 510, 741, '2020-04-18 10:12:28', '2020-04-18 10:12:28', NULL),
(41, 2, 355, 688, '2020-04-18 10:12:28', '2020-04-18 10:12:28', NULL),
(42, 3, 75, 7, '2020-04-18 10:12:28', '2020-04-18 10:12:28', NULL),
(43, 1, 827, 161, '2020-04-18 10:12:28', '2020-04-18 10:12:28', NULL),
(44, 2, 837, 464, '2020-04-18 10:12:28', '2020-04-18 10:12:28', NULL),
(45, 1, 848, 686, '2020-04-18 10:12:28', '2020-04-18 10:12:28', NULL),
(46, 2, 815, 478, '2020-04-18 10:12:28', '2020-04-18 10:12:28', NULL),
(47, 2, 638, 102, '2020-04-18 10:12:28', '2020-04-18 10:12:28', NULL),
(48, 3, 983, 182, '2020-04-18 10:12:28', '2020-04-18 10:12:28', NULL),
(49, 3, 333, 640, '2020-04-18 10:12:28', '2020-04-18 10:12:28', NULL),
(50, 1, 11, 844, '2020-04-18 10:12:28', '2020-04-18 10:12:28', NULL),
(51, 3, 682, 1, '2020-04-18 10:12:28', '2020-04-18 10:12:28', NULL),
(52, 2, 802, 663, '2020-04-18 10:12:28', '2020-04-18 10:12:28', NULL),
(53, 2, 26, 708, '2020-04-18 10:12:28', '2020-04-18 10:12:28', NULL),
(54, 1, 557, 194, '2020-04-18 10:12:28', '2020-04-18 10:12:28', NULL),
(55, 3, 954, 574, '2020-04-18 10:12:28', '2020-04-18 10:12:28', NULL),
(56, 2, 392, 849, '2020-04-18 10:12:28', '2020-04-18 10:12:28', NULL),
(57, 3, 50, 364, '2020-04-18 10:12:28', '2020-04-18 10:12:28', NULL),
(58, 2, 541, 373, '2020-04-18 10:12:28', '2020-04-18 10:12:28', NULL),
(59, 1, 679, 694, '2020-04-18 10:12:28', '2020-04-18 10:12:28', NULL),
(60, 1, 73, 921, '2020-04-18 10:12:28', '2020-04-18 10:12:28', NULL),
(61, 1, 914, 376, '2020-04-18 10:12:28', '2020-04-18 10:12:28', NULL),
(62, 2, 665, 953, '2020-04-18 10:12:28', '2020-04-18 10:12:28', NULL),
(63, 2, 594, 20, '2020-04-18 10:12:28', '2020-04-18 10:12:28', NULL),
(64, 3, 346, 357, '2020-04-18 10:12:28', '2020-04-18 10:12:28', NULL),
(65, 1, 938, 477, '2020-04-18 10:12:28', '2020-04-18 10:12:28', NULL),
(66, 1, 753, 80, '2020-04-18 10:12:28', '2020-04-18 10:12:28', NULL),
(67, 2, 794, 664, '2020-04-18 10:12:28', '2020-04-18 10:12:28', NULL),
(68, 2, 165, 925, '2020-04-18 10:12:28', '2020-04-18 10:12:28', NULL),
(69, 2, 901, 878, '2020-04-18 10:12:28', '2020-04-18 10:12:28', NULL),
(70, 2, 351, 371, '2020-04-18 10:12:28', '2020-04-18 10:12:28', NULL),
(71, 1, 512, 918, '2020-04-18 10:12:28', '2020-04-18 10:12:28', NULL),
(72, 2, 89, 404, '2020-04-18 10:12:28', '2020-04-18 10:12:28', NULL),
(73, 3, 414, 598, '2020-04-18 10:12:28', '2020-04-18 10:12:28', NULL),
(74, 3, 584, 1000, '2020-04-18 10:12:28', '2020-04-18 10:12:28', NULL),
(75, 3, 63, 875, '2020-04-18 10:12:28', '2020-04-18 10:12:28', NULL),
(76, 2, 33, 159, '2020-04-18 10:12:28', '2020-04-18 10:12:28', NULL),
(77, 3, 750, 863, '2020-04-18 10:12:28', '2020-04-18 10:12:28', NULL),
(78, 2, 678, 602, '2020-04-18 10:12:28', '2020-04-18 10:12:28', NULL),
(79, 3, 519, 48, '2020-04-18 10:12:28', '2020-04-18 10:12:28', NULL),
(80, 1, 395, 876, '2020-04-18 10:12:28', '2020-04-18 10:12:28', NULL),
(81, 1, 491, 346, '2020-04-18 10:12:28', '2020-04-18 10:12:28', NULL),
(82, 1, 993, 91, '2020-04-18 10:12:28', '2020-04-18 10:12:28', NULL),
(83, 2, 236, 388, '2020-04-18 10:12:28', '2020-04-18 10:12:28', NULL),
(84, 1, 194, 637, '2020-04-18 10:12:28', '2020-04-18 10:12:28', NULL),
(85, 2, 954, 515, '2020-04-18 10:12:28', '2020-04-18 10:12:28', NULL),
(86, 1, 932, 314, '2020-04-18 10:12:28', '2020-04-18 10:12:28', NULL),
(87, 2, 958, 705, '2020-04-18 10:12:28', '2020-04-18 10:12:28', NULL),
(88, 2, 212, 44, '2020-04-18 10:12:28', '2020-04-18 10:12:28', NULL),
(89, 2, 244, 974, '2020-04-18 10:12:28', '2020-04-18 10:12:28', NULL),
(90, 2, 192, 653, '2020-04-18 10:12:28', '2020-04-18 10:12:28', NULL),
(91, 2, 511, 706, '2020-04-18 10:12:28', '2020-04-18 10:12:28', NULL),
(92, 3, 69, 888, '2020-04-18 10:12:28', '2020-04-18 10:12:28', NULL),
(93, 3, 517, 331, '2020-04-18 10:12:28', '2020-04-18 10:12:28', NULL),
(94, 2, 920, 34, '2020-04-18 10:12:28', '2020-04-18 10:12:28', NULL),
(95, 3, 369, 922, '2020-04-18 10:12:28', '2020-04-18 10:12:28', NULL),
(96, 3, 782, 124, '2020-04-18 10:12:28', '2020-04-18 10:12:28', NULL),
(97, 1, 744, 169, '2020-04-18 10:12:28', '2020-04-18 10:12:28', NULL),
(98, 3, 180, 573, '2020-04-18 10:12:28', '2020-04-18 10:12:28', NULL),
(99, 2, 966, 653, '2020-04-18 10:12:28', '2020-04-18 10:12:28', NULL),
(100, 1, 177, 709, '2020-04-18 10:12:28', '2020-04-18 10:12:28', NULL),
(101, 3, 831, 732, '2020-04-18 10:12:28', '2020-04-18 10:12:28', NULL),
(102, 3, 922, 842, '2020-04-18 10:12:28', '2020-04-18 10:12:28', NULL),
(103, 1, 454, 955, '2020-04-18 10:12:28', '2020-04-18 10:12:28', NULL),
(104, 2, 155, 881, '2020-04-18 10:12:28', '2020-04-18 10:12:28', NULL),
(105, 3, 998, 103, '2020-04-18 10:12:28', '2020-04-18 10:12:28', NULL),
(106, 3, 37, 840, '2020-04-18 10:12:28', '2020-04-18 10:12:28', NULL),
(107, 3, 94, 445, '2020-04-18 10:12:28', '2020-04-18 10:12:28', NULL),
(108, 3, 307, 743, '2020-04-18 10:12:28', '2020-04-18 10:12:28', NULL),
(109, 2, 985, 443, '2020-04-18 10:12:28', '2020-04-18 10:12:28', NULL),
(110, 2, 842, 932, '2020-04-18 10:12:28', '2020-04-18 10:12:28', NULL),
(111, 2, 730, 158, '2020-04-18 10:12:28', '2020-04-18 10:12:28', NULL),
(112, 3, 228, 508, '2020-04-18 10:12:28', '2020-04-18 10:12:28', NULL),
(113, 1, 182, 701, '2020-04-18 10:12:28', '2020-04-18 10:12:28', NULL),
(114, 3, 281, 500, '2020-04-18 10:12:28', '2020-04-18 10:12:28', NULL),
(115, 3, 677, 752, '2020-04-18 10:12:28', '2020-04-18 10:12:28', NULL),
(116, 3, 879, 390, '2020-04-18 10:12:28', '2020-04-18 10:12:28', NULL),
(117, 2, 465, 54, '2020-04-18 10:12:28', '2020-04-18 10:12:28', NULL),
(118, 2, 135, 271, '2020-04-18 10:12:28', '2020-04-18 10:12:28', NULL),
(119, 1, 812, 914, '2020-04-18 10:12:28', '2020-04-18 10:12:28', NULL),
(120, 1, 936, 224, '2020-04-18 10:12:28', '2020-04-18 10:12:28', NULL),
(121, 1, 924, 369, '2020-04-18 10:12:28', '2020-04-18 10:12:28', NULL),
(122, 1, 461, 879, '2020-04-18 10:12:28', '2020-04-18 10:12:28', NULL),
(123, 2, 468, 876, '2020-04-18 10:12:28', '2020-04-18 10:12:28', NULL),
(124, 2, 538, 922, '2020-04-18 10:12:28', '2020-04-18 10:12:28', NULL),
(125, 1, 515, 591, '2020-04-18 10:12:28', '2020-04-18 10:12:28', NULL),
(126, 3, 111, 181, '2020-04-18 10:12:28', '2020-04-18 10:12:28', NULL),
(127, 3, 493, 565, '2020-04-18 10:12:28', '2020-04-18 10:12:28', NULL),
(128, 3, 446, 212, '2020-04-18 10:12:28', '2020-04-18 10:12:28', NULL),
(129, 1, 318, 667, '2020-04-18 10:12:28', '2020-04-18 10:12:28', NULL),
(130, 2, 118, 181, '2020-04-18 10:12:28', '2020-04-18 10:12:28', NULL),
(131, 3, 437, 426, '2020-04-18 10:12:28', '2020-04-18 10:12:28', NULL),
(132, 1, 789, 683, '2020-04-18 10:12:28', '2020-04-18 10:12:28', NULL),
(133, 3, 639, 41, '2020-04-18 10:12:28', '2020-04-18 10:12:28', NULL),
(134, 1, 978, 469, '2020-04-18 10:12:28', '2020-04-18 10:12:28', NULL),
(135, 3, 935, 807, '2020-04-18 10:12:28', '2020-04-18 10:12:28', NULL),
(136, 2, 392, 470, '2020-04-18 10:12:28', '2020-04-18 10:12:28', NULL),
(137, 1, 539, 740, '2020-04-18 10:12:28', '2020-04-18 10:12:28', NULL),
(138, 1, 625, 270, '2020-04-18 10:12:28', '2020-04-18 10:12:28', NULL),
(139, 3, 203, 50, '2020-04-18 10:12:28', '2020-04-18 10:12:28', NULL),
(140, 3, 700, 109, '2020-04-18 10:12:28', '2020-04-18 10:12:28', NULL),
(141, 1, 474, 347, '2020-04-18 10:12:28', '2020-04-18 10:12:28', NULL),
(142, 1, 835, 783, '2020-04-18 10:12:28', '2020-04-18 10:12:28', NULL),
(143, 3, 609, 989, '2020-04-18 10:12:28', '2020-04-18 10:12:28', NULL),
(144, 1, 308, 635, '2020-04-18 10:12:28', '2020-04-18 10:12:28', NULL),
(145, 1, 232, 306, '2020-04-18 10:12:28', '2020-04-18 10:12:28', NULL),
(146, 3, 378, 756, '2020-04-18 10:12:28', '2020-04-18 10:12:28', NULL),
(147, 2, 127, 716, '2020-04-18 10:12:28', '2020-04-18 10:12:28', NULL),
(148, 3, 51, 791, '2020-04-18 10:12:28', '2020-04-18 10:12:28', NULL),
(149, 2, 714, 382, '2020-04-18 10:12:28', '2020-04-18 10:12:28', NULL),
(150, 1, 924, 969, '2020-04-18 10:12:28', '2020-04-18 10:12:28', NULL),
(151, 2, 647, 262, '2020-04-18 10:12:28', '2020-04-18 10:12:28', NULL),
(152, 1, 240, 835, '2020-04-18 10:12:28', '2020-04-18 10:12:28', NULL),
(153, 3, 906, 166, '2020-04-18 10:12:28', '2020-04-18 10:12:28', NULL),
(154, 2, 219, 58, '2020-04-18 10:12:28', '2020-04-18 10:12:28', NULL),
(155, 1, 574, 151, '2020-04-18 10:12:28', '2020-04-18 10:12:28', NULL),
(156, 3, 548, 934, '2020-04-18 10:12:28', '2020-04-18 10:12:28', NULL),
(157, 2, 291, 739, '2020-04-18 10:12:28', '2020-04-18 10:12:28', NULL),
(158, 2, 180, 327, '2020-04-18 10:12:28', '2020-04-18 10:12:28', NULL),
(159, 2, 887, 671, '2020-04-18 10:12:28', '2020-04-18 10:12:28', NULL),
(160, 1, 130, 148, '2020-04-18 10:12:28', '2020-04-18 10:12:28', NULL),
(161, 2, 512, 969, '2020-04-18 10:12:28', '2020-04-18 10:12:28', NULL),
(162, 1, 471, 501, '2020-04-18 10:12:28', '2020-04-18 10:12:28', NULL),
(163, 3, 733, 135, '2020-04-18 10:12:28', '2020-04-18 10:12:28', NULL),
(164, 3, 484, 687, '2020-04-18 10:12:28', '2020-04-18 10:12:28', NULL),
(165, 1, 729, 252, '2020-04-18 10:12:28', '2020-04-18 10:12:28', NULL),
(166, 2, 775, 196, '2020-04-18 10:12:28', '2020-04-18 10:12:28', NULL),
(167, 3, 714, 751, '2020-04-18 10:12:28', '2020-04-18 10:12:28', NULL),
(168, 2, 524, 388, '2020-04-18 10:12:28', '2020-04-18 10:12:28', NULL),
(169, 2, 497, 76, '2020-04-18 10:12:28', '2020-04-18 10:12:28', NULL),
(170, 3, 664, 764, '2020-04-18 10:12:28', '2020-04-18 10:12:28', NULL),
(171, 3, 776, 711, '2020-04-18 10:12:28', '2020-04-18 10:12:28', NULL),
(172, 2, 192, 729, '2020-04-18 10:12:28', '2020-04-18 10:12:28', NULL),
(173, 3, 171, 295, '2020-04-18 10:12:28', '2020-04-18 10:12:28', NULL),
(174, 1, 18, 796, '2020-04-18 10:12:28', '2020-04-18 10:12:28', NULL),
(175, 1, 158, 299, '2020-04-18 10:12:28', '2020-04-18 10:12:28', NULL),
(176, 1, 492, 835, '2020-04-18 10:12:28', '2020-04-18 10:12:28', NULL),
(177, 1, 953, 706, '2020-04-18 10:12:28', '2020-04-18 10:12:28', NULL),
(178, 1, 473, 720, '2020-04-18 10:12:28', '2020-04-18 10:12:28', NULL),
(179, 2, 44, 677, '2020-04-18 10:12:28', '2020-04-18 10:12:28', NULL),
(180, 2, 181, 728, '2020-04-18 10:12:28', '2020-04-18 10:12:28', NULL),
(181, 1, 962, 90, '2020-04-18 10:12:28', '2020-04-18 10:12:28', NULL),
(182, 1, 378, 265, '2020-04-18 10:12:28', '2020-04-18 10:12:28', NULL),
(183, 1, 70, 142, '2020-04-18 10:12:28', '2020-04-18 10:12:28', NULL),
(184, 3, 152, 991, '2020-04-18 10:12:28', '2020-04-18 10:12:28', NULL),
(185, 2, 39, 130, '2020-04-18 10:12:28', '2020-04-18 10:12:28', NULL),
(186, 2, 576, 384, '2020-04-18 10:12:28', '2020-04-18 10:12:28', NULL),
(187, 3, 842, 25, '2020-04-18 10:12:28', '2020-04-18 10:12:28', NULL),
(188, 3, 803, 871, '2020-04-18 10:12:28', '2020-04-18 10:12:28', NULL),
(189, 3, 687, 19, '2020-04-18 10:12:28', '2020-04-18 10:12:28', NULL),
(190, 1, 439, 343, '2020-04-18 10:12:28', '2020-04-18 10:12:28', NULL),
(191, 1, 990, 873, '2020-04-18 10:12:28', '2020-04-18 10:12:28', NULL),
(192, 3, 885, 784, '2020-04-18 10:12:28', '2020-04-18 10:12:28', NULL),
(193, 1, 52, 948, '2020-04-18 10:12:28', '2020-04-18 10:12:28', NULL),
(194, 1, 575, 111, '2020-04-18 10:12:28', '2020-04-18 10:12:28', NULL),
(195, 1, 476, 302, '2020-04-18 10:12:28', '2020-04-18 10:12:28', NULL),
(196, 3, 619, 656, '2020-04-18 10:12:28', '2020-04-18 10:12:28', NULL),
(197, 1, 549, 438, '2020-04-18 10:12:28', '2020-04-18 10:12:28', NULL),
(198, 2, 48, 199, '2020-04-18 10:12:28', '2020-04-18 10:12:28', NULL),
(199, 2, 867, 972, '2020-04-18 10:12:28', '2020-04-18 10:12:28', NULL),
(200, 2, 556, 796, '2020-04-18 10:12:28', '2020-04-18 10:12:28', NULL),
(201, 2, 554, 713, '2020-04-18 10:12:28', '2020-04-18 10:12:28', NULL),
(202, 1, 571, 881, '2020-04-18 10:12:28', '2020-04-18 10:12:28', NULL),
(203, 2, 316, 239, '2020-04-18 10:12:28', '2020-04-18 10:12:28', NULL),
(204, 2, 322, 109, '2020-04-18 10:12:28', '2020-04-18 10:12:28', NULL),
(205, 2, 240, 874, '2020-04-18 10:12:28', '2020-04-18 10:12:28', NULL),
(206, 2, 509, 20, '2020-04-18 10:12:28', '2020-04-18 10:12:28', NULL),
(207, 1, 969, 507, '2020-04-18 10:12:28', '2020-04-18 10:12:28', NULL),
(208, 1, 188, 675, '2020-04-18 10:12:28', '2020-04-18 10:12:28', NULL),
(209, 1, 751, 30, '2020-04-18 10:12:28', '2020-04-18 10:12:28', NULL),
(210, 2, 213, 690, '2020-04-18 10:12:28', '2020-04-18 10:12:28', NULL),
(211, 2, 967, 999, '2020-04-18 10:12:28', '2020-04-18 10:12:28', NULL),
(212, 2, 852, 719, '2020-04-18 10:12:28', '2020-04-18 10:12:28', NULL),
(213, 3, 864, 907, '2020-04-18 10:12:28', '2020-04-18 10:12:28', NULL),
(214, 2, 343, 953, '2020-04-18 10:12:28', '2020-04-18 10:12:28', NULL),
(215, 2, 360, 179, '2020-04-18 10:12:28', '2020-04-18 10:12:28', NULL),
(216, 3, 727, 391, '2020-04-18 10:12:28', '2020-04-18 10:12:28', NULL),
(217, 1, 265, 369, '2020-04-18 10:12:28', '2020-04-18 10:12:28', NULL),
(218, 2, 353, 913, '2020-04-18 10:12:28', '2020-04-18 10:12:28', NULL),
(219, 3, 729, 788, '2020-04-18 10:12:28', '2020-04-18 10:12:28', NULL),
(220, 2, 637, 173, '2020-04-18 10:12:28', '2020-04-18 10:12:28', NULL),
(221, 2, 751, 745, '2020-04-18 10:12:28', '2020-04-18 10:12:28', NULL),
(222, 2, 140, 526, '2020-04-18 10:12:28', '2020-04-18 10:12:28', NULL),
(223, 2, 762, 959, '2020-04-18 10:12:28', '2020-04-18 10:12:28', NULL),
(224, 3, 728, 518, '2020-04-18 10:12:28', '2020-04-18 10:12:28', NULL),
(225, 3, 974, 432, '2020-04-18 10:12:28', '2020-04-18 10:12:28', NULL),
(226, 1, 567, 257, '2020-04-18 10:12:28', '2020-04-18 10:12:28', NULL),
(227, 1, 717, 835, '2020-04-18 10:12:28', '2020-04-18 10:12:28', NULL),
(228, 1, 707, 51, '2020-04-18 10:12:28', '2020-04-18 10:12:28', NULL),
(229, 2, 697, 769, '2020-04-18 10:12:28', '2020-04-18 10:12:28', NULL),
(230, 3, 232, 866, '2020-04-18 10:12:28', '2020-04-18 10:12:28', NULL),
(231, 1, 837, 88, '2020-04-18 10:12:28', '2020-04-18 10:12:28', NULL),
(232, 3, 55, 636, '2020-04-18 10:12:28', '2020-04-18 10:12:28', NULL),
(233, 3, 980, 263, '2020-04-18 10:12:28', '2020-04-18 10:12:28', NULL),
(234, 1, 65, 807, '2020-04-18 10:12:28', '2020-04-18 10:12:28', NULL),
(235, 2, 872, 521, '2020-04-18 10:12:28', '2020-04-18 10:12:28', NULL),
(236, 3, 389, 805, '2020-04-18 10:12:28', '2020-04-18 10:12:28', NULL),
(237, 2, 794, 620, '2020-04-18 10:12:28', '2020-04-18 10:12:28', NULL),
(238, 3, 47, 561, '2020-04-18 10:12:28', '2020-04-18 10:12:28', NULL),
(239, 3, 117, 399, '2020-04-18 10:12:28', '2020-04-18 10:12:28', NULL),
(240, 3, 917, 270, '2020-04-18 10:12:28', '2020-04-18 10:12:28', NULL),
(241, 3, 251, 429, '2020-04-18 10:12:28', '2020-04-18 10:12:28', NULL),
(242, 2, 19, 487, '2020-04-18 10:12:28', '2020-04-18 10:12:28', NULL),
(243, 1, 651, 771, '2020-04-18 10:12:28', '2020-04-18 10:12:28', NULL),
(244, 1, 738, 972, '2020-04-18 10:12:28', '2020-04-18 10:12:28', NULL),
(245, 2, 172, 411, '2020-04-18 10:12:28', '2020-04-18 10:12:28', NULL),
(246, 1, 677, 628, '2020-04-18 10:12:28', '2020-04-18 10:12:28', NULL),
(247, 2, 543, 831, '2020-04-18 10:12:28', '2020-04-18 10:12:28', NULL),
(248, 2, 962, 444, '2020-04-18 10:12:28', '2020-04-18 10:12:28', NULL),
(249, 3, 211, 317, '2020-04-18 10:12:28', '2020-04-18 10:12:28', NULL),
(250, 2, 311, 857, '2020-04-18 10:12:28', '2020-04-18 10:12:28', NULL),
(251, 2, 697, 495, '2020-04-18 10:12:28', '2020-04-18 10:12:28', NULL),
(252, 1, 431, 904, '2020-04-18 10:12:28', '2020-04-18 10:12:28', NULL),
(253, 2, 699, 228, '2020-04-18 10:12:28', '2020-04-18 10:12:28', NULL),
(254, 2, 432, 391, '2020-04-18 10:12:28', '2020-04-18 10:12:28', NULL),
(255, 3, 626, 908, '2020-04-18 10:12:28', '2020-04-18 10:12:28', NULL),
(256, 2, 810, 87, '2020-04-18 10:12:28', '2020-04-18 10:12:28', NULL),
(257, 3, 816, 530, '2020-04-18 10:12:28', '2020-04-18 10:12:28', NULL),
(258, 2, 98, 169, '2020-04-18 10:12:28', '2020-04-18 10:12:28', NULL),
(259, 3, 737, 479, '2020-04-18 10:12:28', '2020-04-18 10:12:28', NULL),
(260, 1, 591, 994, '2020-04-18 10:12:28', '2020-04-18 10:12:28', NULL),
(261, 1, 972, 25, '2020-04-18 10:12:28', '2020-04-18 10:12:28', NULL),
(262, 2, 205, 143, '2020-04-18 10:12:28', '2020-04-18 10:12:28', NULL),
(263, 3, 217, 293, '2020-04-18 10:12:28', '2020-04-18 10:12:28', NULL),
(264, 2, 325, 826, '2020-04-18 10:12:28', '2020-04-18 10:12:28', NULL),
(265, 3, 937, 752, '2020-04-18 10:12:28', '2020-04-18 10:12:28', NULL),
(266, 2, 79, 100, '2020-04-18 10:12:28', '2020-04-18 10:12:28', NULL),
(267, 1, 717, 876, '2020-04-18 10:12:28', '2020-04-18 10:12:28', NULL),
(268, 3, 85, 156, '2020-04-18 10:12:28', '2020-04-18 10:12:28', NULL),
(269, 2, 33, 9, '2020-04-18 10:12:28', '2020-04-18 10:12:28', NULL),
(270, 1, 317, 686, '2020-04-18 10:12:28', '2020-04-18 10:12:28', NULL),
(271, 1, 978, 217, '2020-04-18 10:12:28', '2020-04-18 10:12:28', NULL),
(272, 1, 225, 578, '2020-04-18 10:12:28', '2020-04-18 10:12:28', NULL),
(273, 2, 91, 344, '2020-04-18 10:12:28', '2020-04-18 10:12:28', NULL),
(274, 3, 302, 172, '2020-04-18 10:12:28', '2020-04-18 10:12:28', NULL),
(275, 3, 864, 667, '2020-04-18 10:12:28', '2020-04-18 10:12:28', NULL),
(276, 3, 170, 46, '2020-04-18 10:12:28', '2020-04-18 10:12:28', NULL),
(277, 3, 887, 291, '2020-04-18 10:12:28', '2020-04-18 10:12:28', NULL),
(278, 1, 420, 706, '2020-04-18 10:12:28', '2020-04-18 10:12:28', NULL),
(279, 3, 490, 598, '2020-04-18 10:12:28', '2020-04-18 10:12:28', NULL),
(280, 3, 813, 948, '2020-04-18 10:12:28', '2020-04-18 10:12:28', NULL),
(281, 2, 27, 604, '2020-04-18 10:12:28', '2020-04-18 10:12:28', NULL),
(282, 3, 242, 150, '2020-04-18 10:12:28', '2020-04-18 10:12:28', NULL),
(283, 1, 699, 117, '2020-04-18 10:12:28', '2020-04-18 10:12:28', NULL),
(284, 1, 35, 58, '2020-04-18 10:12:28', '2020-04-18 10:12:28', NULL),
(285, 1, 108, 164, '2020-04-18 10:12:28', '2020-04-18 10:12:28', NULL),
(286, 2, 905, 387, '2020-04-18 10:12:28', '2020-04-18 10:12:28', NULL),
(287, 2, 96, 103, '2020-04-18 10:12:28', '2020-04-18 10:12:28', NULL),
(288, 1, 982, 430, '2020-04-18 10:12:28', '2020-04-18 10:12:28', NULL),
(289, 1, 225, 246, '2020-04-18 10:12:28', '2020-04-18 10:12:28', NULL),
(290, 1, 938, 546, '2020-04-18 10:12:28', '2020-04-18 10:12:28', NULL),
(291, 1, 291, 883, '2020-04-18 10:12:28', '2020-04-18 10:12:28', NULL),
(292, 1, 18, 331, '2020-04-18 10:12:28', '2020-04-18 10:12:28', NULL),
(293, 2, 441, 455, '2020-04-18 10:12:28', '2020-04-18 10:12:28', NULL),
(294, 3, 676, 436, '2020-04-18 10:12:28', '2020-04-18 10:12:28', NULL),
(295, 1, 38, 716, '2020-04-18 10:12:28', '2020-04-18 10:12:28', NULL),
(296, 1, 564, 860, '2020-04-18 10:12:28', '2020-04-18 10:12:28', NULL),
(297, 2, 147, 663, '2020-04-18 10:12:28', '2020-04-18 10:12:28', NULL),
(298, 1, 510, 59, '2020-04-18 10:12:28', '2020-04-18 10:12:28', NULL),
(299, 3, 809, 454, '2020-04-18 10:12:28', '2020-04-18 10:12:28', NULL),
(300, 2, 545, 100, '2020-04-18 10:12:28', '2020-04-18 10:12:28', NULL),
(301, 2, 872, 477, '2020-04-18 10:12:28', '2020-04-18 10:12:28', NULL),
(302, 2, 121, 276, '2020-04-18 10:12:28', '2020-04-18 10:12:28', NULL),
(303, 3, 565, 471, '2020-04-18 10:12:28', '2020-04-18 10:12:28', NULL),
(304, 2, 110, 925, '2020-04-18 10:12:28', '2020-04-18 10:12:28', NULL),
(305, 1, 753, 633, '2020-04-18 10:12:28', '2020-04-18 10:12:28', NULL),
(306, 3, 905, 429, '2020-04-18 10:12:28', '2020-04-18 10:12:28', NULL),
(307, 3, 693, 883, '2020-04-18 10:12:28', '2020-04-18 10:12:28', NULL),
(308, 3, 962, 397, '2020-04-18 10:12:28', '2020-04-18 10:12:28', NULL),
(309, 2, 235, 807, '2020-04-18 10:12:28', '2020-04-18 10:12:28', NULL),
(310, 3, 29, 17, '2020-04-18 10:12:28', '2020-04-18 10:12:28', NULL),
(311, 2, 772, 185, '2020-04-18 10:12:28', '2020-04-18 10:12:28', NULL),
(312, 3, 669, 172, '2020-04-18 10:12:28', '2020-04-18 10:12:28', NULL),
(313, 2, 909, 588, '2020-04-18 10:12:28', '2020-04-18 10:12:28', NULL),
(314, 3, 344, 465, '2020-04-18 10:12:28', '2020-04-18 10:12:28', NULL),
(315, 2, 731, 19, '2020-04-18 10:12:28', '2020-04-18 10:12:28', NULL),
(316, 3, 232, 764, '2020-04-18 10:12:28', '2020-04-18 10:12:28', NULL),
(317, 3, 421, 151, '2020-04-18 10:12:28', '2020-04-18 10:12:28', NULL),
(318, 2, 114, 398, '2020-04-18 10:12:28', '2020-04-18 10:12:28', NULL),
(319, 1, 270, 159, '2020-04-18 10:12:28', '2020-04-18 10:12:28', NULL),
(320, 1, 157, 170, '2020-04-18 10:12:28', '2020-04-18 10:12:28', NULL),
(321, 2, 947, 257, '2020-04-18 10:12:28', '2020-04-18 10:12:28', NULL),
(322, 1, 999, 642, '2020-04-18 10:12:28', '2020-04-18 10:12:28', NULL),
(323, 3, 577, 766, '2020-04-18 10:12:28', '2020-04-18 10:12:28', NULL),
(324, 3, 877, 596, '2020-04-18 10:12:28', '2020-04-18 10:12:28', NULL),
(325, 1, 885, 900, '2020-04-18 10:12:28', '2020-04-18 10:12:28', NULL),
(326, 1, 295, 963, '2020-04-18 10:12:28', '2020-04-18 10:12:28', NULL),
(327, 3, 738, 370, '2020-04-18 10:12:28', '2020-04-18 10:12:28', NULL),
(328, 2, 101, 989, '2020-04-18 10:12:28', '2020-04-18 10:12:28', NULL),
(329, 1, 237, 997, '2020-04-18 10:12:28', '2020-04-18 10:12:28', NULL),
(330, 1, 448, 572, '2020-04-18 10:12:28', '2020-04-18 10:12:28', NULL),
(331, 2, 61, 396, '2020-04-18 10:12:28', '2020-04-18 10:12:28', NULL),
(332, 1, 489, 709, '2020-04-18 10:12:28', '2020-04-18 10:12:28', NULL),
(333, 3, 187, 487, '2020-04-18 10:12:28', '2020-04-18 10:12:28', NULL),
(334, 3, 854, 390, '2020-04-18 10:12:28', '2020-04-18 10:12:28', NULL),
(335, 1, 906, 384, '2020-04-18 10:12:28', '2020-04-18 10:12:28', NULL),
(336, 3, 787, 148, '2020-04-18 10:12:28', '2020-04-18 10:12:28', NULL),
(337, 1, 533, 114, '2020-04-18 10:12:28', '2020-04-18 10:12:28', NULL),
(338, 3, 770, 360, '2020-04-18 10:12:28', '2020-04-18 10:12:28', NULL),
(339, 3, 937, 896, '2020-04-18 10:12:28', '2020-04-18 10:12:28', NULL),
(340, 1, 459, 343, '2020-04-18 10:12:28', '2020-04-18 10:12:28', NULL),
(341, 3, 574, 309, '2020-04-18 10:12:28', '2020-04-18 10:12:28', NULL),
(342, 3, 645, 389, '2020-04-18 10:12:28', '2020-04-18 10:12:28', NULL),
(343, 1, 664, 126, '2020-04-18 10:12:28', '2020-04-18 10:12:28', NULL),
(344, 3, 286, 156, '2020-04-18 10:12:28', '2020-04-18 10:12:28', NULL),
(345, 1, 161, 622, '2020-04-18 10:12:28', '2020-04-18 10:12:28', NULL),
(346, 3, 18, 138, '2020-04-18 10:12:28', '2020-04-18 10:12:28', NULL),
(347, 2, 10, 609, '2020-04-18 10:12:28', '2020-04-18 10:12:28', NULL),
(348, 1, 188, 664, '2020-04-18 10:12:28', '2020-04-18 10:12:28', NULL),
(349, 2, 630, 451, '2020-04-18 10:12:28', '2020-04-18 10:12:28', NULL),
(350, 2, 564, 713, '2020-04-18 10:12:28', '2020-04-18 10:12:28', NULL),
(351, 1, 980, 75, '2020-04-18 10:12:28', '2020-04-18 10:12:28', NULL),
(352, 1, 954, 794, '2020-04-18 10:12:28', '2020-04-18 10:12:28', NULL),
(353, 3, 791, 179, '2020-04-18 10:12:28', '2020-04-18 10:12:28', NULL),
(354, 3, 807, 557, '2020-04-18 10:12:28', '2020-04-18 10:12:28', NULL),
(355, 2, 927, 23, '2020-04-18 10:12:28', '2020-04-18 10:12:28', NULL),
(356, 3, 950, 229, '2020-04-18 10:12:28', '2020-04-18 10:12:28', NULL),
(357, 2, 748, 308, '2020-04-18 10:12:28', '2020-04-18 10:12:28', NULL),
(358, 1, 409, 183, '2020-04-18 10:12:28', '2020-04-18 10:12:28', NULL),
(359, 1, 354, 765, '2020-04-18 10:12:28', '2020-04-18 10:12:28', NULL),
(360, 1, 958, 853, '2020-04-18 10:12:28', '2020-04-18 10:12:28', NULL),
(361, 2, 38, 300, '2020-04-18 10:12:28', '2020-04-18 10:12:28', NULL),
(362, 1, 444, 298, '2020-04-18 10:12:28', '2020-04-18 10:12:28', NULL),
(363, 2, 523, 645, '2020-04-18 10:12:28', '2020-04-18 10:12:28', NULL),
(364, 2, 543, 811, '2020-04-18 10:12:28', '2020-04-18 10:12:28', NULL),
(365, 3, 490, 306, '2020-04-18 10:12:28', '2020-04-18 10:12:28', NULL),
(366, 3, 63, 515, '2020-04-18 10:12:28', '2020-04-18 10:12:28', NULL),
(367, 3, 669, 956, '2020-04-18 10:12:28', '2020-04-18 10:12:28', NULL),
(368, 3, 545, 663, '2020-04-18 10:12:28', '2020-04-18 10:12:28', NULL),
(369, 1, 970, 178, '2020-04-18 10:12:28', '2020-04-18 10:12:28', NULL),
(370, 2, 595, 926, '2020-04-18 10:12:28', '2020-04-18 10:12:28', NULL),
(371, 3, 250, 562, '2020-04-18 10:12:28', '2020-04-18 10:12:28', NULL),
(372, 2, 946, 954, '2020-04-18 10:12:28', '2020-04-18 10:12:28', NULL),
(373, 3, 206, 947, '2020-04-18 10:12:28', '2020-04-18 10:12:28', NULL),
(374, 3, 729, 370, '2020-04-18 10:12:28', '2020-04-18 10:12:28', NULL),
(375, 2, 796, 237, '2020-04-18 10:12:28', '2020-04-18 10:12:28', NULL),
(376, 3, 461, 376, '2020-04-18 10:12:28', '2020-04-18 10:12:28', NULL),
(377, 2, 900, 113, '2020-04-18 10:12:28', '2020-04-18 10:12:28', NULL),
(378, 2, 343, 123, '2020-04-18 10:12:28', '2020-04-18 10:12:28', NULL),
(379, 3, 833, 577, '2020-04-18 10:12:28', '2020-04-18 10:12:28', NULL),
(380, 1, 694, 613, '2020-04-18 10:12:28', '2020-04-18 10:12:28', NULL),
(381, 1, 937, 825, '2020-04-18 10:12:28', '2020-04-18 10:12:28', NULL),
(382, 2, 940, 542, '2020-04-18 10:12:28', '2020-04-18 10:12:28', NULL),
(383, 3, 974, 820, '2020-04-18 10:12:28', '2020-04-18 10:12:28', NULL),
(384, 3, 244, 405, '2020-04-18 10:12:28', '2020-04-18 10:12:28', NULL),
(385, 3, 281, 288, '2020-04-18 10:12:28', '2020-04-18 10:12:28', NULL),
(386, 1, 937, 414, '2020-04-18 10:12:28', '2020-04-18 10:12:28', NULL),
(387, 2, 480, 740, '2020-04-18 10:12:28', '2020-04-18 10:12:28', NULL),
(388, 1, 657, 877, '2020-04-18 10:12:28', '2020-04-18 10:12:28', NULL),
(389, 2, 578, 815, '2020-04-18 10:12:28', '2020-04-18 10:12:28', NULL),
(390, 3, 618, 35, '2020-04-18 10:12:28', '2020-04-18 10:12:28', NULL),
(391, 3, 43, 320, '2020-04-18 10:12:28', '2020-04-18 10:12:28', NULL),
(392, 2, 51, 643, '2020-04-18 10:12:28', '2020-04-18 10:12:28', NULL),
(393, 3, 149, 409, '2020-04-18 10:12:28', '2020-04-18 10:12:28', NULL),
(394, 3, 328, 541, '2020-04-18 10:12:28', '2020-04-18 10:12:28', NULL),
(395, 2, 457, 883, '2020-04-18 10:12:28', '2020-04-18 10:12:28', NULL),
(396, 3, 411, 799, '2020-04-18 10:12:28', '2020-04-18 10:12:28', NULL),
(397, 2, 624, 227, '2020-04-18 10:12:28', '2020-04-18 10:12:28', NULL),
(398, 3, 710, 430, '2020-04-18 10:12:28', '2020-04-18 10:12:28', NULL),
(399, 2, 170, 960, '2020-04-18 10:12:28', '2020-04-18 10:12:28', NULL),
(400, 1, 109, 377, '2020-04-18 10:12:28', '2020-04-18 10:12:28', NULL),
(401, 1, 257, 425, '2020-04-18 10:12:28', '2020-04-18 10:12:28', NULL),
(402, 1, 398, 523, '2020-04-18 10:12:28', '2020-04-18 10:12:28', NULL),
(403, 1, 996, 70, '2020-04-18 10:12:28', '2020-04-18 10:12:28', NULL),
(404, 1, 308, 721, '2020-04-18 10:12:28', '2020-04-18 10:12:28', NULL),
(405, 2, 170, 110, '2020-04-18 10:12:28', '2020-04-18 10:12:28', NULL),
(406, 2, 858, 711, '2020-04-18 10:12:28', '2020-04-18 10:12:28', NULL),
(407, 2, 573, 722, '2020-04-18 10:12:28', '2020-04-18 10:12:28', NULL),
(408, 1, 39, 960, '2020-04-18 10:12:28', '2020-04-18 10:12:28', NULL),
(409, 2, 338, 232, '2020-04-18 10:12:28', '2020-04-18 10:12:28', NULL),
(410, 2, 427, 560, '2020-04-18 10:12:28', '2020-04-18 10:12:28', NULL),
(411, 3, 470, 999, '2020-04-18 10:12:28', '2020-04-18 10:12:28', NULL),
(412, 1, 469, 966, '2020-04-18 10:12:28', '2020-04-18 10:12:28', NULL),
(413, 2, 490, 487, '2020-04-18 10:12:28', '2020-04-18 10:12:28', NULL),
(414, 3, 781, 286, '2020-04-18 10:12:28', '2020-04-18 10:12:28', NULL),
(415, 2, 582, 820, '2020-04-18 10:12:28', '2020-04-18 10:12:28', NULL),
(416, 3, 366, 951, '2020-04-18 10:12:28', '2020-04-18 10:12:28', NULL),
(417, 2, 208, 587, '2020-04-18 10:12:28', '2020-04-18 10:12:28', NULL),
(418, 1, 732, 261, '2020-04-18 10:12:28', '2020-04-18 10:12:28', NULL),
(419, 3, 784, 988, '2020-04-18 10:12:28', '2020-04-18 10:12:28', NULL),
(420, 1, 525, 304, '2020-04-18 10:12:28', '2020-04-18 10:12:28', NULL),
(421, 3, 17, 620, '2020-04-18 10:12:28', '2020-04-18 10:12:28', NULL),
(422, 1, 815, 595, '2020-04-18 10:12:28', '2020-04-18 10:12:28', NULL),
(423, 2, 821, 670, '2020-04-18 10:12:28', '2020-04-18 10:12:28', NULL),
(424, 3, 628, 403, '2020-04-18 10:12:28', '2020-04-18 10:12:28', NULL),
(425, 3, 104, 410, '2020-04-18 10:12:28', '2020-04-18 10:12:28', NULL),
(426, 2, 393, 487, '2020-04-18 10:12:28', '2020-04-18 10:12:28', NULL),
(427, 2, 86, 172, '2020-04-18 10:12:28', '2020-04-18 10:12:28', NULL),
(428, 2, 339, 523, '2020-04-18 10:12:28', '2020-04-18 10:12:28', NULL),
(429, 3, 648, 807, '2020-04-18 10:12:28', '2020-04-18 10:12:28', NULL),
(430, 1, 300, 536, '2020-04-18 10:12:28', '2020-04-18 10:12:28', NULL),
(431, 1, 952, 884, '2020-04-18 10:12:28', '2020-04-18 10:12:28', NULL),
(432, 2, 193, 228, '2020-04-18 10:12:28', '2020-04-18 10:12:28', NULL),
(433, 3, 789, 495, '2020-04-18 10:12:28', '2020-04-18 10:12:28', NULL),
(434, 2, 756, 528, '2020-04-18 10:12:28', '2020-04-18 10:12:28', NULL),
(435, 2, 924, 341, '2020-04-18 10:12:28', '2020-04-18 10:12:28', NULL),
(436, 1, 637, 19, '2020-04-18 10:12:28', '2020-04-18 10:12:28', NULL),
(437, 1, 538, 870, '2020-04-18 10:12:28', '2020-04-18 10:12:28', NULL),
(438, 2, 156, 690, '2020-04-18 10:12:28', '2020-04-18 10:12:28', NULL),
(439, 1, 735, 172, '2020-04-18 10:12:28', '2020-04-18 10:12:28', NULL),
(440, 3, 616, 608, '2020-04-18 10:12:28', '2020-04-18 10:12:28', NULL),
(441, 2, 89, 399, '2020-04-18 10:12:28', '2020-04-18 10:12:28', NULL),
(442, 2, 10, 591, '2020-04-18 10:12:28', '2020-04-18 10:12:28', NULL),
(443, 2, 369, 287, '2020-04-18 10:12:28', '2020-04-18 10:12:28', NULL),
(444, 1, 263, 548, '2020-04-18 10:12:28', '2020-04-18 10:12:28', NULL),
(445, 3, 346, 11, '2020-04-18 10:12:28', '2020-04-18 10:12:28', NULL),
(446, 3, 342, 22, '2020-04-18 10:12:28', '2020-04-18 10:12:28', NULL),
(447, 2, 977, 702, '2020-04-18 10:12:28', '2020-04-18 10:12:28', NULL),
(448, 3, 962, 291, '2020-04-18 10:12:28', '2020-04-18 10:12:28', NULL),
(449, 1, 518, 678, '2020-04-18 10:12:28', '2020-04-18 10:12:28', NULL),
(450, 3, 289, 506, '2020-04-18 10:12:28', '2020-04-18 10:12:28', NULL),
(451, 3, 582, 358, '2020-04-18 10:12:28', '2020-04-18 10:12:28', NULL),
(452, 3, 188, 652, '2020-04-18 10:12:28', '2020-04-18 10:12:28', NULL),
(453, 1, 849, 298, '2020-04-18 10:12:28', '2020-04-18 10:12:28', NULL),
(454, 3, 694, 315, '2020-04-18 10:12:28', '2020-04-18 10:12:28', NULL),
(455, 1, 233, 386, '2020-04-18 10:12:28', '2020-04-18 10:12:28', NULL),
(456, 2, 849, 730, '2020-04-18 10:12:28', '2020-04-18 10:12:28', NULL),
(457, 3, 128, 86, '2020-04-18 10:12:28', '2020-04-18 10:12:28', NULL),
(458, 3, 464, 932, '2020-04-18 10:12:28', '2020-04-18 10:12:28', NULL),
(459, 3, 725, 50, '2020-04-18 10:12:28', '2020-04-18 10:12:28', NULL),
(460, 2, 291, 288, '2020-04-18 10:12:28', '2020-04-18 10:12:28', NULL),
(461, 3, 595, 839, '2020-04-18 10:12:28', '2020-04-18 10:12:28', NULL),
(462, 1, 648, 308, '2020-04-18 10:12:28', '2020-04-18 10:12:28', NULL),
(463, 1, 303, 811, '2020-04-18 10:12:28', '2020-04-18 10:12:28', NULL),
(464, 2, 385, 173, '2020-04-18 10:12:28', '2020-04-18 10:12:28', NULL),
(465, 2, 43, 506, '2020-04-18 10:12:28', '2020-04-18 10:12:28', NULL),
(466, 3, 416, 386, '2020-04-18 10:12:28', '2020-04-18 10:12:28', NULL),
(467, 1, 306, 141, '2020-04-18 10:12:28', '2020-04-18 10:12:28', NULL),
(468, 1, 300, 34, '2020-04-18 10:12:28', '2020-04-18 10:12:28', NULL),
(469, 1, 995, 478, '2020-04-18 10:12:28', '2020-04-18 10:12:28', NULL),
(470, 2, 174, 3, '2020-04-18 10:12:28', '2020-04-18 10:12:28', NULL),
(471, 2, 478, 135, '2020-04-18 10:12:28', '2020-04-18 10:12:28', NULL),
(472, 3, 531, 554, '2020-04-18 10:12:28', '2020-04-18 10:12:28', NULL),
(473, 2, 704, 274, '2020-04-18 10:12:28', '2020-04-18 10:12:28', NULL),
(474, 2, 259, 120, '2020-04-18 10:12:28', '2020-04-18 10:12:28', NULL),
(475, 3, 356, 588, '2020-04-18 10:12:28', '2020-04-18 10:12:28', NULL),
(476, 3, 401, 540, '2020-04-18 10:12:28', '2020-04-18 10:12:28', NULL),
(477, 2, 168, 652, '2020-04-18 10:12:28', '2020-04-18 10:12:28', NULL),
(478, 2, 141, 669, '2020-04-18 10:12:28', '2020-04-18 10:12:28', NULL),
(479, 2, 43, 739, '2020-04-18 10:12:28', '2020-04-18 10:12:28', NULL),
(480, 2, 516, 267, '2020-04-18 10:12:28', '2020-04-18 10:12:28', NULL),
(481, 3, 559, 562, '2020-04-18 10:12:28', '2020-04-18 10:12:28', NULL),
(482, 3, 860, 369, '2020-04-18 10:12:28', '2020-04-18 10:12:28', NULL),
(483, 2, 168, 578, '2020-04-18 10:12:28', '2020-04-18 10:12:28', NULL),
(484, 2, 470, 614, '2020-04-18 10:12:28', '2020-04-18 10:12:28', NULL),
(485, 1, 395, 997, '2020-04-18 10:12:28', '2020-04-18 10:12:28', NULL),
(486, 1, 369, 716, '2020-04-18 10:12:28', '2020-04-18 10:12:28', NULL),
(487, 2, 175, 757, '2020-04-18 10:12:28', '2020-04-18 10:12:28', NULL),
(488, 1, 168, 24, '2020-04-18 10:12:28', '2020-04-18 10:12:28', NULL),
(489, 1, 778, 469, '2020-04-18 10:12:28', '2020-04-18 10:12:28', NULL),
(490, 2, 270, 369, '2020-04-18 10:12:28', '2020-04-18 10:12:28', NULL),
(491, 2, 276, 414, '2020-04-18 10:12:28', '2020-04-18 10:12:28', NULL),
(492, 1, 844, 863, '2020-04-18 10:12:28', '2020-04-18 10:12:28', NULL),
(493, 3, 582, 397, '2020-04-18 10:12:28', '2020-04-18 10:12:28', NULL),
(494, 1, 434, 872, '2020-04-18 10:12:28', '2020-04-18 10:12:28', NULL),
(495, 1, 974, 219, '2020-04-18 10:12:28', '2020-04-18 10:12:28', NULL),
(496, 1, 152, 365, '2020-04-18 10:12:28', '2020-04-18 10:12:28', NULL),
(497, 3, 485, 435, '2020-04-18 10:12:28', '2020-04-18 10:12:28', NULL),
(498, 2, 354, 451, '2020-04-18 10:12:28', '2020-04-18 10:12:28', NULL),
(499, 2, 129, 537, '2020-04-18 10:12:28', '2020-04-18 10:12:28', NULL),
(500, 3, 430, 574, '2020-04-18 10:12:28', '2020-04-18 10:12:28', NULL),
(501, 3, 210, 166, '2020-04-18 10:12:28', '2020-04-18 10:12:28', NULL),
(502, 2, 900, 646, '2020-04-18 10:12:28', '2020-04-18 10:12:28', NULL),
(503, 1, 612, 175, '2020-04-18 10:12:28', '2020-04-18 10:12:28', NULL),
(504, 1, 157, 727, '2020-04-18 10:12:28', '2020-04-18 10:12:28', NULL),
(505, 3, 882, 363, '2020-04-18 10:12:28', '2020-04-18 10:12:28', NULL),
(506, 1, 636, 863, '2020-04-18 10:12:28', '2020-04-18 10:12:28', NULL),
(507, 2, 202, 594, '2020-04-18 10:12:28', '2020-04-18 10:12:28', NULL),
(508, 1, 323, 790, '2020-04-18 10:12:28', '2020-04-18 10:12:28', NULL),
(509, 2, 291, 825, '2020-04-18 10:12:28', '2020-04-18 10:12:28', NULL),
(510, 3, 427, 263, '2020-04-18 10:12:28', '2020-04-18 10:12:28', NULL),
(511, 3, 70, 341, '2020-04-18 10:12:28', '2020-04-18 10:12:28', NULL),
(512, 1, 411, 59, '2020-04-18 10:12:28', '2020-04-18 10:12:28', NULL),
(513, 1, 372, 322, '2020-04-18 10:12:28', '2020-04-18 10:12:28', NULL),
(514, 3, 462, 851, '2020-04-18 10:12:28', '2020-04-18 10:12:28', NULL),
(515, 2, 730, 528, '2020-04-18 10:12:28', '2020-04-18 10:12:28', NULL),
(516, 3, 214, 483, '2020-04-18 10:12:28', '2020-04-18 10:12:28', NULL),
(517, 1, 886, 648, '2020-04-18 10:12:28', '2020-04-18 10:12:28', NULL),
(518, 3, 590, 409, '2020-04-18 10:12:28', '2020-04-18 10:12:28', NULL),
(519, 2, 586, 983, '2020-04-18 10:12:28', '2020-04-18 10:12:28', NULL),
(520, 1, 58, 160, '2020-04-18 10:12:28', '2020-04-18 10:12:28', NULL),
(521, 2, 246, 271, '2020-04-18 10:12:28', '2020-04-18 10:12:28', NULL),
(522, 2, 941, 755, '2020-04-18 10:12:28', '2020-04-18 10:12:28', NULL),
(523, 2, 666, 867, '2020-04-18 10:12:28', '2020-04-18 10:12:28', NULL),
(524, 1, 371, 785, '2020-04-18 10:12:28', '2020-04-18 10:12:28', NULL),
(525, 2, 948, 469, '2020-04-18 10:12:28', '2020-04-18 10:12:28', NULL),
(526, 2, 128, 562, '2020-04-18 10:12:28', '2020-04-18 10:12:28', NULL),
(527, 1, 456, 563, '2020-04-18 10:12:28', '2020-04-18 10:12:28', NULL),
(528, 2, 453, 876, '2020-04-18 10:12:28', '2020-04-18 10:12:28', NULL),
(529, 2, 214, 129, '2020-04-18 10:12:28', '2020-04-18 10:12:28', NULL),
(530, 3, 644, 840, '2020-04-18 10:12:28', '2020-04-18 10:12:28', NULL),
(531, 2, 552, 821, '2020-04-18 10:12:28', '2020-04-18 10:12:28', NULL),
(532, 3, 391, 256, '2020-04-18 10:12:28', '2020-04-18 10:12:28', NULL),
(533, 2, 451, 126, '2020-04-18 10:12:28', '2020-04-18 10:12:28', NULL),
(534, 1, 590, 406, '2020-04-18 10:12:28', '2020-04-18 10:12:28', NULL),
(535, 3, 434, 173, '2020-04-18 10:12:28', '2020-04-18 10:12:28', NULL),
(536, 1, 505, 801, '2020-04-18 10:12:28', '2020-04-18 10:12:28', NULL),
(537, 2, 548, 534, '2020-04-18 10:12:28', '2020-04-18 10:12:28', NULL),
(538, 2, 540, 446, '2020-04-18 10:12:28', '2020-04-18 10:12:28', NULL),
(539, 3, 468, 932, '2020-04-18 10:12:28', '2020-04-18 10:12:28', NULL),
(540, 3, 519, 161, '2020-04-18 10:12:28', '2020-04-18 10:12:28', NULL),
(541, 2, 395, 592, '2020-04-18 10:12:28', '2020-04-18 10:12:28', NULL),
(542, 2, 492, 13, '2020-04-18 10:12:28', '2020-04-18 10:12:28', NULL),
(543, 1, 507, 301, '2020-04-18 10:12:28', '2020-04-18 10:12:28', NULL),
(544, 3, 63, 505, '2020-04-18 10:12:28', '2020-04-18 10:12:28', NULL),
(545, 3, 611, 812, '2020-04-18 10:12:28', '2020-04-18 10:12:28', NULL),
(546, 1, 529, 874, '2020-04-18 10:12:28', '2020-04-18 10:12:28', NULL),
(547, 3, 791, 477, '2020-04-18 10:12:28', '2020-04-18 10:12:28', NULL),
(548, 1, 377, 703, '2020-04-18 10:12:28', '2020-04-18 10:12:28', NULL),
(549, 3, 721, 255, '2020-04-18 10:12:28', '2020-04-18 10:12:28', NULL),
(550, 2, 482, 21, '2020-04-18 10:12:28', '2020-04-18 10:12:28', NULL),
(551, 2, 729, 199, '2020-04-18 10:12:28', '2020-04-18 10:12:28', NULL),
(552, 3, 854, 721, '2020-04-18 10:12:28', '2020-04-18 10:12:28', NULL),
(553, 2, 387, 434, '2020-04-18 10:12:28', '2020-04-18 10:12:28', NULL),
(554, 3, 719, 454, '2020-04-18 10:12:28', '2020-04-18 10:12:28', NULL),
(555, 3, 439, 5, '2020-04-18 10:12:28', '2020-04-18 10:12:28', NULL),
(556, 1, 511, 78, '2020-04-18 10:12:28', '2020-04-18 10:12:28', NULL),
(557, 3, 766, 816, '2020-04-18 10:12:28', '2020-04-18 10:12:28', NULL),
(558, 3, 479, 131, '2020-04-18 10:12:28', '2020-04-18 10:12:28', NULL),
(559, 3, 608, 256, '2020-04-18 10:12:28', '2020-04-18 10:12:28', NULL),
(560, 1, 685, 291, '2020-04-18 10:12:28', '2020-04-18 10:12:28', NULL),
(561, 2, 477, 534, '2020-04-18 10:12:28', '2020-04-18 10:12:28', NULL),
(562, 3, 266, 334, '2020-04-18 10:12:28', '2020-04-18 10:12:28', NULL),
(563, 3, 910, 32, '2020-04-18 10:12:28', '2020-04-18 10:12:28', NULL),
(564, 1, 86, 647, '2020-04-18 10:12:28', '2020-04-18 10:12:28', NULL),
(565, 3, 869, 747, '2020-04-18 10:12:28', '2020-04-18 10:12:28', NULL),
(566, 1, 161, 410, '2020-04-18 10:12:28', '2020-04-18 10:12:28', NULL),
(567, 3, 396, 585, '2020-04-18 10:12:28', '2020-04-18 10:12:28', NULL),
(568, 3, 780, 958, '2020-04-18 10:12:28', '2020-04-18 10:12:28', NULL),
(569, 3, 475, 526, '2020-04-18 10:12:28', '2020-04-18 10:12:28', NULL),
(570, 3, 124, 633, '2020-04-18 10:12:28', '2020-04-18 10:12:28', NULL),
(571, 3, 980, 262, '2020-04-18 10:12:28', '2020-04-18 10:12:28', NULL),
(572, 2, 686, 51, '2020-04-18 10:12:28', '2020-04-18 10:12:28', NULL),
(573, 1, 918, 21, '2020-04-18 10:12:28', '2020-04-18 10:12:28', NULL),
(574, 3, 412, 992, '2020-04-18 10:12:28', '2020-04-18 10:12:28', NULL),
(575, 1, 76, 265, '2020-04-18 10:12:28', '2020-04-18 10:12:28', NULL),
(576, 3, 627, 409, '2020-04-18 10:12:28', '2020-04-18 10:12:28', NULL),
(577, 1, 832, 871, '2020-04-18 10:12:28', '2020-04-18 10:12:28', NULL),
(578, 3, 692, 859, '2020-04-18 10:12:28', '2020-04-18 10:12:28', NULL),
(579, 1, 389, 954, '2020-04-18 10:12:28', '2020-04-18 10:12:28', NULL),
(580, 2, 401, 926, '2020-04-18 10:12:28', '2020-04-18 10:12:28', NULL),
(581, 3, 271, 159, '2020-04-18 10:12:28', '2020-04-18 10:12:28', NULL),
(582, 1, 17, 96, '2020-04-18 10:12:28', '2020-04-18 10:12:28', NULL),
(583, 1, 151, 133, '2020-04-18 10:12:28', '2020-04-18 10:12:28', NULL),
(584, 2, 792, 601, '2020-04-18 10:12:28', '2020-04-18 10:12:28', NULL),
(585, 1, 411, 390, '2020-04-18 10:12:28', '2020-04-18 10:12:28', NULL),
(586, 2, 319, 117, '2020-04-18 10:12:28', '2020-04-18 10:12:28', NULL),
(587, 1, 304, 840, '2020-04-18 10:12:28', '2020-04-18 10:12:28', NULL),
(588, 1, 79, 140, '2020-04-18 10:12:28', '2020-04-18 10:12:28', NULL),
(589, 2, 290, 977, '2020-04-18 10:12:28', '2020-04-18 10:12:28', NULL),
(590, 2, 35, 193, '2020-04-18 10:12:28', '2020-04-18 10:12:28', NULL),
(591, 2, 173, 564, '2020-04-18 10:12:28', '2020-04-18 10:12:28', NULL),
(592, 2, 924, 24, '2020-04-18 10:12:28', '2020-04-18 10:12:28', NULL),
(593, 3, 403, 151, '2020-04-18 10:12:28', '2020-04-18 10:12:28', NULL),
(594, 3, 785, 382, '2020-04-18 10:12:28', '2020-04-18 10:12:28', NULL),
(595, 3, 115, 706, '2020-04-18 10:12:28', '2020-04-18 10:12:28', NULL),
(596, 3, 249, 932, '2020-04-18 10:12:28', '2020-04-18 10:12:28', NULL),
(597, 3, 211, 87, '2020-04-18 10:12:28', '2020-04-18 10:12:28', NULL),
(598, 3, 161, 948, '2020-04-18 10:12:28', '2020-04-18 10:12:28', NULL),
(599, 2, 649, 404, '2020-04-18 10:12:28', '2020-04-18 10:12:28', NULL),
(600, 2, 227, 356, '2020-04-18 10:12:28', '2020-04-18 10:12:28', NULL),
(601, 1, 924, 922, '2020-04-18 10:12:28', '2020-04-18 10:12:28', NULL),
(602, 1, 331, 147, '2020-04-18 10:12:28', '2020-04-18 10:12:28', NULL),
(603, 1, 63, 494, '2020-04-18 10:12:28', '2020-04-18 10:12:28', NULL),
(604, 3, 291, 473, '2020-04-18 10:12:28', '2020-04-18 10:12:28', NULL),
(605, 3, 438, 271, '2020-04-18 10:12:28', '2020-04-18 10:12:28', NULL),
(606, 2, 170, 96, '2020-04-18 10:12:28', '2020-04-18 10:12:28', NULL),
(607, 2, 257, 610, '2020-04-18 10:12:28', '2020-04-18 10:12:28', NULL),
(608, 2, 725, 503, '2020-04-18 10:12:28', '2020-04-18 10:12:28', NULL),
(609, 2, 783, 141, '2020-04-18 10:12:28', '2020-04-18 10:12:28', NULL),
(610, 3, 840, 667, '2020-04-18 10:12:28', '2020-04-18 10:12:28', NULL),
(611, 1, 214, 595, '2020-04-18 10:12:28', '2020-04-18 10:12:28', NULL),
(612, 2, 890, 507, '2020-04-18 10:12:28', '2020-04-18 10:12:28', NULL),
(613, 2, 436, 577, '2020-04-18 10:12:28', '2020-04-18 10:12:28', NULL),
(614, 3, 108, 478, '2020-04-18 10:12:28', '2020-04-18 10:12:28', NULL),
(615, 3, 475, 228, '2020-04-18 10:12:28', '2020-04-18 10:12:28', NULL),
(616, 3, 651, 895, '2020-04-18 10:12:28', '2020-04-18 10:12:28', NULL),
(617, 3, 373, 263, '2020-04-18 10:12:28', '2020-04-18 10:12:28', NULL),
(618, 3, 211, 719, '2020-04-18 10:12:28', '2020-04-18 10:12:28', NULL),
(619, 1, 825, 765, '2020-04-18 10:12:28', '2020-04-18 10:12:28', NULL),
(620, 2, 611, 701, '2020-04-18 10:12:28', '2020-04-18 10:12:28', NULL),
(621, 2, 766, 154, '2020-04-18 10:12:28', '2020-04-18 10:12:28', NULL),
(622, 3, 193, 269, '2020-04-18 10:12:28', '2020-04-18 10:12:28', NULL),
(623, 2, 951, 670, '2020-04-18 10:12:28', '2020-04-18 10:12:28', NULL),
(624, 2, 961, 956, '2020-04-18 10:12:28', '2020-04-18 10:12:28', NULL),
(625, 1, 919, 93, '2020-04-18 10:12:28', '2020-04-18 10:12:28', NULL),
(626, 3, 507, 955, '2020-04-18 10:12:28', '2020-04-18 10:12:28', NULL),
(627, 1, 818, 153, '2020-04-18 10:12:28', '2020-04-18 10:12:28', NULL),
(628, 2, 6, 607, '2020-04-18 10:12:28', '2020-04-18 10:12:28', NULL),
(629, 1, 363, 218, '2020-04-18 10:12:28', '2020-04-18 10:12:28', NULL),
(630, 2, 1000, 560, '2020-04-18 10:12:28', '2020-04-18 10:12:28', NULL),
(631, 2, 292, 883, '2020-04-18 10:12:28', '2020-04-18 10:12:28', NULL),
(632, 1, 779, 561, '2020-04-18 10:12:28', '2020-04-18 10:12:28', NULL),
(633, 2, 744, 447, '2020-04-18 10:12:28', '2020-04-18 10:12:28', NULL),
(634, 2, 494, 693, '2020-04-18 10:12:28', '2020-04-18 10:12:28', NULL),
(635, 3, 715, 771, '2020-04-18 10:12:28', '2020-04-18 10:12:28', NULL),
(636, 1, 806, 112, '2020-04-18 10:12:28', '2020-04-18 10:12:28', NULL),
(637, 1, 25, 355, '2020-04-18 10:12:28', '2020-04-18 10:12:28', NULL),
(638, 1, 353, 96, '2020-04-18 10:12:28', '2020-04-18 10:12:28', NULL),
(639, 2, 420, 281, '2020-04-18 10:12:28', '2020-04-18 10:12:28', NULL),
(640, 3, 536, 432, '2020-04-18 10:12:28', '2020-04-18 10:12:28', NULL),
(641, 1, 132, 401, '2020-04-18 10:12:28', '2020-04-18 10:12:28', NULL),
(642, 2, 536, 338, '2020-04-18 10:12:28', '2020-04-18 10:12:28', NULL),
(643, 1, 121, 394, '2020-04-18 10:12:28', '2020-04-18 10:12:28', NULL),
(644, 2, 501, 221, '2020-04-18 10:12:28', '2020-04-18 10:12:28', NULL),
(645, 1, 851, 250, '2020-04-18 10:12:28', '2020-04-18 10:12:28', NULL),
(646, 1, 915, 790, '2020-04-18 10:12:28', '2020-04-18 10:12:28', NULL),
(647, 3, 659, 447, '2020-04-18 10:12:28', '2020-04-18 10:12:28', NULL),
(648, 2, 448, 387, '2020-04-18 10:12:28', '2020-04-18 10:12:28', NULL),
(649, 1, 574, 36, '2020-04-18 10:12:28', '2020-04-18 10:12:28', NULL),
(650, 1, 736, 745, '2020-04-18 10:12:28', '2020-04-18 10:12:28', NULL),
(651, 1, 50, 272, '2020-04-18 10:12:28', '2020-04-18 10:12:28', NULL),
(652, 2, 229, 943, '2020-04-18 10:12:28', '2020-04-18 10:12:28', NULL),
(653, 2, 372, 643, '2020-04-18 10:12:28', '2020-04-18 10:12:28', NULL),
(654, 2, 744, 487, '2020-04-18 10:12:28', '2020-04-18 10:12:28', NULL),
(655, 1, 56, 490, '2020-04-18 10:12:28', '2020-04-18 10:12:28', NULL),
(656, 1, 66, 300, '2020-04-18 10:12:28', '2020-04-18 10:12:28', NULL),
(657, 3, 435, 734, '2020-04-18 10:12:28', '2020-04-18 10:12:28', NULL),
(658, 2, 281, 193, '2020-04-18 10:12:28', '2020-04-18 10:12:28', NULL),
(659, 2, 332, 633, '2020-04-18 10:12:28', '2020-04-18 10:12:28', NULL),
(660, 3, 569, 737, '2020-04-18 10:12:28', '2020-04-18 10:12:28', NULL),
(661, 1, 363, 945, '2020-04-18 10:12:28', '2020-04-18 10:12:28', NULL),
(662, 1, 898, 981, '2020-04-18 10:12:28', '2020-04-18 10:12:28', NULL),
(663, 3, 6, 212, '2020-04-18 10:12:28', '2020-04-18 10:12:28', NULL),
(664, 3, 225, 842, '2020-04-18 10:12:28', '2020-04-18 10:12:28', NULL),
(665, 3, 680, 628, '2020-04-18 10:12:28', '2020-04-18 10:12:28', NULL),
(666, 2, 666, 551, '2020-04-18 10:12:28', '2020-04-18 10:12:28', NULL),
(667, 2, 989, 506, '2020-04-18 10:12:28', '2020-04-18 10:12:28', NULL),
(668, 1, 418, 734, '2020-04-18 10:12:28', '2020-04-18 10:12:28', NULL),
(669, 1, 20, 226, '2020-04-18 10:12:28', '2020-04-18 10:12:28', NULL),
(670, 3, 28, 777, '2020-04-18 10:12:28', '2020-04-18 10:12:28', NULL),
(671, 1, 185, 399, '2020-04-18 10:12:28', '2020-04-18 10:12:28', NULL),
(672, 3, 983, 835, '2020-04-18 10:12:28', '2020-04-18 10:12:28', NULL),
(673, 1, 980, 858, '2020-04-18 10:12:28', '2020-04-18 10:12:28', NULL),
(674, 1, 721, 380, '2020-04-18 10:12:28', '2020-04-18 10:12:28', NULL),
(675, 2, 846, 42, '2020-04-18 10:12:28', '2020-04-18 10:12:28', NULL),
(676, 1, 490, 54, '2020-04-18 10:12:28', '2020-04-18 10:12:28', NULL),
(677, 2, 296, 801, '2020-04-18 10:12:28', '2020-04-18 10:12:28', NULL),
(678, 3, 489, 624, '2020-04-18 10:12:28', '2020-04-18 10:12:28', NULL),
(679, 1, 338, 628, '2020-04-18 10:12:28', '2020-04-18 10:12:28', NULL),
(680, 2, 36, 502, '2020-04-18 10:12:28', '2020-04-18 10:12:28', NULL),
(681, 3, 225, 391, '2020-04-18 10:12:28', '2020-04-18 10:12:28', NULL),
(682, 2, 597, 860, '2020-04-18 10:12:28', '2020-04-18 10:12:28', NULL),
(683, 1, 198, 669, '2020-04-18 10:12:28', '2020-04-18 10:12:28', NULL),
(684, 3, 962, 701, '2020-04-18 10:12:28', '2020-04-18 10:12:28', NULL),
(685, 2, 295, 795, '2020-04-18 10:12:28', '2020-04-18 10:12:28', NULL),
(686, 2, 985, 397, '2020-04-18 10:12:28', '2020-04-18 10:12:28', NULL),
(687, 2, 884, 833, '2020-04-18 10:12:28', '2020-04-18 10:12:28', NULL),
(688, 2, 782, 807, '2020-04-18 10:12:28', '2020-04-18 10:12:28', NULL),
(689, 3, 555, 343, '2020-04-18 10:12:28', '2020-04-18 10:12:28', NULL),
(690, 3, 700, 20, '2020-04-18 10:12:28', '2020-04-18 10:12:28', NULL),
(691, 1, 687, 904, '2020-04-18 10:12:28', '2020-04-18 10:12:28', NULL),
(692, 1, 942, 387, '2020-04-18 10:12:28', '2020-04-18 10:12:28', NULL),
(693, 1, 455, 795, '2020-04-18 10:12:28', '2020-04-18 10:12:28', NULL),
(694, 1, 249, 292, '2020-04-18 10:12:28', '2020-04-18 10:12:28', NULL),
(695, 3, 327, 169, '2020-04-18 10:12:28', '2020-04-18 10:12:28', NULL),
(696, 3, 785, 503, '2020-04-18 10:12:28', '2020-04-18 10:12:28', NULL),
(697, 2, 51, 129, '2020-04-18 10:12:28', '2020-04-18 10:12:28', NULL),
(698, 1, 831, 562, '2020-04-18 10:12:28', '2020-04-18 10:12:28', NULL),
(699, 2, 320, 454, '2020-04-18 10:12:28', '2020-04-18 10:12:28', NULL),
(700, 2, 950, 266, '2020-04-18 10:12:28', '2020-04-18 10:12:28', NULL),
(701, 1, 540, 626, '2020-04-18 10:12:28', '2020-04-18 10:12:28', NULL),
(702, 1, 803, 221, '2020-04-18 10:12:28', '2020-04-18 10:12:28', NULL),
(703, 1, 627, 322, '2020-04-18 10:12:28', '2020-04-18 10:12:28', NULL),
(704, 3, 889, 233, '2020-04-18 10:12:28', '2020-04-18 10:12:28', NULL),
(705, 1, 675, 724, '2020-04-18 10:12:28', '2020-04-18 10:12:28', NULL),
(706, 3, 66, 114, '2020-04-18 10:12:28', '2020-04-18 10:12:28', NULL),
(707, 1, 933, 816, '2020-04-18 10:12:28', '2020-04-18 10:12:28', NULL),
(708, 2, 915, 506, '2020-04-18 10:12:28', '2020-04-18 10:12:28', NULL),
(709, 3, 439, 465, '2020-04-18 10:12:28', '2020-04-18 10:12:28', NULL),
(710, 3, 581, 718, '2020-04-18 10:12:28', '2020-04-18 10:12:28', NULL),
(711, 1, 949, 270, '2020-04-18 10:12:28', '2020-04-18 10:12:28', NULL),
(712, 3, 367, 454, '2020-04-18 10:12:28', '2020-04-18 10:12:28', NULL),
(713, 2, 491, 54, '2020-04-18 10:12:28', '2020-04-18 10:12:28', NULL),
(714, 1, 250, 234, '2020-04-18 10:12:28', '2020-04-18 10:12:28', NULL),
(715, 2, 181, 652, '2020-04-18 10:12:28', '2020-04-18 10:12:28', NULL),
(716, 2, 157, 316, '2020-04-18 10:12:28', '2020-04-18 10:12:28', NULL);
INSERT INTO `transactions` (`id`, `quantity`, `buyer_id`, `product_id`, `created_at`, `updated_at`, `deleted_at`) VALUES
(717, 3, 10, 776, '2020-04-18 10:12:28', '2020-04-18 10:12:28', NULL),
(718, 3, 393, 163, '2020-04-18 10:12:28', '2020-04-18 10:12:28', NULL),
(719, 3, 723, 177, '2020-04-18 10:12:28', '2020-04-18 10:12:28', NULL),
(720, 1, 897, 531, '2020-04-18 10:12:28', '2020-04-18 10:12:28', NULL),
(721, 2, 346, 9, '2020-04-18 10:12:28', '2020-04-18 10:12:28', NULL),
(722, 3, 938, 122, '2020-04-18 10:12:28', '2020-04-18 10:12:28', NULL),
(723, 1, 628, 292, '2020-04-18 10:12:28', '2020-04-18 10:12:28', NULL),
(724, 1, 991, 767, '2020-04-18 10:12:28', '2020-04-18 10:12:28', NULL),
(725, 3, 417, 972, '2020-04-18 10:12:28', '2020-04-18 10:12:28', NULL),
(726, 2, 402, 603, '2020-04-18 10:12:28', '2020-04-18 10:12:28', NULL),
(727, 3, 433, 642, '2020-04-18 10:12:28', '2020-04-18 10:12:28', NULL),
(728, 3, 588, 169, '2020-04-18 10:12:28', '2020-04-18 10:12:28', NULL),
(729, 2, 558, 66, '2020-04-18 10:12:28', '2020-04-18 10:12:28', NULL),
(730, 1, 278, 863, '2020-04-18 10:12:28', '2020-04-18 10:12:28', NULL),
(731, 2, 15, 53, '2020-04-18 10:12:28', '2020-04-18 10:12:28', NULL),
(732, 1, 456, 646, '2020-04-18 10:12:28', '2020-04-18 10:12:28', NULL),
(733, 1, 518, 317, '2020-04-18 10:12:28', '2020-04-18 10:12:28', NULL),
(734, 2, 740, 458, '2020-04-18 10:12:28', '2020-04-18 10:12:28', NULL),
(735, 2, 917, 50, '2020-04-18 10:12:28', '2020-04-18 10:12:28', NULL),
(736, 3, 393, 168, '2020-04-18 10:12:28', '2020-04-18 10:12:28', NULL),
(737, 3, 524, 114, '2020-04-18 10:12:28', '2020-04-18 10:12:28', NULL),
(738, 1, 966, 934, '2020-04-18 10:12:28', '2020-04-18 10:12:28', NULL),
(739, 3, 180, 850, '2020-04-18 10:12:28', '2020-04-18 10:12:28', NULL),
(740, 1, 556, 958, '2020-04-18 10:12:28', '2020-04-18 10:12:28', NULL),
(741, 1, 741, 657, '2020-04-18 10:12:28', '2020-04-18 10:12:28', NULL),
(742, 1, 763, 701, '2020-04-18 10:12:28', '2020-04-18 10:12:28', NULL),
(743, 2, 936, 667, '2020-04-18 10:12:28', '2020-04-18 10:12:28', NULL),
(744, 2, 902, 864, '2020-04-18 10:12:28', '2020-04-18 10:12:28', NULL),
(745, 3, 517, 783, '2020-04-18 10:12:28', '2020-04-18 10:12:28', NULL),
(746, 2, 3, 193, '2020-04-18 10:12:28', '2020-04-18 10:12:28', NULL),
(747, 1, 703, 345, '2020-04-18 10:12:28', '2020-04-18 10:12:28', NULL),
(748, 1, 686, 612, '2020-04-18 10:12:28', '2020-04-18 10:12:28', NULL),
(749, 1, 380, 372, '2020-04-18 10:12:28', '2020-04-18 10:12:28', NULL),
(750, 3, 819, 633, '2020-04-18 10:12:28', '2020-04-18 10:12:28', NULL),
(751, 3, 901, 637, '2020-04-18 10:12:28', '2020-04-18 10:12:28', NULL),
(752, 3, 375, 918, '2020-04-18 10:12:28', '2020-04-18 10:12:28', NULL),
(753, 2, 675, 472, '2020-04-18 10:12:28', '2020-04-18 10:12:28', NULL),
(754, 2, 660, 292, '2020-04-18 10:12:28', '2020-04-18 10:12:28', NULL),
(755, 2, 887, 830, '2020-04-18 10:12:28', '2020-04-18 10:12:28', NULL),
(756, 3, 527, 695, '2020-04-18 10:12:28', '2020-04-18 10:12:28', NULL),
(757, 1, 54, 245, '2020-04-18 10:12:28', '2020-04-18 10:12:28', NULL),
(758, 2, 36, 399, '2020-04-18 10:12:28', '2020-04-18 10:12:28', NULL),
(759, 3, 4, 463, '2020-04-18 10:12:28', '2020-04-18 10:12:28', NULL),
(760, 1, 597, 870, '2020-04-18 10:12:28', '2020-04-18 10:12:28', NULL),
(761, 3, 603, 91, '2020-04-18 10:12:28', '2020-04-18 10:12:28', NULL),
(762, 2, 791, 204, '2020-04-18 10:12:28', '2020-04-18 10:12:28', NULL),
(763, 2, 74, 943, '2020-04-18 10:12:28', '2020-04-18 10:12:28', NULL),
(764, 3, 474, 545, '2020-04-18 10:12:28', '2020-04-18 10:12:28', NULL),
(765, 2, 629, 752, '2020-04-18 10:12:28', '2020-04-18 10:12:28', NULL),
(766, 1, 425, 23, '2020-04-18 10:12:28', '2020-04-18 10:12:28', NULL),
(767, 2, 918, 19, '2020-04-18 10:12:28', '2020-04-18 10:12:28', NULL),
(768, 1, 141, 95, '2020-04-18 10:12:28', '2020-04-18 10:12:28', NULL),
(769, 2, 220, 504, '2020-04-18 10:12:28', '2020-04-18 10:12:28', NULL),
(770, 3, 780, 119, '2020-04-18 10:12:28', '2020-04-18 10:12:28', NULL),
(771, 1, 234, 573, '2020-04-18 10:12:28', '2020-04-18 10:12:28', NULL),
(772, 1, 966, 804, '2020-04-18 10:12:28', '2020-04-18 10:12:28', NULL),
(773, 1, 935, 619, '2020-04-18 10:12:28', '2020-04-18 10:12:28', NULL),
(774, 2, 466, 126, '2020-04-18 10:12:28', '2020-04-18 10:12:28', NULL),
(775, 3, 766, 2, '2020-04-18 10:12:28', '2020-04-18 10:12:28', NULL),
(776, 3, 615, 248, '2020-04-18 10:12:28', '2020-04-18 10:12:28', NULL),
(777, 3, 759, 646, '2020-04-18 10:12:28', '2020-04-18 10:12:28', NULL),
(778, 2, 940, 976, '2020-04-18 10:12:28', '2020-04-18 10:12:28', NULL),
(779, 1, 323, 721, '2020-04-18 10:12:28', '2020-04-18 10:12:28', NULL),
(780, 2, 480, 380, '2020-04-18 10:12:28', '2020-04-18 10:12:28', NULL),
(781, 3, 501, 433, '2020-04-18 10:12:28', '2020-04-18 10:12:28', NULL),
(782, 1, 281, 595, '2020-04-18 10:12:28', '2020-04-18 10:12:28', NULL),
(783, 2, 374, 47, '2020-04-18 10:12:28', '2020-04-18 10:12:28', NULL),
(784, 2, 583, 155, '2020-04-18 10:12:28', '2020-04-18 10:12:28', NULL),
(785, 2, 883, 713, '2020-04-18 10:12:28', '2020-04-18 10:12:28', NULL),
(786, 1, 840, 230, '2020-04-18 10:12:28', '2020-04-18 10:12:28', NULL),
(787, 3, 356, 7, '2020-04-18 10:12:28', '2020-04-18 10:12:28', NULL),
(788, 2, 78, 216, '2020-04-18 10:12:28', '2020-04-18 10:12:28', NULL),
(789, 1, 320, 397, '2020-04-18 10:12:28', '2020-04-18 10:12:28', NULL),
(790, 1, 758, 286, '2020-04-18 10:12:28', '2020-04-18 10:12:28', NULL),
(791, 3, 769, 108, '2020-04-18 10:12:28', '2020-04-18 10:12:28', NULL),
(792, 2, 443, 897, '2020-04-18 10:12:28', '2020-04-18 10:12:28', NULL),
(793, 2, 283, 579, '2020-04-18 10:12:28', '2020-04-18 10:12:28', NULL),
(794, 1, 203, 901, '2020-04-18 10:12:28', '2020-04-18 10:12:28', NULL),
(795, 3, 192, 689, '2020-04-18 10:12:28', '2020-04-18 10:12:28', NULL),
(796, 2, 894, 781, '2020-04-18 10:12:28', '2020-04-18 10:12:28', NULL),
(797, 3, 894, 917, '2020-04-18 10:12:28', '2020-04-18 10:12:28', NULL),
(798, 2, 486, 602, '2020-04-18 10:12:28', '2020-04-18 10:12:28', NULL),
(799, 2, 650, 643, '2020-04-18 10:12:28', '2020-04-18 10:12:28', NULL),
(800, 1, 833, 473, '2020-04-18 10:12:28', '2020-04-18 10:12:28', NULL),
(801, 2, 440, 526, '2020-04-18 10:12:28', '2020-04-18 10:12:28', NULL),
(802, 2, 96, 479, '2020-04-18 10:12:28', '2020-04-18 10:12:28', NULL),
(803, 2, 439, 995, '2020-04-18 10:12:28', '2020-04-18 10:12:28', NULL),
(804, 1, 223, 633, '2020-04-18 10:12:28', '2020-04-18 10:12:28', NULL),
(805, 1, 348, 283, '2020-04-18 10:12:28', '2020-04-18 10:12:28', NULL),
(806, 2, 830, 987, '2020-04-18 10:12:28', '2020-04-18 10:12:28', NULL),
(807, 2, 35, 261, '2020-04-18 10:12:28', '2020-04-18 10:12:28', NULL),
(808, 3, 784, 587, '2020-04-18 10:12:28', '2020-04-18 10:12:28', NULL),
(809, 2, 8, 534, '2020-04-18 10:12:28', '2020-04-18 10:12:28', NULL),
(810, 2, 58, 499, '2020-04-18 10:12:28', '2020-04-18 10:12:28', NULL),
(811, 1, 256, 820, '2020-04-18 10:12:28', '2020-04-18 10:12:28', NULL),
(812, 1, 702, 429, '2020-04-18 10:12:28', '2020-04-18 10:12:28', NULL),
(813, 2, 667, 3, '2020-04-18 10:12:28', '2020-04-18 10:12:28', NULL),
(814, 3, 365, 391, '2020-04-18 10:12:28', '2020-04-18 10:12:28', NULL),
(815, 1, 989, 945, '2020-04-18 10:12:28', '2020-04-18 10:12:28', NULL),
(816, 1, 23, 507, '2020-04-18 10:12:28', '2020-04-18 10:12:28', NULL),
(817, 3, 679, 867, '2020-04-18 10:12:28', '2020-04-18 10:12:28', NULL),
(818, 1, 967, 968, '2020-04-18 10:12:28', '2020-04-18 10:12:28', NULL),
(819, 3, 290, 794, '2020-04-18 10:12:28', '2020-04-18 10:12:28', NULL),
(820, 3, 30, 658, '2020-04-18 10:12:28', '2020-04-18 10:12:28', NULL),
(821, 3, 935, 81, '2020-04-18 10:12:28', '2020-04-18 10:12:28', NULL),
(822, 3, 977, 9, '2020-04-18 10:12:28', '2020-04-18 10:12:28', NULL),
(823, 1, 340, 175, '2020-04-18 10:12:28', '2020-04-18 10:12:28', NULL),
(824, 2, 919, 583, '2020-04-18 10:12:28', '2020-04-18 10:12:28', NULL),
(825, 1, 966, 487, '2020-04-18 10:12:28', '2020-04-18 10:12:28', NULL),
(826, 1, 48, 968, '2020-04-18 10:12:28', '2020-04-18 10:12:28', NULL),
(827, 3, 622, 359, '2020-04-18 10:12:28', '2020-04-18 10:12:28', NULL),
(828, 2, 353, 405, '2020-04-18 10:12:28', '2020-04-18 10:12:28', NULL),
(829, 1, 152, 69, '2020-04-18 10:12:28', '2020-04-18 10:12:28', NULL),
(830, 2, 34, 851, '2020-04-18 10:12:28', '2020-04-18 10:12:28', NULL),
(831, 1, 631, 900, '2020-04-18 10:12:28', '2020-04-18 10:12:28', NULL),
(832, 1, 723, 272, '2020-04-18 10:12:28', '2020-04-18 10:12:28', NULL),
(833, 1, 381, 703, '2020-04-18 10:12:28', '2020-04-18 10:12:28', NULL),
(834, 2, 308, 171, '2020-04-18 10:12:28', '2020-04-18 10:12:28', NULL),
(835, 3, 877, 107, '2020-04-18 10:12:28', '2020-04-18 10:12:28', NULL),
(836, 2, 714, 846, '2020-04-18 10:12:28', '2020-04-18 10:12:28', NULL),
(837, 3, 471, 406, '2020-04-18 10:12:28', '2020-04-18 10:12:28', NULL),
(838, 2, 721, 668, '2020-04-18 10:12:28', '2020-04-18 10:12:28', NULL),
(839, 3, 925, 518, '2020-04-18 10:12:28', '2020-04-18 10:12:28', NULL),
(840, 2, 684, 383, '2020-04-18 10:12:28', '2020-04-18 10:12:28', NULL),
(841, 3, 660, 773, '2020-04-18 10:12:28', '2020-04-18 10:12:28', NULL),
(842, 1, 32, 900, '2020-04-18 10:12:28', '2020-04-18 10:12:28', NULL),
(843, 3, 197, 8, '2020-04-18 10:12:28', '2020-04-18 10:12:28', NULL),
(844, 1, 483, 12, '2020-04-18 10:12:28', '2020-04-18 10:12:28', NULL),
(845, 2, 487, 727, '2020-04-18 10:12:28', '2020-04-18 10:12:28', NULL),
(846, 2, 620, 709, '2020-04-18 10:12:28', '2020-04-18 10:12:28', NULL),
(847, 2, 233, 295, '2020-04-18 10:12:28', '2020-04-18 10:12:28', NULL),
(848, 1, 895, 799, '2020-04-18 10:12:28', '2020-04-18 10:12:28', NULL),
(849, 2, 96, 503, '2020-04-18 10:12:28', '2020-04-18 10:12:28', NULL),
(850, 2, 615, 224, '2020-04-18 10:12:28', '2020-04-18 10:12:28', NULL),
(851, 1, 257, 443, '2020-04-18 10:12:28', '2020-04-18 10:12:28', NULL),
(852, 1, 459, 995, '2020-04-18 10:12:28', '2020-04-18 10:12:28', NULL),
(853, 2, 595, 259, '2020-04-18 10:12:28', '2020-04-18 10:12:28', NULL),
(854, 3, 213, 492, '2020-04-18 10:12:28', '2020-04-18 10:12:28', NULL),
(855, 1, 734, 904, '2020-04-18 10:12:28', '2020-04-18 10:12:28', NULL),
(856, 1, 330, 485, '2020-04-18 10:12:28', '2020-04-18 10:12:28', NULL),
(857, 2, 837, 497, '2020-04-18 10:12:28', '2020-04-18 10:12:28', NULL),
(858, 1, 405, 285, '2020-04-18 10:12:28', '2020-04-18 10:12:28', NULL),
(859, 2, 186, 661, '2020-04-18 10:12:28', '2020-04-18 10:12:28', NULL),
(860, 2, 54, 707, '2020-04-18 10:12:28', '2020-04-18 10:12:28', NULL),
(861, 3, 273, 705, '2020-04-18 10:12:28', '2020-04-18 10:12:28', NULL),
(862, 3, 336, 523, '2020-04-18 10:12:28', '2020-04-18 10:12:28', NULL),
(863, 1, 843, 216, '2020-04-18 10:12:28', '2020-04-18 10:12:28', NULL),
(864, 2, 936, 2, '2020-04-18 10:12:28', '2020-04-18 10:12:28', NULL),
(865, 2, 888, 966, '2020-04-18 10:12:28', '2020-04-18 10:12:28', NULL),
(866, 2, 628, 335, '2020-04-18 10:12:28', '2020-04-18 10:12:28', NULL),
(867, 3, 200, 904, '2020-04-18 10:12:28', '2020-04-18 10:12:28', NULL),
(868, 3, 44, 248, '2020-04-18 10:12:28', '2020-04-18 10:12:28', NULL),
(869, 3, 601, 251, '2020-04-18 10:12:28', '2020-04-18 10:12:28', NULL),
(870, 1, 790, 81, '2020-04-18 10:12:28', '2020-04-18 10:12:28', NULL),
(871, 3, 693, 337, '2020-04-18 10:12:28', '2020-04-18 10:12:28', NULL),
(872, 3, 445, 263, '2020-04-18 10:12:28', '2020-04-18 10:12:28', NULL),
(873, 3, 394, 146, '2020-04-18 10:12:28', '2020-04-18 10:12:28', NULL),
(874, 3, 931, 1000, '2020-04-18 10:12:28', '2020-04-18 10:12:28', NULL),
(875, 3, 279, 956, '2020-04-18 10:12:28', '2020-04-18 10:12:28', NULL),
(876, 1, 406, 59, '2020-04-18 10:12:28', '2020-04-18 10:12:28', NULL),
(877, 3, 427, 47, '2020-04-18 10:12:28', '2020-04-18 10:12:28', NULL),
(878, 1, 912, 947, '2020-04-18 10:12:28', '2020-04-18 10:12:28', NULL),
(879, 2, 147, 471, '2020-04-18 10:12:28', '2020-04-18 10:12:28', NULL),
(880, 1, 195, 71, '2020-04-18 10:12:28', '2020-04-18 10:12:28', NULL),
(881, 3, 137, 434, '2020-04-18 10:12:28', '2020-04-18 10:12:28', NULL),
(882, 2, 20, 541, '2020-04-18 10:12:28', '2020-04-18 10:12:28', NULL),
(883, 1, 233, 666, '2020-04-18 10:12:28', '2020-04-18 10:12:28', NULL),
(884, 3, 266, 239, '2020-04-18 10:12:28', '2020-04-18 10:12:28', NULL),
(885, 3, 387, 537, '2020-04-18 10:12:28', '2020-04-18 10:12:28', NULL),
(886, 2, 406, 954, '2020-04-18 10:12:28', '2020-04-18 10:12:28', NULL),
(887, 1, 186, 903, '2020-04-18 10:12:28', '2020-04-18 10:12:28', NULL),
(888, 3, 301, 355, '2020-04-18 10:12:28', '2020-04-18 10:12:28', NULL),
(889, 1, 937, 509, '2020-04-18 10:12:28', '2020-04-18 10:12:28', NULL),
(890, 3, 112, 653, '2020-04-18 10:12:28', '2020-04-18 10:12:28', NULL),
(891, 3, 418, 922, '2020-04-18 10:12:28', '2020-04-18 10:12:28', NULL),
(892, 1, 699, 378, '2020-04-18 10:12:28', '2020-04-18 10:12:28', NULL),
(893, 2, 744, 119, '2020-04-18 10:12:28', '2020-04-18 10:12:28', NULL),
(894, 2, 953, 596, '2020-04-18 10:12:28', '2020-04-18 10:12:28', NULL),
(895, 2, 760, 778, '2020-04-18 10:12:28', '2020-04-18 10:12:28', NULL),
(896, 2, 118, 591, '2020-04-18 10:12:28', '2020-04-18 10:12:28', NULL),
(897, 3, 663, 323, '2020-04-18 10:12:28', '2020-04-18 10:12:28', NULL),
(898, 1, 256, 113, '2020-04-18 10:12:28', '2020-04-18 10:12:28', NULL),
(899, 1, 756, 250, '2020-04-18 10:12:28', '2020-04-18 10:12:28', NULL),
(900, 3, 885, 606, '2020-04-18 10:12:28', '2020-04-18 10:12:28', NULL),
(901, 2, 187, 805, '2020-04-18 10:12:28', '2020-04-18 10:12:28', NULL),
(902, 3, 100, 673, '2020-04-18 10:12:28', '2020-04-18 10:12:28', NULL),
(903, 3, 966, 915, '2020-04-18 10:12:28', '2020-04-18 10:12:28', NULL),
(904, 2, 564, 795, '2020-04-18 10:12:28', '2020-04-18 10:12:28', NULL),
(905, 1, 479, 437, '2020-04-18 10:12:28', '2020-04-18 10:12:28', NULL),
(906, 1, 315, 745, '2020-04-18 10:12:28', '2020-04-18 10:12:28', NULL),
(907, 1, 619, 354, '2020-04-18 10:12:28', '2020-04-18 10:12:28', NULL),
(908, 3, 958, 122, '2020-04-18 10:12:28', '2020-04-18 10:12:28', NULL),
(909, 1, 787, 99, '2020-04-18 10:12:28', '2020-04-18 10:12:28', NULL),
(910, 1, 405, 309, '2020-04-18 10:12:28', '2020-04-18 10:12:28', NULL),
(911, 2, 64, 378, '2020-04-18 10:12:28', '2020-04-18 10:12:28', NULL),
(912, 2, 790, 686, '2020-04-18 10:12:28', '2020-04-18 10:12:28', NULL),
(913, 1, 717, 523, '2020-04-18 10:12:28', '2020-04-18 10:12:28', NULL),
(914, 2, 441, 68, '2020-04-18 10:12:28', '2020-04-18 10:12:28', NULL),
(915, 2, 329, 274, '2020-04-18 10:12:28', '2020-04-18 10:12:28', NULL),
(916, 1, 438, 984, '2020-04-18 10:12:28', '2020-04-18 10:12:28', NULL),
(917, 3, 589, 597, '2020-04-18 10:12:28', '2020-04-18 10:12:28', NULL),
(918, 3, 446, 530, '2020-04-18 10:12:28', '2020-04-18 10:12:28', NULL),
(919, 3, 598, 742, '2020-04-18 10:12:28', '2020-04-18 10:12:28', NULL),
(920, 1, 495, 61, '2020-04-18 10:12:28', '2020-04-18 10:12:28', NULL),
(921, 3, 181, 650, '2020-04-18 10:12:28', '2020-04-18 10:12:28', NULL),
(922, 2, 547, 135, '2020-04-18 10:12:28', '2020-04-18 10:12:28', NULL),
(923, 3, 695, 739, '2020-04-18 10:12:28', '2020-04-18 10:12:28', NULL),
(924, 1, 53, 462, '2020-04-18 10:12:28', '2020-04-18 10:12:28', NULL),
(925, 1, 506, 603, '2020-04-18 10:12:28', '2020-04-18 10:12:28', NULL),
(926, 1, 716, 189, '2020-04-18 10:12:28', '2020-04-18 10:12:28', NULL),
(927, 1, 189, 553, '2020-04-18 10:12:28', '2020-04-18 10:12:28', NULL),
(928, 3, 886, 560, '2020-04-18 10:12:28', '2020-04-18 10:12:28', NULL),
(929, 3, 310, 357, '2020-04-18 10:12:28', '2020-04-18 10:12:28', NULL),
(930, 2, 728, 821, '2020-04-18 10:12:28', '2020-04-18 10:12:28', NULL),
(931, 2, 830, 568, '2020-04-18 10:12:28', '2020-04-18 10:12:28', NULL),
(932, 1, 643, 247, '2020-04-18 10:12:28', '2020-04-18 10:12:28', NULL),
(933, 2, 209, 977, '2020-04-18 10:12:28', '2020-04-18 10:12:28', NULL),
(934, 1, 190, 145, '2020-04-18 10:12:28', '2020-04-18 10:12:28', NULL),
(935, 1, 199, 717, '2020-04-18 10:12:28', '2020-04-18 10:12:28', NULL),
(936, 2, 213, 69, '2020-04-18 10:12:28', '2020-04-18 10:12:28', NULL),
(937, 3, 302, 80, '2020-04-18 10:12:28', '2020-04-18 10:12:28', NULL),
(938, 3, 413, 928, '2020-04-18 10:12:28', '2020-04-18 10:12:28', NULL),
(939, 2, 511, 858, '2020-04-18 10:12:28', '2020-04-18 10:12:28', NULL),
(940, 2, 935, 912, '2020-04-18 10:12:28', '2020-04-18 10:12:28', NULL),
(941, 2, 463, 495, '2020-04-18 10:12:28', '2020-04-18 10:12:28', NULL),
(942, 2, 751, 633, '2020-04-18 10:12:28', '2020-04-18 10:12:28', NULL),
(943, 2, 3, 881, '2020-04-18 10:12:28', '2020-04-18 10:12:28', NULL),
(944, 2, 244, 636, '2020-04-18 10:12:28', '2020-04-18 10:12:28', NULL),
(945, 3, 124, 136, '2020-04-18 10:12:28', '2020-04-18 10:12:28', NULL),
(946, 2, 957, 795, '2020-04-18 10:12:28', '2020-04-18 10:12:28', NULL),
(947, 2, 906, 717, '2020-04-18 10:12:28', '2020-04-18 10:12:28', NULL),
(948, 2, 900, 670, '2020-04-18 10:12:28', '2020-04-18 10:12:28', NULL),
(949, 2, 633, 136, '2020-04-18 10:12:28', '2020-04-18 10:12:28', NULL),
(950, 2, 608, 985, '2020-04-18 10:12:28', '2020-04-18 10:12:28', NULL),
(951, 3, 805, 274, '2020-04-18 10:12:28', '2020-04-18 10:12:28', NULL),
(952, 2, 208, 921, '2020-04-18 10:12:28', '2020-04-18 10:12:28', NULL),
(953, 1, 389, 687, '2020-04-18 10:12:28', '2020-04-18 10:12:28', NULL),
(954, 1, 244, 564, '2020-04-18 10:12:28', '2020-04-18 10:12:28', NULL),
(955, 3, 726, 968, '2020-04-18 10:12:28', '2020-04-18 10:12:28', NULL),
(956, 3, 444, 625, '2020-04-18 10:12:28', '2020-04-18 10:12:28', NULL),
(957, 1, 421, 223, '2020-04-18 10:12:28', '2020-04-18 10:12:28', NULL),
(958, 2, 45, 841, '2020-04-18 10:12:28', '2020-04-18 10:12:28', NULL),
(959, 3, 140, 395, '2020-04-18 10:12:28', '2020-04-18 10:12:28', NULL),
(960, 1, 445, 504, '2020-04-18 10:12:28', '2020-04-18 10:12:28', NULL),
(961, 1, 999, 1, '2020-04-18 10:12:28', '2020-04-18 10:12:28', NULL),
(962, 1, 400, 497, '2020-04-18 10:12:28', '2020-04-18 10:12:28', NULL),
(963, 3, 222, 432, '2020-04-18 10:12:28', '2020-04-18 10:12:28', NULL),
(964, 3, 753, 583, '2020-04-18 10:12:28', '2020-04-18 10:12:28', NULL),
(965, 1, 613, 708, '2020-04-18 10:12:28', '2020-04-18 10:12:28', NULL),
(966, 1, 735, 559, '2020-04-18 10:12:28', '2020-04-18 10:12:28', NULL),
(967, 2, 841, 900, '2020-04-18 10:12:28', '2020-04-18 10:12:28', NULL),
(968, 2, 731, 460, '2020-04-18 10:12:28', '2020-04-18 10:12:28', NULL),
(969, 1, 747, 66, '2020-04-18 10:12:28', '2020-04-18 10:12:28', NULL),
(970, 3, 572, 459, '2020-04-18 10:12:28', '2020-04-18 10:12:28', NULL),
(971, 3, 593, 583, '2020-04-18 10:12:28', '2020-04-18 10:12:28', NULL),
(972, 1, 128, 810, '2020-04-18 10:12:28', '2020-04-18 10:12:28', NULL),
(973, 1, 30, 525, '2020-04-18 10:12:28', '2020-04-18 10:12:28', NULL),
(974, 2, 358, 89, '2020-04-18 10:12:28', '2020-04-18 10:12:28', NULL),
(975, 1, 455, 424, '2020-04-18 10:12:28', '2020-04-18 10:12:28', NULL),
(976, 1, 871, 913, '2020-04-18 10:12:28', '2020-04-18 10:12:28', NULL),
(977, 2, 766, 923, '2020-04-18 10:12:28', '2020-04-18 10:12:28', NULL),
(978, 3, 381, 225, '2020-04-18 10:12:28', '2020-04-18 10:12:28', NULL),
(979, 1, 567, 604, '2020-04-18 10:12:28', '2020-04-18 10:12:28', NULL),
(980, 3, 548, 851, '2020-04-18 10:12:28', '2020-04-18 10:12:28', NULL),
(981, 2, 185, 591, '2020-04-18 10:12:28', '2020-04-18 10:12:28', NULL),
(982, 2, 803, 475, '2020-04-18 10:12:28', '2020-04-18 10:12:28', NULL),
(983, 2, 670, 255, '2020-04-18 10:12:28', '2020-04-18 10:12:28', NULL),
(984, 1, 482, 979, '2020-04-18 10:12:28', '2020-04-18 10:12:28', NULL),
(985, 2, 391, 920, '2020-04-18 10:12:28', '2020-04-18 10:12:28', NULL),
(986, 2, 509, 356, '2020-04-18 10:12:28', '2020-04-18 10:12:28', NULL),
(987, 2, 451, 614, '2020-04-18 10:12:28', '2020-04-18 10:12:28', NULL),
(988, 3, 610, 521, '2020-04-18 10:12:28', '2020-04-18 10:12:28', NULL),
(989, 3, 721, 881, '2020-04-18 10:12:28', '2020-04-18 10:12:28', NULL),
(990, 3, 25, 225, '2020-04-18 10:12:28', '2020-04-18 10:12:28', NULL),
(991, 1, 245, 588, '2020-04-18 10:12:28', '2020-04-18 10:12:28', NULL),
(992, 3, 636, 825, '2020-04-18 10:12:28', '2020-04-18 10:12:28', NULL),
(993, 2, 940, 636, '2020-04-18 10:12:28', '2020-04-18 10:12:28', NULL),
(994, 1, 55, 705, '2020-04-18 10:12:28', '2020-04-18 10:12:28', NULL),
(995, 1, 501, 226, '2020-04-18 10:12:28', '2020-04-18 10:12:28', NULL),
(996, 3, 327, 309, '2020-04-18 10:12:28', '2020-04-18 10:12:28', NULL),
(997, 2, 265, 176, '2020-04-18 10:12:28', '2020-04-18 10:12:28', NULL),
(998, 1, 500, 528, '2020-04-18 10:12:28', '2020-04-18 10:12:28', NULL),
(999, 2, 140, 735, '2020-04-18 10:12:28', '2020-04-18 10:12:28', NULL),
(1000, 3, 348, 469, '2020-04-18 10:12:28', '2020-04-18 10:12:28', NULL);

-- --------------------------------------------------------

--
-- Table structure for table `users`
--

CREATE TABLE `users` (
  `id` int(10) UNSIGNED NOT NULL,
  `name` varchar(191) COLLATE utf8mb4_unicode_ci NOT NULL,
  `email` varchar(191) COLLATE utf8mb4_unicode_ci NOT NULL,
  `password` varchar(191) COLLATE utf8mb4_unicode_ci NOT NULL,
  `remember_token` varchar(100) COLLATE utf8mb4_unicode_ci DEFAULT NULL,
  `verified` varchar(191) COLLATE utf8mb4_unicode_ci NOT NULL DEFAULT '0',
  `verification_token` varchar(191) COLLATE utf8mb4_unicode_ci DEFAULT NULL,
  `admin` varchar(191) COLLATE utf8mb4_unicode_ci NOT NULL DEFAULT 'false',
  `created_at` timestamp NULL DEFAULT NULL,
  `updated_at` timestamp NULL DEFAULT NULL,
  `deleted_at` timestamp NULL DEFAULT NULL
) ENGINE=InnoDB DEFAULT CHARSET=utf8mb4 COLLATE=utf8mb4_unicode_ci;

--
-- Dumping data for table `users`
--

INSERT INTO `users` (`id`, `name`, `email`, `password`, `remember_token`, `verified`, `verification_token`, `admin`, `created_at`, `updated_at`, `deleted_at`) VALUES
(1, 'prof. grady friesen iii', 'loma.champlin@example.org', '$2y$10$PuxEcfJSPfLcBXEjSp6cSujVMrj/f/26ZaP99tD99kfFA0kBqm5ra', 'gKpHURr0Mj', '1', NULL, 'false', '2020-04-18 10:11:57', '2020-04-18 10:11:57', NULL),
(2, 'karianne watsica', 'hking@example.net', '$2y$10$PuxEcfJSPfLcBXEjSp6cSujVMrj/f/26ZaP99tD99kfFA0kBqm5ra', 'C5B2xPDKOW', '0', 'A3Zj4VpGQ07PvAhXnNRDDoIYLmtaVj2sNXrTSvqL', 'false', '2020-04-18 10:11:57', '2020-04-18 10:11:57', NULL),
(3, 'belle torp', 'jaiden.metz@example.org', '$2y$10$PuxEcfJSPfLcBXEjSp6cSujVMrj/f/26ZaP99tD99kfFA0kBqm5ra', 'hh7P1PJtJ1', '1', NULL, 'false', '2020-04-18 10:11:57', '2020-04-18 10:11:57', NULL),
(4, 'mr. chesley dubuque', 'kallie18@example.com', '$2y$10$PuxEcfJSPfLcBXEjSp6cSujVMrj/f/26ZaP99tD99kfFA0kBqm5ra', 'L8W06Ven9c', '1', NULL, 'false', '2020-04-18 10:11:57', '2020-04-18 10:11:57', NULL),
(5, 'prof. lacey windler', 'aida.kirlin@example.net', '$2y$10$PuxEcfJSPfLcBXEjSp6cSujVMrj/f/26ZaP99tD99kfFA0kBqm5ra', 'lZXITd7uGC', '0', 'sWEbgVCJNKoDZ19zhECbjKp5z0ECJVhlU1BmsmVg', 'false', '2020-04-18 10:11:57', '2020-04-18 10:11:57', NULL),
(6, 'clement kuhn sr.', 'igaylord@example.com', '$2y$10$PuxEcfJSPfLcBXEjSp6cSujVMrj/f/26ZaP99tD99kfFA0kBqm5ra', 't0MiMZdjke', '0', 'uaEFXoalOXy1IkkTwNxL3mlhRrEN7ai9TmmLoeuy', 'false', '2020-04-18 10:11:57', '2020-04-18 10:11:57', NULL),
(7, 'dr. elaina fahey sr.', 'alia19@example.net', '$2y$10$PuxEcfJSPfLcBXEjSp6cSujVMrj/f/26ZaP99tD99kfFA0kBqm5ra', 'ZLRKoIHvqN', '0', '4T9v0hh7TFsKFSK03teddRLlOQ9SBI0KhdLlGghF', 'false', '2020-04-18 10:11:57', '2020-04-18 10:11:57', NULL),
(8, 'mr. randall hackett', 'deborah.kuphal@example.com', '$2y$10$PuxEcfJSPfLcBXEjSp6cSujVMrj/f/26ZaP99tD99kfFA0kBqm5ra', 'SURg5W5tNT', '1', NULL, 'false', '2020-04-18 10:11:57', '2020-04-18 10:11:57', NULL),
(9, 'stuart russel', 'makenna.runte@example.com', '$2y$10$PuxEcfJSPfLcBXEjSp6cSujVMrj/f/26ZaP99tD99kfFA0kBqm5ra', 'NC0oojyaMb', '1', NULL, 'false', '2020-04-18 10:11:57', '2020-04-18 10:11:57', NULL),
(10, 'trycia pacocha', 'royal04@example.org', '$2y$10$PuxEcfJSPfLcBXEjSp6cSujVMrj/f/26ZaP99tD99kfFA0kBqm5ra', 'xDVcft2sRN', '0', 'WUMwz278xa113metCnSXKgiQiFngPk9goSk11kA6', 'false', '2020-04-18 10:11:57', '2020-04-18 10:11:57', NULL),
(11, 'danny barton', 'russel.dale@example.net', '$2y$10$PuxEcfJSPfLcBXEjSp6cSujVMrj/f/26ZaP99tD99kfFA0kBqm5ra', '5QmWZEQh2w', '1', NULL, 'false', '2020-04-18 10:11:57', '2020-04-18 10:11:57', NULL),
(12, 'willow bogan', 'bret72@example.org', '$2y$10$PuxEcfJSPfLcBXEjSp6cSujVMrj/f/26ZaP99tD99kfFA0kBqm5ra', 'n82DPtsnlj', '1', NULL, 'false', '2020-04-18 10:11:57', '2020-04-18 10:11:57', NULL),
(13, 'alanis tromp', 'kaleb61@example.org', '$2y$10$PuxEcfJSPfLcBXEjSp6cSujVMrj/f/26ZaP99tD99kfFA0kBqm5ra', 'fnc8xqpsdg', '1', NULL, 'false', '2020-04-18 10:11:57', '2020-04-18 10:11:57', NULL),
(14, 'elton rath', 'gottlieb.jensen@example.net', '$2y$10$PuxEcfJSPfLcBXEjSp6cSujVMrj/f/26ZaP99tD99kfFA0kBqm5ra', 'TJTiXmy7yO', '0', 'aGDAUYnG0rd43ruUBTNrHoAnxnBigWjUpqtX2bK5', 'false', '2020-04-18 10:11:57', '2020-04-18 10:11:57', NULL),
(15, 'dax thompson', 'thilpert@example.com', '$2y$10$PuxEcfJSPfLcBXEjSp6cSujVMrj/f/26ZaP99tD99kfFA0kBqm5ra', 'RSHOYZSreU', '1', NULL, 'false', '2020-04-18 10:11:57', '2020-04-18 10:11:57', NULL),
(16, 'prof. nathen wilkinson', 'ramiro34@example.net', '$2y$10$PuxEcfJSPfLcBXEjSp6cSujVMrj/f/26ZaP99tD99kfFA0kBqm5ra', 'ZHTxIuewW4', '1', NULL, 'false', '2020-04-18 10:11:57', '2020-04-18 10:11:57', NULL),
(17, 'kellie rolfson md', 'merle.jaskolski@example.net', '$2y$10$PuxEcfJSPfLcBXEjSp6cSujVMrj/f/26ZaP99tD99kfFA0kBqm5ra', 'Yw8j4ijecM', '0', 'Zi1aUzo5S5FUHIef9EXgEegBAI7isNW0qSdcDllu', 'false', '2020-04-18 10:11:57', '2020-04-18 10:11:57', NULL),
(18, 'prof. monserrat jacobs dds', 'batz.montana@example.net', '$2y$10$PuxEcfJSPfLcBXEjSp6cSujVMrj/f/26ZaP99tD99kfFA0kBqm5ra', '5WtMWzMMH5', '0', 'WgntGIOOatS42tlC1jDmcannRr18AmDbjli0OnBu', 'false', '2020-04-18 10:11:57', '2020-04-18 10:11:57', NULL),
(19, 'mohammad murray', 'audie25@example.net', '$2y$10$PuxEcfJSPfLcBXEjSp6cSujVMrj/f/26ZaP99tD99kfFA0kBqm5ra', 'DqRFCGECbu', '1', NULL, 'false', '2020-04-18 10:11:57', '2020-04-18 10:11:57', NULL),
(20, 'lily hahn', 'easter79@example.org', '$2y$10$PuxEcfJSPfLcBXEjSp6cSujVMrj/f/26ZaP99tD99kfFA0kBqm5ra', 'u8SrZEgYEk', '1', NULL, 'false', '2020-04-18 10:11:57', '2020-04-18 10:11:57', NULL),
(21, 'dr. brannon bernier', 'homenick.abe@example.net', '$2y$10$PuxEcfJSPfLcBXEjSp6cSujVMrj/f/26ZaP99tD99kfFA0kBqm5ra', 'lIpiFgzFg0', '0', '7DeClsbMdffuKl2Zt8QvpNHS7syFHGbFFF6l4YCa', 'false', '2020-04-18 10:11:57', '2020-04-18 10:11:57', NULL),
(22, 'issac o\'hara', 'elroy.goldner@example.org', '$2y$10$PuxEcfJSPfLcBXEjSp6cSujVMrj/f/26ZaP99tD99kfFA0kBqm5ra', 'NS7KpbSiMK', '0', 'kOuxpC0miWtPzxfXLawwr1qyZ3itBOPIFqXk37Yn', 'false', '2020-04-18 10:11:57', '2020-04-18 10:11:57', NULL),
(23, 'mrs. alvina kulas iii', 'wilber39@example.org', '$2y$10$PuxEcfJSPfLcBXEjSp6cSujVMrj/f/26ZaP99tD99kfFA0kBqm5ra', 'PquNBRvxna', '1', NULL, 'false', '2020-04-18 10:11:57', '2020-04-18 10:11:57', NULL),
(24, 'ms. concepcion jakubowski', 'lupe06@example.org', '$2y$10$PuxEcfJSPfLcBXEjSp6cSujVMrj/f/26ZaP99tD99kfFA0kBqm5ra', 'lNmo5Dek2X', '0', 'eM1YSnRCiCn4eci22kuknID2TMYv1Boq6HsPrT7Q', 'false', '2020-04-18 10:11:57', '2020-04-18 10:11:57', NULL),
(25, 'scarlett halvorson', 'beverly80@example.com', '$2y$10$PuxEcfJSPfLcBXEjSp6cSujVMrj/f/26ZaP99tD99kfFA0kBqm5ra', 'txDozTMZd7', '0', '7YLZ1w4DHv5etoOzwow0tUtILpg59xrLuzD27U2E', 'false', '2020-04-18 10:11:57', '2020-04-18 10:11:57', NULL),
(26, 'miss aimee rippin iii', 'mstark@example.org', '$2y$10$PuxEcfJSPfLcBXEjSp6cSujVMrj/f/26ZaP99tD99kfFA0kBqm5ra', 'wEiTJfC5Qf', '1', NULL, 'false', '2020-04-18 10:11:57', '2020-04-18 10:11:57', NULL),
(27, 'cassie wyman', 'wayne.zieme@example.net', '$2y$10$PuxEcfJSPfLcBXEjSp6cSujVMrj/f/26ZaP99tD99kfFA0kBqm5ra', 'PEMKJsJDrQ', '1', NULL, 'false', '2020-04-18 10:11:57', '2020-04-18 10:11:57', NULL),
(28, 'candelario mann', 'barrows.josefina@example.org', '$2y$10$PuxEcfJSPfLcBXEjSp6cSujVMrj/f/26ZaP99tD99kfFA0kBqm5ra', 'BTWmS0hcsq', '0', 'hyr4YUb1oQl3n6QR0E4bYYjrqSoWjVhC7mcN0wSk', 'false', '2020-04-18 10:11:57', '2020-04-18 10:11:57', NULL),
(29, 'donald will iii', 'chanel22@example.com', '$2y$10$PuxEcfJSPfLcBXEjSp6cSujVMrj/f/26ZaP99tD99kfFA0kBqm5ra', 'qoCclVabCg', '0', 'mFukvUHT5wkq7o2b6XOgT3eiv25x3oZgFDhwXp9l', 'false', '2020-04-18 10:11:57', '2020-04-18 10:11:57', NULL),
(30, 'cleta von phd', 'darrick77@example.com', '$2y$10$PuxEcfJSPfLcBXEjSp6cSujVMrj/f/26ZaP99tD99kfFA0kBqm5ra', '32Yd9qLD6s', '0', 'BNcHEUojfvtZczZaPWPYudceK9OIQEYDVLJIMWM7', 'false', '2020-04-18 10:11:57', '2020-04-18 10:11:57', NULL),
(31, 'beulah aufderhar', 'ayden79@example.org', '$2y$10$PuxEcfJSPfLcBXEjSp6cSujVMrj/f/26ZaP99tD99kfFA0kBqm5ra', '91as5Qwamf', '1', NULL, 'false', '2020-04-18 10:11:57', '2020-04-18 10:11:57', NULL),
(32, 'reece abernathy', 'francisco.kirlin@example.org', '$2y$10$PuxEcfJSPfLcBXEjSp6cSujVMrj/f/26ZaP99tD99kfFA0kBqm5ra', 'cR0oe5gHlU', '0', '3kfQ5mRP7tQOKsLh2X1Wk2YgknrjtQ4AbLZyUL5o', 'false', '2020-04-18 10:11:57', '2020-04-18 10:11:57', NULL),
(33, 'ms. kirstin nienow', 'williamson.christelle@example.org', '$2y$10$PuxEcfJSPfLcBXEjSp6cSujVMrj/f/26ZaP99tD99kfFA0kBqm5ra', 'GUVx9GnjLc', '0', 'Gg7CEc0RYzrRgezmixC5UzAg8NLzdSiSC3UcUQnX', 'false', '2020-04-18 10:11:57', '2020-04-18 10:11:57', NULL),
(34, 'kaya olson', 'jammie28@example.org', '$2y$10$PuxEcfJSPfLcBXEjSp6cSujVMrj/f/26ZaP99tD99kfFA0kBqm5ra', 'sprjrP9Tae', '1', NULL, 'false', '2020-04-18 10:11:57', '2020-04-18 10:11:57', NULL),
(35, 'verdie mccullough', 'krystel53@example.org', '$2y$10$PuxEcfJSPfLcBXEjSp6cSujVMrj/f/26ZaP99tD99kfFA0kBqm5ra', 'YAtdOUY3WG', '1', NULL, 'false', '2020-04-18 10:11:57', '2020-04-18 10:11:57', NULL),
(36, 'ms. pearline kuhn', 'penelope.frami@example.org', '$2y$10$PuxEcfJSPfLcBXEjSp6cSujVMrj/f/26ZaP99tD99kfFA0kBqm5ra', 'Qw0xoh6jxm', '1', NULL, 'false', '2020-04-18 10:11:57', '2020-04-18 10:11:57', NULL),
(37, 'asha koelpin', 'london17@example.net', '$2y$10$PuxEcfJSPfLcBXEjSp6cSujVMrj/f/26ZaP99tD99kfFA0kBqm5ra', 'psnnAIS1cE', '1', NULL, 'false', '2020-04-18 10:11:57', '2020-04-18 10:11:57', NULL),
(38, 'elissa zboncak dds', 'hschroeder@example.org', '$2y$10$PuxEcfJSPfLcBXEjSp6cSujVMrj/f/26ZaP99tD99kfFA0kBqm5ra', 'qYT0xDmO7x', '1', NULL, 'false', '2020-04-18 10:11:57', '2020-04-18 10:11:57', NULL),
(39, 'ally erdman', 'edwina.ullrich@example.net', '$2y$10$PuxEcfJSPfLcBXEjSp6cSujVMrj/f/26ZaP99tD99kfFA0kBqm5ra', 'c0W5smHm52', '0', 'yAg7LPi8F40nvmgUdhrgdKj4hxJRdb7XsYWdN1c5', 'false', '2020-04-18 10:11:57', '2020-04-18 10:11:57', NULL),
(40, 'dashawn schroeder', 'timmy.lebsack@example.net', '$2y$10$PuxEcfJSPfLcBXEjSp6cSujVMrj/f/26ZaP99tD99kfFA0kBqm5ra', 'my5j3PGV6s', '1', NULL, 'false', '2020-04-18 10:11:57', '2020-04-18 10:11:57', NULL),
(41, 'jewell hickle v', 'jodie.reilly@example.com', '$2y$10$PuxEcfJSPfLcBXEjSp6cSujVMrj/f/26ZaP99tD99kfFA0kBqm5ra', 'xbVI6Z7Clc', '1', NULL, 'false', '2020-04-18 10:11:57', '2020-04-18 10:11:57', NULL),
(42, 'prof. reid abshire ii', 'earnest33@example.org', '$2y$10$PuxEcfJSPfLcBXEjSp6cSujVMrj/f/26ZaP99tD99kfFA0kBqm5ra', 'PIymXZSbmy', '1', NULL, 'false', '2020-04-18 10:11:57', '2020-04-18 10:11:57', NULL),
(43, 'deion kunze phd', 'oswald.bruen@example.com', '$2y$10$PuxEcfJSPfLcBXEjSp6cSujVMrj/f/26ZaP99tD99kfFA0kBqm5ra', 'QTWye28kFm', '1', NULL, 'false', '2020-04-18 10:11:57', '2020-04-18 10:11:57', NULL),
(44, 'murphy bartoletti iv', 'sidney.trantow@example.net', '$2y$10$PuxEcfJSPfLcBXEjSp6cSujVMrj/f/26ZaP99tD99kfFA0kBqm5ra', 'WdRkDud5cN', '0', 'R5JQw4EJqch0O3MEUEuN0QcXntkun8VxGlnlxCU7', 'false', '2020-04-18 10:11:57', '2020-04-18 10:11:57', NULL),
(45, 'mr. billy ryan', 'michaela04@example.com', '$2y$10$PuxEcfJSPfLcBXEjSp6cSujVMrj/f/26ZaP99tD99kfFA0kBqm5ra', 'ujEc8Wt8uX', '1', NULL, 'false', '2020-04-18 10:11:57', '2020-04-18 10:11:57', NULL),
(46, 'prof. barry waters ii', 'prutherford@example.com', '$2y$10$PuxEcfJSPfLcBXEjSp6cSujVMrj/f/26ZaP99tD99kfFA0kBqm5ra', 'ds17K3ptcq', '0', 't86ZkLOra7wKO3NXH2wA0YQmYwc0AkfQpClrI2k9', 'false', '2020-04-18 10:11:57', '2020-04-18 10:11:57', NULL),
(47, 'ms. aniya kihn', 'orn.albertha@example.org', '$2y$10$PuxEcfJSPfLcBXEjSp6cSujVMrj/f/26ZaP99tD99kfFA0kBqm5ra', 'l7kTIUGR8m', '1', NULL, 'false', '2020-04-18 10:11:57', '2020-04-18 10:11:57', NULL),
(48, 'marquis beier', 'lmuller@example.net', '$2y$10$PuxEcfJSPfLcBXEjSp6cSujVMrj/f/26ZaP99tD99kfFA0kBqm5ra', '0qqQuLNHuF', '0', 'CFTVRAlFGte4YdJbTUOpv5jdeew3B5W6qUfvbbMQ', 'false', '2020-04-18 10:11:57', '2020-04-18 10:11:57', NULL),
(49, 'prof. solon romaguera v', 'mertz.samara@example.com', '$2y$10$PuxEcfJSPfLcBXEjSp6cSujVMrj/f/26ZaP99tD99kfFA0kBqm5ra', 'vkulXu6Vdf', '1', NULL, 'false', '2020-04-18 10:11:57', '2020-04-18 10:11:57', NULL),
(50, 'dereck kertzmann v', 'kayleigh.bergstrom@example.net', '$2y$10$PuxEcfJSPfLcBXEjSp6cSujVMrj/f/26ZaP99tD99kfFA0kBqm5ra', 'sTuof7jg49', '1', NULL, 'false', '2020-04-18 10:11:57', '2020-04-18 10:11:57', NULL),
(51, 'mr. kenny dicki ii', 'terry.verda@example.net', '$2y$10$PuxEcfJSPfLcBXEjSp6cSujVMrj/f/26ZaP99tD99kfFA0kBqm5ra', 'kQMQ5rYF0T', '1', NULL, 'false', '2020-04-18 10:11:57', '2020-04-18 10:11:57', NULL),
(52, 'burley oberbrunner', 'kuhn.sabrina@example.com', '$2y$10$PuxEcfJSPfLcBXEjSp6cSujVMrj/f/26ZaP99tD99kfFA0kBqm5ra', 'QgLPJJP2RW', '1', NULL, 'false', '2020-04-18 10:11:57', '2020-04-18 10:11:57', NULL),
(53, 'tyson kuhlman', 'sfisher@example.net', '$2y$10$PuxEcfJSPfLcBXEjSp6cSujVMrj/f/26ZaP99tD99kfFA0kBqm5ra', 'ghiuixGBDG', '0', 'qIdT9vRYae84VV8U8b0RFvCWfXYecnil22m6lnPf', 'false', '2020-04-18 10:11:57', '2020-04-18 10:11:57', NULL),
(54, 'jeffry satterfield', 'milford.trantow@example.org', '$2y$10$PuxEcfJSPfLcBXEjSp6cSujVMrj/f/26ZaP99tD99kfFA0kBqm5ra', 'tfcFNqSIDm', '1', NULL, 'false', '2020-04-18 10:11:57', '2020-04-18 10:11:57', NULL),
(55, 'dr. robert hudson phd', 'newton15@example.org', '$2y$10$PuxEcfJSPfLcBXEjSp6cSujVMrj/f/26ZaP99tD99kfFA0kBqm5ra', 'vSSR3wPVgM', '1', NULL, 'false', '2020-04-18 10:11:57', '2020-04-18 10:11:57', NULL),
(56, 'mortimer prohaska', 'meffertz@example.com', '$2y$10$PuxEcfJSPfLcBXEjSp6cSujVMrj/f/26ZaP99tD99kfFA0kBqm5ra', 'iRY9G4AUQm', '1', NULL, 'false', '2020-04-18 10:11:57', '2020-04-18 10:11:57', NULL),
(57, 'noemie botsford', 'alexys61@example.com', '$2y$10$PuxEcfJSPfLcBXEjSp6cSujVMrj/f/26ZaP99tD99kfFA0kBqm5ra', 'SbrveJl1q3', '0', 'wSOmSr5Fo5NJagP0uEMHoMaH1vq3I89MesILX4PU', 'false', '2020-04-18 10:11:57', '2020-04-18 10:11:57', NULL),
(58, 'creola gusikowski', 'jharber@example.net', '$2y$10$PuxEcfJSPfLcBXEjSp6cSujVMrj/f/26ZaP99tD99kfFA0kBqm5ra', 'vVlFKcp3DI', '1', NULL, 'false', '2020-04-18 10:11:57', '2020-04-18 10:11:57', NULL),
(59, 'prof. lucile king', 'mann.otto@example.org', '$2y$10$PuxEcfJSPfLcBXEjSp6cSujVMrj/f/26ZaP99tD99kfFA0kBqm5ra', 'aPfZRlARMR', '1', NULL, 'false', '2020-04-18 10:11:57', '2020-04-18 10:11:57', NULL),
(60, 'emmalee morar', 'dominic23@example.net', '$2y$10$PuxEcfJSPfLcBXEjSp6cSujVMrj/f/26ZaP99tD99kfFA0kBqm5ra', 'w9DqUiMtYM', '1', NULL, 'false', '2020-04-18 10:11:57', '2020-04-18 10:11:57', NULL),
(61, 'nikolas orn iii', 'velda.kunde@example.com', '$2y$10$PuxEcfJSPfLcBXEjSp6cSujVMrj/f/26ZaP99tD99kfFA0kBqm5ra', 'C9OR45iNzF', '1', NULL, 'false', '2020-04-18 10:11:57', '2020-04-18 10:11:57', NULL),
(62, 'osvaldo harris', 'bwuckert@example.net', '$2y$10$PuxEcfJSPfLcBXEjSp6cSujVMrj/f/26ZaP99tD99kfFA0kBqm5ra', 'Awdze9zFmg', '1', NULL, 'false', '2020-04-18 10:11:57', '2020-04-18 10:11:57', NULL),
(63, 'nayeli hilpert', 'uquitzon@example.com', '$2y$10$PuxEcfJSPfLcBXEjSp6cSujVMrj/f/26ZaP99tD99kfFA0kBqm5ra', 'bsk1Slle16', '0', 'HuTPieCyR5TUGQHfY0lyRpqMWXT18gSKqXPzm1e2', 'false', '2020-04-18 10:11:57', '2020-04-18 10:11:57', NULL),
(64, 'oscar dare', 'dare.allan@example.net', '$2y$10$PuxEcfJSPfLcBXEjSp6cSujVMrj/f/26ZaP99tD99kfFA0kBqm5ra', 'jVuDGSdXME', '0', 'UmFwp0RwPH79FY8t6fRx2KxDP7haXU9DWy5N571L', 'false', '2020-04-18 10:11:57', '2020-04-18 10:11:57', NULL),
(65, 'gerry krajcik', 'rabernathy@example.org', '$2y$10$PuxEcfJSPfLcBXEjSp6cSujVMrj/f/26ZaP99tD99kfFA0kBqm5ra', 'H8ywBQK3dD', '0', 'AVyUHmRJRWhw5FSBuSGAbdMJIgOS7U8gX51WV9Wa', 'false', '2020-04-18 10:11:57', '2020-04-18 10:11:57', NULL),
(66, 'matilde hickle', 'holly.witting@example.net', '$2y$10$PuxEcfJSPfLcBXEjSp6cSujVMrj/f/26ZaP99tD99kfFA0kBqm5ra', 'MefEsCYUTm', '1', NULL, 'false', '2020-04-18 10:11:57', '2020-04-18 10:11:57', NULL),
(67, 'agustin keebler', 'shahn@example.org', '$2y$10$PuxEcfJSPfLcBXEjSp6cSujVMrj/f/26ZaP99tD99kfFA0kBqm5ra', 'Ccg0lMQh9b', '0', 'dlFwLUYfUsMVT9BoilPMJz4JGeeFHtSprBelaLID', 'false', '2020-04-18 10:11:57', '2020-04-18 10:11:57', NULL),
(68, 'grady mann', 'pmarvin@example.org', '$2y$10$PuxEcfJSPfLcBXEjSp6cSujVMrj/f/26ZaP99tD99kfFA0kBqm5ra', 'eIxr9Gci2g', '1', NULL, 'false', '2020-04-18 10:11:57', '2020-04-18 10:11:57', NULL),
(69, 'violette graham iv', 'flavie97@example.net', '$2y$10$PuxEcfJSPfLcBXEjSp6cSujVMrj/f/26ZaP99tD99kfFA0kBqm5ra', 'S96ACx9A3G', '0', '4ap6QTC6UWP9RI4G1c9juNJNmSiYvJbFxAGN6NIS', 'false', '2020-04-18 10:11:57', '2020-04-18 10:11:57', NULL),
(70, 'tatum vonrueden dds', 'robel.dameon@example.net', '$2y$10$PuxEcfJSPfLcBXEjSp6cSujVMrj/f/26ZaP99tD99kfFA0kBqm5ra', 'jWTELG1k20', '1', NULL, 'false', '2020-04-18 10:11:57', '2020-04-18 10:11:57', NULL),
(71, 'dominique bednar', 'diamond80@example.com', '$2y$10$PuxEcfJSPfLcBXEjSp6cSujVMrj/f/26ZaP99tD99kfFA0kBqm5ra', '24y4XAumln', '0', 'XLzWJUgvZj1viDbQVAmGSKCG9fl8qfgD2Gg2met7', 'false', '2020-04-18 10:11:57', '2020-04-18 10:11:57', NULL),
(72, 'harley nikolaus', 'gina.beatty@example.com', '$2y$10$PuxEcfJSPfLcBXEjSp6cSujVMrj/f/26ZaP99tD99kfFA0kBqm5ra', 'ZGSrAM5VDb', '0', 'tpAUFEPgBMJ7TH2Ona3ubY2nnM16Jbxyu0EuimGe', 'false', '2020-04-18 10:11:57', '2020-04-18 10:11:57', NULL),
(73, 'elody corwin sr.', 'gabe.tromp@example.net', '$2y$10$PuxEcfJSPfLcBXEjSp6cSujVMrj/f/26ZaP99tD99kfFA0kBqm5ra', 'XwKINu09yR', '0', 'n9xildsZSAEKHeWAX3lvxvTOqQ6CT53HlmXGhxwn', 'false', '2020-04-18 10:11:57', '2020-04-18 10:11:57', NULL),
(74, 'anibal ratke', 'therman@example.net', '$2y$10$PuxEcfJSPfLcBXEjSp6cSujVMrj/f/26ZaP99tD99kfFA0kBqm5ra', 'PfBTDFOlVi', '0', '9p5zx69ngT123R4cRIOZP3afDdyYQkTTETLQUfKz', 'false', '2020-04-18 10:11:57', '2020-04-18 10:11:57', NULL),
(75, 'lia braun', 'leann.ryan@example.net', '$2y$10$PuxEcfJSPfLcBXEjSp6cSujVMrj/f/26ZaP99tD99kfFA0kBqm5ra', 'BJqZyVTRWZ', '1', NULL, 'false', '2020-04-18 10:11:57', '2020-04-18 10:11:57', NULL),
(76, 'coleman feeney', 'tremayne83@example.com', '$2y$10$PuxEcfJSPfLcBXEjSp6cSujVMrj/f/26ZaP99tD99kfFA0kBqm5ra', '2CEw4YGGMf', '1', NULL, 'false', '2020-04-18 10:11:57', '2020-04-18 10:11:57', NULL),
(77, 'myrtle kling', 'tluettgen@example.org', '$2y$10$PuxEcfJSPfLcBXEjSp6cSujVMrj/f/26ZaP99tD99kfFA0kBqm5ra', 'hIwVDFLx5J', '1', NULL, 'false', '2020-04-18 10:11:57', '2020-04-18 10:11:57', NULL),
(78, 'mekhi ziemann phd', 'phirthe@example.net', '$2y$10$PuxEcfJSPfLcBXEjSp6cSujVMrj/f/26ZaP99tD99kfFA0kBqm5ra', 'DCfAGj59HH', '1', NULL, 'false', '2020-04-18 10:11:57', '2020-04-18 10:11:57', NULL),
(79, 'zechariah hoeger', 'maureen84@example.net', '$2y$10$PuxEcfJSPfLcBXEjSp6cSujVMrj/f/26ZaP99tD99kfFA0kBqm5ra', 'DtnDe0S0z1', '0', 'PBVodWEu5oU2P1Q3cojARAF8FtET65ksrddAjYlT', 'false', '2020-04-18 10:11:57', '2020-04-18 10:11:57', NULL),
(80, 'hans feil md', 'leonardo.wisoky@example.net', '$2y$10$PuxEcfJSPfLcBXEjSp6cSujVMrj/f/26ZaP99tD99kfFA0kBqm5ra', 'JL76TfvvoL', '1', NULL, 'false', '2020-04-18 10:11:57', '2020-04-18 10:11:57', NULL),
(81, 'bryce kutch sr.', 'daphne.nolan@example.net', '$2y$10$PuxEcfJSPfLcBXEjSp6cSujVMrj/f/26ZaP99tD99kfFA0kBqm5ra', 'NeFt5Of66I', '0', 'pD5TIMoU2Ql6IVBm6eWogle2BSJtY8hy6lSoSUmL', 'false', '2020-04-18 10:11:57', '2020-04-18 10:11:57', NULL),
(82, 'prof. gavin bartell md', 'gust.boyle@example.org', '$2y$10$PuxEcfJSPfLcBXEjSp6cSujVMrj/f/26ZaP99tD99kfFA0kBqm5ra', 'IpXi0aj8ll', '1', NULL, 'false', '2020-04-18 10:11:57', '2020-04-18 10:11:57', NULL),
(83, 'prof. berneice batz', 'yyost@example.org', '$2y$10$PuxEcfJSPfLcBXEjSp6cSujVMrj/f/26ZaP99tD99kfFA0kBqm5ra', 'BFUMfGLLNB', '0', 'UVKiuxL97F4uTADykKJJhg7kEFCa89e1cMKwixT4', 'false', '2020-04-18 10:11:57', '2020-04-18 10:11:57', NULL),
(84, 'dr. kristian blick phd', 'alexandre.murphy@example.net', '$2y$10$PuxEcfJSPfLcBXEjSp6cSujVMrj/f/26ZaP99tD99kfFA0kBqm5ra', 'MfuoWHH4Eb', '1', NULL, 'false', '2020-04-18 10:11:57', '2020-04-18 10:11:57', NULL),
(85, 'prof. rosina morar v', 'leann51@example.net', '$2y$10$PuxEcfJSPfLcBXEjSp6cSujVMrj/f/26ZaP99tD99kfFA0kBqm5ra', 'Urnose02B5', '1', NULL, 'false', '2020-04-18 10:11:57', '2020-04-18 10:11:57', NULL),
(86, 'caesar frami', 'bgutkowski@example.org', '$2y$10$PuxEcfJSPfLcBXEjSp6cSujVMrj/f/26ZaP99tD99kfFA0kBqm5ra', 'HpfDLtJmzd', '0', 'qHgTYvcQ1KHnihiPBJyiObc914pX1Yehx5yMcETy', 'false', '2020-04-18 10:11:57', '2020-04-18 10:11:57', NULL),
(87, 'mr. khalil kuhn', 'imclaughlin@example.com', '$2y$10$PuxEcfJSPfLcBXEjSp6cSujVMrj/f/26ZaP99tD99kfFA0kBqm5ra', 'bYn2yOMILC', '1', NULL, 'false', '2020-04-18 10:11:57', '2020-04-18 10:11:57', NULL),
(88, 'ida waters', 'tressie.boehm@example.org', '$2y$10$PuxEcfJSPfLcBXEjSp6cSujVMrj/f/26ZaP99tD99kfFA0kBqm5ra', '5e2xyGhCIV', '0', 'iaNMTM5RM3UQ1ycc38TJhc3tgsWW28r925qbQULK', 'false', '2020-04-18 10:11:57', '2020-04-18 10:11:57', NULL),
(89, 'jordy kling', 'vkovacek@example.net', '$2y$10$PuxEcfJSPfLcBXEjSp6cSujVMrj/f/26ZaP99tD99kfFA0kBqm5ra', 'uzmSEqzGIV', '1', NULL, 'false', '2020-04-18 10:11:57', '2020-04-18 10:11:57', NULL),
(90, 'ms. elsa schmidt', 'romaine.kuphal@example.org', '$2y$10$PuxEcfJSPfLcBXEjSp6cSujVMrj/f/26ZaP99tD99kfFA0kBqm5ra', 'XReblYhcYb', '0', '9iZm0czxlqPsyXYc9PDFtG5fGMNQU6kJhzuCK0lk', 'false', '2020-04-18 10:11:57', '2020-04-18 10:11:57', NULL),
(91, 'viviane stracke', 'sheila.green@example.net', '$2y$10$PuxEcfJSPfLcBXEjSp6cSujVMrj/f/26ZaP99tD99kfFA0kBqm5ra', '7bJ3piv34l', '1', NULL, 'false', '2020-04-18 10:11:57', '2020-04-18 10:11:57', NULL),
(92, 'derek willms', 'nova.blick@example.com', '$2y$10$PuxEcfJSPfLcBXEjSp6cSujVMrj/f/26ZaP99tD99kfFA0kBqm5ra', 'YEYMh6N8xR', '0', 'GUuz2R87Cjgb6MdtNa82itZ3OXzjjMoM8mAlFFAA', 'false', '2020-04-18 10:11:57', '2020-04-18 10:11:57', NULL),
(93, 'prof. eloy bechtelar v', 'orlo41@example.org', '$2y$10$PuxEcfJSPfLcBXEjSp6cSujVMrj/f/26ZaP99tD99kfFA0kBqm5ra', 'KX0HozigLv', '0', 'Bk0QjgLPT1FdUGrj7mrJzRFoIQ80Vzp3JIvoAkff', 'false', '2020-04-18 10:11:57', '2020-04-18 10:11:57', NULL),
(94, 'dillan hudson', 'pauline.mann@example.net', '$2y$10$PuxEcfJSPfLcBXEjSp6cSujVMrj/f/26ZaP99tD99kfFA0kBqm5ra', '8KFutWqOoB', '1', NULL, 'false', '2020-04-18 10:11:57', '2020-04-18 10:11:57', NULL),
(95, 'nathen o\'conner', 'trantow.aniyah@example.net', '$2y$10$PuxEcfJSPfLcBXEjSp6cSujVMrj/f/26ZaP99tD99kfFA0kBqm5ra', 'Fh2J1loIJR', '1', NULL, 'false', '2020-04-18 10:11:57', '2020-04-18 10:11:57', NULL),
(96, 'kevon huels', 'mccullough.deonte@example.net', '$2y$10$PuxEcfJSPfLcBXEjSp6cSujVMrj/f/26ZaP99tD99kfFA0kBqm5ra', 'NanG5imclI', '1', NULL, 'false', '2020-04-18 10:11:57', '2020-04-18 10:11:57', NULL),
(97, 'malika hill', 'ybrekke@example.com', '$2y$10$PuxEcfJSPfLcBXEjSp6cSujVMrj/f/26ZaP99tD99kfFA0kBqm5ra', '9GlENDKJTK', '0', '5ufh8z4FMBQonQhwnNsqhnxnC8MV9Gkh0f8CCKd7', 'false', '2020-04-18 10:11:57', '2020-04-18 10:11:57', NULL),
(98, 'prof. ciara heidenreich iv', 'wilmer60@example.net', '$2y$10$PuxEcfJSPfLcBXEjSp6cSujVMrj/f/26ZaP99tD99kfFA0kBqm5ra', 'irIcxnFg5k', '1', NULL, 'false', '2020-04-18 10:11:57', '2020-04-18 10:11:57', NULL),
(99, 'josefina franecki', 'kschowalter@example.com', '$2y$10$PuxEcfJSPfLcBXEjSp6cSujVMrj/f/26ZaP99tD99kfFA0kBqm5ra', 'XASu1wvkfc', '0', 'YvtHQIfk8RKu706HZqStZ3z1I2t25UVzx4k6pQnm', 'false', '2020-04-18 10:11:57', '2020-04-18 10:11:57', NULL),
(100, 'marquise stanton', 'darwin46@example.com', '$2y$10$PuxEcfJSPfLcBXEjSp6cSujVMrj/f/26ZaP99tD99kfFA0kBqm5ra', 'blzn7jM9Yj', '1', NULL, 'false', '2020-04-18 10:11:57', '2020-04-18 10:11:57', NULL),
(101, 'jayson hoppe', 'carter.mathilde@example.com', '$2y$10$PuxEcfJSPfLcBXEjSp6cSujVMrj/f/26ZaP99tD99kfFA0kBqm5ra', 'DH70msSMlM', '0', 'rPm85aoIqL9pQK9eifrc4BBuCo2nvVzCdZi3Wr10', 'false', '2020-04-18 10:11:57', '2020-04-18 10:11:57', NULL),
(102, 'tevin dare iv', 'schiller.nellie@example.com', '$2y$10$PuxEcfJSPfLcBXEjSp6cSujVMrj/f/26ZaP99tD99kfFA0kBqm5ra', 'vgDxXbcj4m', '1', NULL, 'false', '2020-04-18 10:11:57', '2020-04-18 10:11:57', NULL),
(103, 'jordane goldner', 'joy01@example.org', '$2y$10$PuxEcfJSPfLcBXEjSp6cSujVMrj/f/26ZaP99tD99kfFA0kBqm5ra', 'fk1DNl0YdE', '0', 'FVcqn0W0T3XQNnrMOur44fnbwSCgIGv24WBu5rog', 'false', '2020-04-18 10:11:57', '2020-04-18 10:11:57', NULL),
(104, 'kiley feest', 'dokon@example.net', '$2y$10$PuxEcfJSPfLcBXEjSp6cSujVMrj/f/26ZaP99tD99kfFA0kBqm5ra', 'HSLLy6j8Ap', '1', NULL, 'false', '2020-04-18 10:11:57', '2020-04-18 10:11:57', NULL),
(105, 'mia sanford', 'lorna23@example.com', '$2y$10$PuxEcfJSPfLcBXEjSp6cSujVMrj/f/26ZaP99tD99kfFA0kBqm5ra', 'kOxZIkhuy6', '0', 'Lc9ci6xQ59T5uSEdMqIsHHrAq47NZ3eJ4YQXUAvR', 'false', '2020-04-18 10:11:57', '2020-04-18 10:11:57', NULL),
(106, 'juwan schroeder dds', 'franecki.isabelle@example.org', '$2y$10$PuxEcfJSPfLcBXEjSp6cSujVMrj/f/26ZaP99tD99kfFA0kBqm5ra', 'guPmCyBHYL', '0', 'LscXylyFZyhoBbdIKOerMq1pnTJobj4IvHeOs0N9', 'false', '2020-04-18 10:11:57', '2020-04-18 10:11:57', NULL),
(107, 'hassie reynolds sr.', 'mborer@example.org', '$2y$10$PuxEcfJSPfLcBXEjSp6cSujVMrj/f/26ZaP99tD99kfFA0kBqm5ra', 'XqgNurDt1B', '0', '1yJ9VSoIDsifXNk2vfzTJwymNw8y51ZImB2lcGih', 'false', '2020-04-18 10:11:57', '2020-04-18 10:11:57', NULL),
(108, 'savion harber', 'terrill.goldner@example.com', '$2y$10$PuxEcfJSPfLcBXEjSp6cSujVMrj/f/26ZaP99tD99kfFA0kBqm5ra', 'cMaSzrr7gI', '1', NULL, 'false', '2020-04-18 10:11:57', '2020-04-18 10:11:57', NULL),
(109, 'deonte quitzon iv', 'rafael.howell@example.net', '$2y$10$PuxEcfJSPfLcBXEjSp6cSujVMrj/f/26ZaP99tD99kfFA0kBqm5ra', '7m2W31i3CO', '1', NULL, 'false', '2020-04-18 10:11:57', '2020-04-18 10:11:57', NULL),
(110, 'ludwig gusikowski', 'tromp.sunny@example.net', '$2y$10$PuxEcfJSPfLcBXEjSp6cSujVMrj/f/26ZaP99tD99kfFA0kBqm5ra', 'ujZTkQKZjX', '1', NULL, 'false', '2020-04-18 10:11:57', '2020-04-18 10:11:57', NULL),
(111, 'betty kulas', 'mcglynn.antwon@example.net', '$2y$10$PuxEcfJSPfLcBXEjSp6cSujVMrj/f/26ZaP99tD99kfFA0kBqm5ra', 'V9KKSAOnqQ', '1', NULL, 'false', '2020-04-18 10:11:57', '2020-04-18 10:11:57', NULL),
(112, 'prof. kaylee pfeffer jr.', 'terrill.nicolas@example.com', '$2y$10$PuxEcfJSPfLcBXEjSp6cSujVMrj/f/26ZaP99tD99kfFA0kBqm5ra', 'ilzVQ45ErR', '1', NULL, 'false', '2020-04-18 10:11:57', '2020-04-18 10:11:57', NULL),
(113, 'miss rubie leffler', 'gibson.elfrieda@example.net', '$2y$10$PuxEcfJSPfLcBXEjSp6cSujVMrj/f/26ZaP99tD99kfFA0kBqm5ra', 'KUU0UIY7dg', '0', 'kLKIoYy83IBFt0ffAEK4AAYQXM9W5zPnBA9LV2px', 'false', '2020-04-18 10:11:57', '2020-04-18 10:11:57', NULL),
(114, 'dulce abshire', 'lucinda21@example.org', '$2y$10$PuxEcfJSPfLcBXEjSp6cSujVMrj/f/26ZaP99tD99kfFA0kBqm5ra', 'zn9HY1XO7W', '0', '8SfFhVtK5KuE7IAb0jF9CiJyKkQ2vC4YG57QZFvd', 'false', '2020-04-18 10:11:57', '2020-04-18 10:11:57', NULL),
(115, 'viva prosacco', 'bradtke.westley@example.net', '$2y$10$PuxEcfJSPfLcBXEjSp6cSujVMrj/f/26ZaP99tD99kfFA0kBqm5ra', 'NcUTo24GG3', '1', NULL, 'false', '2020-04-18 10:11:57', '2020-04-18 10:11:57', NULL),
(116, 'laurence predovic', 'halvorson.otilia@example.org', '$2y$10$PuxEcfJSPfLcBXEjSp6cSujVMrj/f/26ZaP99tD99kfFA0kBqm5ra', 'adyqeOT7dq', '1', NULL, 'false', '2020-04-18 10:11:57', '2020-04-18 10:11:57', NULL),
(117, 'patrick bergnaum sr.', 'carlee89@example.org', '$2y$10$PuxEcfJSPfLcBXEjSp6cSujVMrj/f/26ZaP99tD99kfFA0kBqm5ra', 'vobTZXD6YW', '0', 'Of17MvId90oAoYshIQ1dFIGXWxGGvDsew5cZ7m2P', 'false', '2020-04-18 10:11:57', '2020-04-18 10:11:57', NULL),
(118, 'jabari beer', 'bauer@example.org', '$2y$10$PuxEcfJSPfLcBXEjSp6cSujVMrj/f/26ZaP99tD99kfFA0kBqm5ra', '1V2s93KZHh', '0', 'vznM7gDgjbZc7GmViws6UQJbbE2a4QmFOTSRF1Dx', 'false', '2020-04-18 10:11:57', '2020-04-18 10:11:57', NULL),
(119, 'mireille rohan', 'ddubuque@example.net', '$2y$10$PuxEcfJSPfLcBXEjSp6cSujVMrj/f/26ZaP99tD99kfFA0kBqm5ra', 'iZAbXeaVbU', '0', 'Dk60KysYF6MuKmHCbTLHh42vrqo642dsGycQipHm', 'false', '2020-04-18 10:11:57', '2020-04-18 10:11:57', NULL),
(120, 'prof. nikki olson', 'ceasar19@example.org', '$2y$10$PuxEcfJSPfLcBXEjSp6cSujVMrj/f/26ZaP99tD99kfFA0kBqm5ra', 'wfiLo79stA', '1', NULL, 'false', '2020-04-18 10:11:57', '2020-04-18 10:11:57', NULL),
(121, 'hayden beatty', 'luettgen.avis@example.com', '$2y$10$PuxEcfJSPfLcBXEjSp6cSujVMrj/f/26ZaP99tD99kfFA0kBqm5ra', 'GXTvkQldci', '1', NULL, 'false', '2020-04-18 10:11:57', '2020-04-18 10:11:57', NULL),
(122, 'prof. freida hettinger sr.', 'kokeefe@example.net', '$2y$10$PuxEcfJSPfLcBXEjSp6cSujVMrj/f/26ZaP99tD99kfFA0kBqm5ra', 'uHYj0To0At', '1', NULL, 'false', '2020-04-18 10:11:57', '2020-04-18 10:11:57', NULL),
(123, 'dayana hessel', 'bcole@example.net', '$2y$10$PuxEcfJSPfLcBXEjSp6cSujVMrj/f/26ZaP99tD99kfFA0kBqm5ra', '4023MLV9K3', '1', NULL, 'false', '2020-04-18 10:11:57', '2020-04-18 10:11:57', NULL),
(124, 'murphy schultz', 'donna.johns@example.org', '$2y$10$PuxEcfJSPfLcBXEjSp6cSujVMrj/f/26ZaP99tD99kfFA0kBqm5ra', 'aIhGcO4kU0', '0', 'clEumxPAl3HDTeBOhAxVWaTH3nRBBnlOYNyRDixv', 'false', '2020-04-18 10:11:57', '2020-04-18 10:11:57', NULL),
(125, 'dr. seth gerlach jr.', 'mroberts@example.org', '$2y$10$PuxEcfJSPfLcBXEjSp6cSujVMrj/f/26ZaP99tD99kfFA0kBqm5ra', 'i4l0cIklRx', '0', 'fl6VebmuUtsEVZ6ulks5JuWpToUCzlwxx0zZHeWd', 'false', '2020-04-18 10:11:57', '2020-04-18 10:11:57', NULL),
(126, 'kristofer schaden', 'margarete.bahringer@example.org', '$2y$10$PuxEcfJSPfLcBXEjSp6cSujVMrj/f/26ZaP99tD99kfFA0kBqm5ra', 'Daww0Vn55O', '0', 'R8z8HJKM0GT6Wwier8N3MBISc2qsnQbzvGItpJYZ', 'false', '2020-04-18 10:11:57', '2020-04-18 10:11:57', NULL),
(127, 'emelie howell', 'mustafa.weber@example.com', '$2y$10$PuxEcfJSPfLcBXEjSp6cSujVMrj/f/26ZaP99tD99kfFA0kBqm5ra', 'zIF0KnsQwo', '1', NULL, 'false', '2020-04-18 10:11:57', '2020-04-18 10:11:57', NULL),
(128, 'megane schamberger', 'qgreen@example.com', '$2y$10$PuxEcfJSPfLcBXEjSp6cSujVMrj/f/26ZaP99tD99kfFA0kBqm5ra', 'qFkBMjoRQw', '0', 'KAXJbXbupv0vHFVzUx0Or6d9FsZCKAJpCHcGi7gf', 'false', '2020-04-18 10:11:57', '2020-04-18 10:11:57', NULL),
(129, 'dr. tyson hermann', 'berge.jany@example.com', '$2y$10$PuxEcfJSPfLcBXEjSp6cSujVMrj/f/26ZaP99tD99kfFA0kBqm5ra', 'gzjZF33ZUk', '0', 'drMfseaUJhF0CcmbaZAEdmM7nfAmys7ki0NDap5e', 'false', '2020-04-18 10:11:57', '2020-04-18 10:11:57', NULL),
(130, 'francesco hansen', 'lolita53@example.net', '$2y$10$PuxEcfJSPfLcBXEjSp6cSujVMrj/f/26ZaP99tD99kfFA0kBqm5ra', '5LCh8DmN6f', '1', NULL, 'false', '2020-04-18 10:11:57', '2020-04-18 10:11:57', NULL),
(131, 'william beer', 'geovanni.hintz@example.net', '$2y$10$PuxEcfJSPfLcBXEjSp6cSujVMrj/f/26ZaP99tD99kfFA0kBqm5ra', 'dJXAxcAmTC', '1', NULL, 'false', '2020-04-18 10:11:57', '2020-04-18 10:11:57', NULL),
(132, 'malvina keebler', 'elinore.oreilly@example.org', '$2y$10$PuxEcfJSPfLcBXEjSp6cSujVMrj/f/26ZaP99tD99kfFA0kBqm5ra', 'Ndsja54nTz', '0', 'DScxmX38cu0doSDfXIj4rlF8FCcWCpd4IXVl5igB', 'false', '2020-04-18 10:11:57', '2020-04-18 10:11:57', NULL),
(133, 'jazmyne brown sr.', 'madisen.hintz@example.org', '$2y$10$PuxEcfJSPfLcBXEjSp6cSujVMrj/f/26ZaP99tD99kfFA0kBqm5ra', 'K7uYKIXJ3I', '0', 'DZIHFT3vCtqLFiVbUZZZFfAO10kJICwrvkTaOERR', 'false', '2020-04-18 10:11:57', '2020-04-18 10:11:57', NULL),
(134, 'mr. houston fahey jr.', 'cheidenreich@example.org', '$2y$10$PuxEcfJSPfLcBXEjSp6cSujVMrj/f/26ZaP99tD99kfFA0kBqm5ra', '7fCPXeurCL', '1', NULL, 'false', '2020-04-18 10:11:57', '2020-04-18 10:11:57', NULL),
(135, 'jennie harris', 'sean27@example.com', '$2y$10$PuxEcfJSPfLcBXEjSp6cSujVMrj/f/26ZaP99tD99kfFA0kBqm5ra', 'NxgDAYrxpc', '1', NULL, 'false', '2020-04-18 10:11:57', '2020-04-18 10:11:57', NULL),
(136, 'maybell gaylord', 'milton71@example.com', '$2y$10$PuxEcfJSPfLcBXEjSp6cSujVMrj/f/26ZaP99tD99kfFA0kBqm5ra', 'Zgp3SdXV3r', '0', 'RUuyq9AWpncqWZDveTMrKWVIdD0TDV3sIEVfvdZ2', 'false', '2020-04-18 10:11:57', '2020-04-18 10:11:57', NULL),
(137, 'kamron mccullough', 'wlehner@example.org', '$2y$10$PuxEcfJSPfLcBXEjSp6cSujVMrj/f/26ZaP99tD99kfFA0kBqm5ra', 'xV2inFUdNS', '1', NULL, 'false', '2020-04-18 10:11:57', '2020-04-18 10:11:57', NULL),
(138, 'monserrate o\'keefe', 'kip81@example.com', '$2y$10$PuxEcfJSPfLcBXEjSp6cSujVMrj/f/26ZaP99tD99kfFA0kBqm5ra', 'DPXhxNh58A', '1', NULL, 'false', '2020-04-18 10:11:57', '2020-04-18 10:11:57', NULL),
(139, 'mr. eino harvey ii', 'frami.jamie@example.net', '$2y$10$PuxEcfJSPfLcBXEjSp6cSujVMrj/f/26ZaP99tD99kfFA0kBqm5ra', '9Ew4XAhHOA', '1', NULL, 'false', '2020-04-18 10:11:57', '2020-04-18 10:11:57', NULL),
(140, 'cathy spinka v', 'jkuphal@example.com', '$2y$10$PuxEcfJSPfLcBXEjSp6cSujVMrj/f/26ZaP99tD99kfFA0kBqm5ra', 'jBvB89KnZ2', '0', 'BpOnqc9PuoTxuCQALN9cj03kIruZv6OoU8HRAGt0', 'false', '2020-04-18 10:11:57', '2020-04-18 10:11:57', NULL),
(141, 'mustafa kris', 'wehner.zachary@example.net', '$2y$10$PuxEcfJSPfLcBXEjSp6cSujVMrj/f/26ZaP99tD99kfFA0kBqm5ra', 'TznLB2TpSH', '0', '7Mnd6pIk9KjK4d2QHv0lIyql7dEbKWm9e0CR7UTM', 'false', '2020-04-18 10:11:57', '2020-04-18 10:11:57', NULL),
(142, 'mr. turner price', 'iwalter@example.net', '$2y$10$PuxEcfJSPfLcBXEjSp6cSujVMrj/f/26ZaP99tD99kfFA0kBqm5ra', 'x98wGAoixr', '1', NULL, 'false', '2020-04-18 10:11:57', '2020-04-18 10:11:57', NULL),
(143, 'dr. chelsey wintheiser md', 'francesca.nienow@example.com', '$2y$10$PuxEcfJSPfLcBXEjSp6cSujVMrj/f/26ZaP99tD99kfFA0kBqm5ra', '6ZPCtA5bgu', '0', 'bSKyL1PiFyeP5xawmUQzGDYhSFotbJ9FSdBccFFP', 'false', '2020-04-18 10:11:57', '2020-04-18 10:11:57', NULL),
(144, 'gwen ebert', 'audie.reinger@example.com', '$2y$10$PuxEcfJSPfLcBXEjSp6cSujVMrj/f/26ZaP99tD99kfFA0kBqm5ra', 'xV4piXeWK7', '0', 'B1rqKM5cZPa6P3ZdPwhYABG6V75K0vUmyoMsvZeF', 'false', '2020-04-18 10:11:57', '2020-04-18 10:11:57', NULL),
(145, 'mr. fausto johns', 'rashawn21@example.org', '$2y$10$PuxEcfJSPfLcBXEjSp6cSujVMrj/f/26ZaP99tD99kfFA0kBqm5ra', 'aPU1emsLCB', '1', NULL, 'false', '2020-04-18 10:11:57', '2020-04-18 10:11:57', NULL),
(146, 'garrett weimann', 'hyman.marvin@example.net', '$2y$10$PuxEcfJSPfLcBXEjSp6cSujVMrj/f/26ZaP99tD99kfFA0kBqm5ra', 'ckcKluwD6E', '0', 'mArz92BNW1tAm4K6qQ02nkkoIz7ZwXZ1U3T8Hree', 'false', '2020-04-18 10:11:57', '2020-04-18 10:11:57', NULL),
(147, 'zoila runolfsson v', 'beier.shyann@example.org', '$2y$10$PuxEcfJSPfLcBXEjSp6cSujVMrj/f/26ZaP99tD99kfFA0kBqm5ra', 'mb4xq4qyWJ', '0', 'SuOdFAeuN4UPSBeYAYjjbyiRNc8DVztzKW5wlTq4', 'false', '2020-04-18 10:11:57', '2020-04-18 10:11:57', NULL),
(148, 'dr. matt yundt', 'lura55@example.com', '$2y$10$PuxEcfJSPfLcBXEjSp6cSujVMrj/f/26ZaP99tD99kfFA0kBqm5ra', 'JIMnnYRLyp', '1', NULL, 'false', '2020-04-18 10:11:57', '2020-04-18 10:11:57', NULL),
(149, 'jeff kuhic', 'ttorp@example.org', '$2y$10$PuxEcfJSPfLcBXEjSp6cSujVMrj/f/26ZaP99tD99kfFA0kBqm5ra', 'Ghu8OAhOAT', '1', NULL, 'false', '2020-04-18 10:11:57', '2020-04-18 10:11:57', NULL),
(150, 'maymie cassin', 'zbartoletti@example.org', '$2y$10$PuxEcfJSPfLcBXEjSp6cSujVMrj/f/26ZaP99tD99kfFA0kBqm5ra', 'POzOdyxKbH', '1', NULL, 'false', '2020-04-18 10:11:57', '2020-04-18 10:11:57', NULL),
(151, 'carol wolf', 'jmedhurst@example.org', '$2y$10$PuxEcfJSPfLcBXEjSp6cSujVMrj/f/26ZaP99tD99kfFA0kBqm5ra', 'Dht7ELyZZL', '0', 'YvEO695QVcKuO2RqxX9MU22xoLSWZyqhQGYF4Rl1', 'false', '2020-04-18 10:11:57', '2020-04-18 10:11:57', NULL),
(152, 'willy adams', 'edd94@example.com', '$2y$10$PuxEcfJSPfLcBXEjSp6cSujVMrj/f/26ZaP99tD99kfFA0kBqm5ra', 'kKSlTThlo8', '0', 'fLXBxUuqZ14aGJyU7wNtrF9pc8YPFCLqv00sABiq', 'false', '2020-04-18 10:11:57', '2020-04-18 10:11:57', NULL),
(153, 'jarrod daugherty', 'pierce13@example.com', '$2y$10$PuxEcfJSPfLcBXEjSp6cSujVMrj/f/26ZaP99tD99kfFA0kBqm5ra', 'MkmqvQ6bef', '0', '95UCBjgNewIMzTXyjf9M6zWIJ796CM6G8YajJ4Eo', 'false', '2020-04-18 10:11:57', '2020-04-18 10:11:57', NULL),
(154, 'scotty oberbrunner i', 'carolanne.moore@example.com', '$2y$10$PuxEcfJSPfLcBXEjSp6cSujVMrj/f/26ZaP99tD99kfFA0kBqm5ra', 'TovZr9vWI1', '0', 'L2jPnXpr4VliPZjpsUDAbYdNfFiYRBwOn9xiBaWw', 'false', '2020-04-18 10:11:57', '2020-04-18 10:11:57', NULL),
(155, 'gregorio botsford', 'ferry.stephen@example.com', '$2y$10$PuxEcfJSPfLcBXEjSp6cSujVMrj/f/26ZaP99tD99kfFA0kBqm5ra', 'JJOEdUyqsX', '0', 'fyAtsTDPekFDNawVD2LSBLFW6cA3iaOEdHZvFsiJ', 'false', '2020-04-18 10:11:57', '2020-04-18 10:11:57', NULL),
(156, 'fleta kertzmann', 'ferry.garry@example.org', '$2y$10$PuxEcfJSPfLcBXEjSp6cSujVMrj/f/26ZaP99tD99kfFA0kBqm5ra', 'nSsRcwfsYV', '0', '8KSUr1BYq4kwWYiQquJ3UpXp9LEtgCbD4sqv4TVo', 'false', '2020-04-18 10:11:57', '2020-04-18 10:11:57', NULL),
(157, 'miss tyra hoeger md', 'rippin.skylar@example.com', '$2y$10$PuxEcfJSPfLcBXEjSp6cSujVMrj/f/26ZaP99tD99kfFA0kBqm5ra', '0wPfQDg8Tn', '0', 'KchMhRnVpGBxSq5ZOs4icnM0LPybfEN7kVlYj080', 'false', '2020-04-18 10:11:57', '2020-04-18 10:11:57', NULL),
(158, 'eladio stanton', 'schinner.rashad@example.org', '$2y$10$PuxEcfJSPfLcBXEjSp6cSujVMrj/f/26ZaP99tD99kfFA0kBqm5ra', '2uk0ScYXoI', '1', NULL, 'false', '2020-04-18 10:11:57', '2020-04-18 10:11:57', NULL),
(159, 'norma crist', 'solon.white@example.net', '$2y$10$PuxEcfJSPfLcBXEjSp6cSujVMrj/f/26ZaP99tD99kfFA0kBqm5ra', 'eQjgvQKiXf', '1', NULL, 'false', '2020-04-18 10:11:57', '2020-04-18 10:11:57', NULL),
(160, 'miss maribel fisher i', 'marks.lavonne@example.com', '$2y$10$PuxEcfJSPfLcBXEjSp6cSujVMrj/f/26ZaP99tD99kfFA0kBqm5ra', 'eW2XuBFWgl', '1', NULL, 'false', '2020-04-18 10:11:57', '2020-04-18 10:11:57', NULL),
(161, 'mrs. dana wyman', 'dickinson.nannie@example.net', '$2y$10$PuxEcfJSPfLcBXEjSp6cSujVMrj/f/26ZaP99tD99kfFA0kBqm5ra', 'qr2BB19UYb', '0', 'Ns6EWlrWiIKTOgGMLMqiCtIgZXzOXqBhwsV9MlXT', 'false', '2020-04-18 10:11:57', '2020-04-18 10:11:57', NULL),
(162, 'dr. jerrold bailey', 'tkuhn@example.com', '$2y$10$PuxEcfJSPfLcBXEjSp6cSujVMrj/f/26ZaP99tD99kfFA0kBqm5ra', '1Jg0Mx5LJA', '0', 'OSDN9E5lrL85SJu1UBwGpTvfGKFk9w4iCZHzMVNN', 'false', '2020-04-18 10:11:57', '2020-04-18 10:11:57', NULL),
(163, 'theresia mcglynn', 'jordon40@example.com', '$2y$10$PuxEcfJSPfLcBXEjSp6cSujVMrj/f/26ZaP99tD99kfFA0kBqm5ra', 'jWtRYnShLR', '0', 'mCTpEJeuZ0uCDTrCt1OMYHPYrlO8sIN8v80jkDxV', 'false', '2020-04-18 10:11:57', '2020-04-18 10:11:57', NULL),
(164, 'jacklyn langosh', 'bennie.conn@example.org', '$2y$10$PuxEcfJSPfLcBXEjSp6cSujVMrj/f/26ZaP99tD99kfFA0kBqm5ra', 'eNVbYncURu', '1', NULL, 'false', '2020-04-18 10:11:57', '2020-04-18 10:11:57', NULL),
(165, 'giles gerlach', 'clement.gaylord@example.com', '$2y$10$PuxEcfJSPfLcBXEjSp6cSujVMrj/f/26ZaP99tD99kfFA0kBqm5ra', 'mPrEidVHxd', '0', '6Nvq6YR0ASrdx6QyY1e8wJraB0DUnysdj4jsShZb', 'false', '2020-04-18 10:11:57', '2020-04-18 10:11:57', NULL),
(166, 'edythe kunde', 'josefina88@example.net', '$2y$10$PuxEcfJSPfLcBXEjSp6cSujVMrj/f/26ZaP99tD99kfFA0kBqm5ra', 'XV3ECgUIU6', '0', '7ekBC6JKxkxBlyBkWHh0wlk7Q2FCvdQrWAYehHSs', 'false', '2020-04-18 10:11:57', '2020-04-18 10:11:57', NULL),
(167, 'trisha kemmer', 'rogelio.bergstrom@example.com', '$2y$10$PuxEcfJSPfLcBXEjSp6cSujVMrj/f/26ZaP99tD99kfFA0kBqm5ra', '5M8K6i6DZs', '0', 'aRLdpKnRIJjSYMNQ3FWwlh8se0nFk8DWOpFLXm9q', 'false', '2020-04-18 10:11:57', '2020-04-18 10:11:57', NULL),
(168, 'joanne wolf', 'kautzer.kailey@example.com', '$2y$10$PuxEcfJSPfLcBXEjSp6cSujVMrj/f/26ZaP99tD99kfFA0kBqm5ra', 'qMtpO0i8Hh', '0', 'qUACjvQif8tuySsLoxGp0uYGJMk1av0z3CU2jIMZ', 'false', '2020-04-18 10:11:57', '2020-04-18 10:11:57', NULL),
(169, 'alisha renner', 'auer.alden@example.org', '$2y$10$PuxEcfJSPfLcBXEjSp6cSujVMrj/f/26ZaP99tD99kfFA0kBqm5ra', 'axR44vZJet', '0', 'MWFpm1zkYiV4XGZRBnGXIJHEsGfHEBJvSkQcIhLq', 'false', '2020-04-18 10:11:57', '2020-04-18 10:11:57', NULL),
(170, 'prof. jarrell rath iv', 'estell.mcclure@example.com', '$2y$10$PuxEcfJSPfLcBXEjSp6cSujVMrj/f/26ZaP99tD99kfFA0kBqm5ra', 'wLknqkyBGt', '0', 'JnGAzM73vVlL8wvIg3NsuUndbVtUatI1gENij4oG', 'false', '2020-04-18 10:11:57', '2020-04-18 10:11:57', NULL),
(171, 'jordane lakin', 'millie.fadel@example.org', '$2y$10$PuxEcfJSPfLcBXEjSp6cSujVMrj/f/26ZaP99tD99kfFA0kBqm5ra', 'wxVkFazxv3', '0', 'rUHvsTThJL6r3FTtwBQgQm3fNP5JxHmyxWEO5tiJ', 'false', '2020-04-18 10:11:57', '2020-04-18 10:11:57', NULL),
(172, 'prof. arden kutch', 'brekke.leola@example.net', '$2y$10$PuxEcfJSPfLcBXEjSp6cSujVMrj/f/26ZaP99tD99kfFA0kBqm5ra', 'ZC027e6EyP', '1', NULL, 'false', '2020-04-18 10:11:57', '2020-04-18 10:11:57', NULL),
(173, 'richie mayer phd', 'willow.mclaughlin@example.org', '$2y$10$PuxEcfJSPfLcBXEjSp6cSujVMrj/f/26ZaP99tD99kfFA0kBqm5ra', 'RwNYsRt16F', '1', NULL, 'false', '2020-04-18 10:11:57', '2020-04-18 10:11:57', NULL),
(174, 'lucy pfannerstill sr.', 'alana.rath@example.com', '$2y$10$PuxEcfJSPfLcBXEjSp6cSujVMrj/f/26ZaP99tD99kfFA0kBqm5ra', 'pXMaaZKMft', '1', NULL, 'false', '2020-04-18 10:11:57', '2020-04-18 10:11:57', NULL),
(175, 'thelma ziemann dds', 'jeromy20@example.com', '$2y$10$PuxEcfJSPfLcBXEjSp6cSujVMrj/f/26ZaP99tD99kfFA0kBqm5ra', 'r2YvIK1XVs', '1', NULL, 'false', '2020-04-18 10:11:57', '2020-04-18 10:11:57', NULL),
(176, 'audreanne schimmel', 'madeline46@example.net', '$2y$10$PuxEcfJSPfLcBXEjSp6cSujVMrj/f/26ZaP99tD99kfFA0kBqm5ra', 'mwj0a0OVQF', '0', 'gq3V0c4qczyuWqIiSNbEkqGlviX6g0hpYvsI5zrR', 'false', '2020-04-18 10:11:57', '2020-04-18 10:11:57', NULL),
(177, 'mrs. everette weber dvm', 'wbarton@example.net', '$2y$10$PuxEcfJSPfLcBXEjSp6cSujVMrj/f/26ZaP99tD99kfFA0kBqm5ra', '1ZMTohXOhE', '1', NULL, 'false', '2020-04-18 10:11:57', '2020-04-18 10:11:57', NULL),
(178, 'miss heather gleason', 'nils.schumm@example.org', '$2y$10$PuxEcfJSPfLcBXEjSp6cSujVMrj/f/26ZaP99tD99kfFA0kBqm5ra', 'APvR3rEjdQ', '1', NULL, 'false', '2020-04-18 10:11:57', '2020-04-18 10:11:57', NULL),
(179, 'prof. deshaun kessler', 'conroy.tristian@example.com', '$2y$10$PuxEcfJSPfLcBXEjSp6cSujVMrj/f/26ZaP99tD99kfFA0kBqm5ra', 'XbtBWwwsY0', '0', 'xNaEiFcnGQCTByoq9KAob3pZwFTEA4ZQZhLckZCs', 'false', '2020-04-18 10:11:57', '2020-04-18 10:11:57', NULL),
(180, 'tavares streich', 'vgerlach@example.net', '$2y$10$PuxEcfJSPfLcBXEjSp6cSujVMrj/f/26ZaP99tD99kfFA0kBqm5ra', 'aJbvszXBYC', '1', NULL, 'false', '2020-04-18 10:11:57', '2020-04-18 10:11:57', NULL),
(181, 'jonathan zulauf md', 'mosciski.mckayla@example.org', '$2y$10$PuxEcfJSPfLcBXEjSp6cSujVMrj/f/26ZaP99tD99kfFA0kBqm5ra', 'XnDdp6xSD4', '0', '0ZET2KzfJd2Ux371fdKmFqub6lU6fBJMW2Xi34sA', 'false', '2020-04-18 10:11:57', '2020-04-18 10:11:57', NULL),
(182, 'ross kovacek', 'cydney84@example.com', '$2y$10$PuxEcfJSPfLcBXEjSp6cSujVMrj/f/26ZaP99tD99kfFA0kBqm5ra', 'LmzcmqY2ie', '0', 'HolZFJCZ4XaLVvOal6mDWr70GM1wwe2EUW2Vazn2', 'false', '2020-04-18 10:11:57', '2020-04-18 10:11:57', NULL),
(183, 'dr. moriah olson v', 'macy10@example.net', '$2y$10$PuxEcfJSPfLcBXEjSp6cSujVMrj/f/26ZaP99tD99kfFA0kBqm5ra', 'saNPbxAHQa', '1', NULL, 'false', '2020-04-18 10:11:57', '2020-04-18 10:11:57', NULL),
(184, 'bret marks i', 'amalia.pouros@example.com', '$2y$10$PuxEcfJSPfLcBXEjSp6cSujVMrj/f/26ZaP99tD99kfFA0kBqm5ra', 'VtWByI52Li', '0', 'SEdxmr3m0kMPnt2HiLZRhYQxvTjL94bOmq1DuNyh', 'false', '2020-04-18 10:11:57', '2020-04-18 10:11:57', NULL),
(185, 'brycen armstrong', 'rippin.rodger@example.com', '$2y$10$PuxEcfJSPfLcBXEjSp6cSujVMrj/f/26ZaP99tD99kfFA0kBqm5ra', 'CAPO9MbOnz', '0', '6IZKjQBibmP1TmSY24EndSVHkLJLeIqjYmlDG3hZ', 'false', '2020-04-18 10:11:57', '2020-04-18 10:11:57', NULL),
(186, 'maurice johnson', 'langosh.luella@example.org', '$2y$10$PuxEcfJSPfLcBXEjSp6cSujVMrj/f/26ZaP99tD99kfFA0kBqm5ra', 'nbbnMBoVNv', '0', 'mPrubjtuEB0RrDSj4RlFhTU8zTvgrH0kwN7bCawT', 'false', '2020-04-18 10:11:57', '2020-04-18 10:11:57', NULL),
(187, 'fausto bernhard', 'shakira53@example.net', '$2y$10$PuxEcfJSPfLcBXEjSp6cSujVMrj/f/26ZaP99tD99kfFA0kBqm5ra', 'upyuMZEdLW', '0', 'RP5X37N6LqaXSxFUcqhTN6Be4t2dBKXG5Sea3cX0', 'false', '2020-04-18 10:11:57', '2020-04-18 10:11:57', NULL),
(188, 'miss samara runte', 'freeda.gerhold@example.com', '$2y$10$PuxEcfJSPfLcBXEjSp6cSujVMrj/f/26ZaP99tD99kfFA0kBqm5ra', '2JeOgGRrCx', '1', NULL, 'false', '2020-04-18 10:11:57', '2020-04-18 10:11:57', NULL),
(189, 'lukas kutch', 'kuphal.dillan@example.org', '$2y$10$PuxEcfJSPfLcBXEjSp6cSujVMrj/f/26ZaP99tD99kfFA0kBqm5ra', 'GFVIFLxLOV', '1', NULL, 'false', '2020-04-18 10:11:57', '2020-04-18 10:11:57', NULL),
(190, 'prof. armani anderson', 'ottis11@example.org', '$2y$10$PuxEcfJSPfLcBXEjSp6cSujVMrj/f/26ZaP99tD99kfFA0kBqm5ra', 'sc61x2ZNPL', '0', '9JJDkqDj0rFkKv4KdQqLUvEinwcQPx9f08vkC9VW', 'false', '2020-04-18 10:11:57', '2020-04-18 10:11:57', NULL),
(191, 'stefanie ward', 'knader@example.com', '$2y$10$PuxEcfJSPfLcBXEjSp6cSujVMrj/f/26ZaP99tD99kfFA0kBqm5ra', '5dav6yJaZv', '1', NULL, 'false', '2020-04-18 10:11:57', '2020-04-18 10:11:57', NULL),
(192, 'miss mozell bartoletti phd', 'mattie.wisozk@example.org', '$2y$10$PuxEcfJSPfLcBXEjSp6cSujVMrj/f/26ZaP99tD99kfFA0kBqm5ra', 'J5a7EROqpE', '0', 'hgb6VHvkwN1pSvmW2NPMeUthhDGJdDWsiYh3g3Wg', 'false', '2020-04-18 10:11:57', '2020-04-18 10:11:57', NULL),
(193, 'lonnie kuvalis', 'cornell67@example.org', '$2y$10$PuxEcfJSPfLcBXEjSp6cSujVMrj/f/26ZaP99tD99kfFA0kBqm5ra', 'ZQFdb530qq', '0', 'cdzPPmMfdlCgv4uT9YqWbM1YSNZIdkPDAvmflMSu', 'false', '2020-04-18 10:11:57', '2020-04-18 10:11:57', NULL),
(194, 'scot sauer', 'witting.dudley@example.org', '$2y$10$PuxEcfJSPfLcBXEjSp6cSujVMrj/f/26ZaP99tD99kfFA0kBqm5ra', '16FGv9BIKD', '0', 'Pc8OpsnQ9rWiQPnRYWeyw0fpwapTlYclPCu3E9Iq', 'false', '2020-04-18 10:11:57', '2020-04-18 10:11:57', NULL),
(195, 'dr. shawna batz i', 'keyon.lebsack@example.net', '$2y$10$PuxEcfJSPfLcBXEjSp6cSujVMrj/f/26ZaP99tD99kfFA0kBqm5ra', 'TMdI5yrYav', '1', NULL, 'false', '2020-04-18 10:11:57', '2020-04-18 10:11:57', NULL),
(196, 'arely zemlak sr.', 'gwisozk@example.net', '$2y$10$PuxEcfJSPfLcBXEjSp6cSujVMrj/f/26ZaP99tD99kfFA0kBqm5ra', 'VZhDqADsnD', '0', 'wVUeBZJ6CFUyXnw0vaCI7ITUbfeANNQFMOzbVEvu', 'false', '2020-04-18 10:11:57', '2020-04-18 10:11:57', NULL),
(197, 'sam haag', 'bzemlak@example.com', '$2y$10$PuxEcfJSPfLcBXEjSp6cSujVMrj/f/26ZaP99tD99kfFA0kBqm5ra', 'rW3Pm8xn9T', '1', NULL, 'false', '2020-04-18 10:11:57', '2020-04-18 10:11:57', NULL),
(198, 'mandy ankunding', 'cassin.pietro@example.com', '$2y$10$PuxEcfJSPfLcBXEjSp6cSujVMrj/f/26ZaP99tD99kfFA0kBqm5ra', 'dOVGfbAXdP', '0', 'kjTYoRRVNzB420e4tt3OPbKDCv8ca0B8yYJFME3s', 'false', '2020-04-18 10:11:57', '2020-04-18 10:11:57', NULL),
(199, 'amy kemmer', 'oconner.makenna@example.net', '$2y$10$PuxEcfJSPfLcBXEjSp6cSujVMrj/f/26ZaP99tD99kfFA0kBqm5ra', 'CmPKgSuFfN', '0', 'zUClhCN3dl2NrGXXkZSFy1g69gVu9BUCTfI7I03o', 'false', '2020-04-18 10:11:57', '2020-04-18 10:11:57', NULL),
(200, 'daisha oberbrunner', 'rkeeling@example.net', '$2y$10$PuxEcfJSPfLcBXEjSp6cSujVMrj/f/26ZaP99tD99kfFA0kBqm5ra', 'r9Pb5cOU1g', '1', NULL, 'false', '2020-04-18 10:11:57', '2020-04-18 10:11:57', NULL),
(201, 'reva mertz v', 'qschowalter@example.com', '$2y$10$PuxEcfJSPfLcBXEjSp6cSujVMrj/f/26ZaP99tD99kfFA0kBqm5ra', '1HMhZQxpRq', '0', 'Sjlj9yibQ0vbeY9PEpdhmrR3Qn5sxKQP0JKm24hz', 'false', '2020-04-18 10:11:57', '2020-04-18 10:11:57', NULL),
(202, 'zola grady', 'romaine51@example.net', '$2y$10$PuxEcfJSPfLcBXEjSp6cSujVMrj/f/26ZaP99tD99kfFA0kBqm5ra', '2oy3YNtdrO', '0', 'xqqk12w3OqQUWXZbBdMXDKyWTUpFJ17Pa9xq0sMW', 'false', '2020-04-18 10:11:57', '2020-04-18 10:11:57', NULL),
(203, 'mr. jerome franecki', 'dooley.brittany@example.net', '$2y$10$PuxEcfJSPfLcBXEjSp6cSujVMrj/f/26ZaP99tD99kfFA0kBqm5ra', 'Kurw52O34q', '0', 'UCgZMJcLpVOrHrA2wbDZOwnw5agB7aFuXzh45yRQ', 'false', '2020-04-18 10:11:57', '2020-04-18 10:11:57', NULL),
(204, 'dion ward dds', 'xbarrows@example.net', '$2y$10$PuxEcfJSPfLcBXEjSp6cSujVMrj/f/26ZaP99tD99kfFA0kBqm5ra', 'sqbQZB4Cbt', '0', 'fRISwo7kGn1r18N49s5PBAfU0MX9S2nr3EdB1yY0', 'false', '2020-04-18 10:11:57', '2020-04-18 10:11:57', NULL),
(205, 'robb roob v', 'gokon@example.com', '$2y$10$PuxEcfJSPfLcBXEjSp6cSujVMrj/f/26ZaP99tD99kfFA0kBqm5ra', '6O9OVvMSha', '0', 'YG21hhYSWunXZ3nHNLWec7egrsPasBIMl32kvY76', 'false', '2020-04-18 10:11:57', '2020-04-18 10:11:57', NULL),
(206, 'jacinto keeling', 'mia.wyman@example.org', '$2y$10$PuxEcfJSPfLcBXEjSp6cSujVMrj/f/26ZaP99tD99kfFA0kBqm5ra', 'ogaSKfRWg6', '0', '0CIvEUO9icvyozZxz4Lj5ongOpCn2vNaGD2XXDos', 'false', '2020-04-18 10:11:57', '2020-04-18 10:11:57', NULL),
(207, 'justyn gerhold', 'ludwig07@example.org', '$2y$10$PuxEcfJSPfLcBXEjSp6cSujVMrj/f/26ZaP99tD99kfFA0kBqm5ra', 'y3WSp2gyp6', '0', '1g7stB4nZP2e65PfUTayh8i4D9V0KgZD2pnBKaNG', 'false', '2020-04-18 10:11:57', '2020-04-18 10:11:57', NULL),
(208, 'camron stark', 'eleanora.effertz@example.org', '$2y$10$PuxEcfJSPfLcBXEjSp6cSujVMrj/f/26ZaP99tD99kfFA0kBqm5ra', 'aRaLIJYT8Y', '0', '56LDi3kBfAiryxw2u7cbG0iMVr8TBzUnK1vhBDAD', 'false', '2020-04-18 10:11:57', '2020-04-18 10:11:57', NULL),
(209, 'sabrina will', 'considine.charles@example.org', '$2y$10$PuxEcfJSPfLcBXEjSp6cSujVMrj/f/26ZaP99tD99kfFA0kBqm5ra', 'gKFHMPcKuv', '1', NULL, 'false', '2020-04-18 10:11:57', '2020-04-18 10:11:57', NULL),
(210, 'terrell hartmann', 'lewis50@example.com', '$2y$10$PuxEcfJSPfLcBXEjSp6cSujVMrj/f/26ZaP99tD99kfFA0kBqm5ra', 'g36vHFbFK4', '0', '69lB4YgwS7CeFkVS2qhmucVlYOAwQzNplfLErVbb', 'false', '2020-04-18 10:11:57', '2020-04-18 10:11:57', NULL),
(211, 'queenie wolf', 'webster74@example.com', '$2y$10$PuxEcfJSPfLcBXEjSp6cSujVMrj/f/26ZaP99tD99kfFA0kBqm5ra', 'FMGLhMb89A', '0', 'tHUMHXeRcEkEwPLz4Ngh9VFHE2PlfaETJvTqFaia', 'false', '2020-04-18 10:11:57', '2020-04-18 10:11:57', NULL),
(212, 'clementina mills dvm', 'qdurgan@example.net', '$2y$10$PuxEcfJSPfLcBXEjSp6cSujVMrj/f/26ZaP99tD99kfFA0kBqm5ra', 'ztl0Z0WuZx', '1', NULL, 'false', '2020-04-18 10:11:57', '2020-04-18 10:11:57', NULL),
(213, 'prof. nathanael mann dvm', 'quigley.jed@example.net', '$2y$10$PuxEcfJSPfLcBXEjSp6cSujVMrj/f/26ZaP99tD99kfFA0kBqm5ra', '5ogGS6o5yN', '0', 'q0dHjzRrmHN3s8j78rGKwMKKPeCnxc1hjTrLR5Dm', 'false', '2020-04-18 10:11:57', '2020-04-18 10:11:57', NULL),
(214, 'kendrick ebert', 'roosevelt.gutmann@example.net', '$2y$10$PuxEcfJSPfLcBXEjSp6cSujVMrj/f/26ZaP99tD99kfFA0kBqm5ra', 'geabFbXIWc', '0', 'yEdrtkDytSRIW7eabVf4PkHKfz2NP2aeywa9ymIa', 'false', '2020-04-18 10:11:57', '2020-04-18 10:11:57', NULL),
(215, 'alvis williamson', 'awunsch@example.net', '$2y$10$PuxEcfJSPfLcBXEjSp6cSujVMrj/f/26ZaP99tD99kfFA0kBqm5ra', '3mFLoD9th9', '1', NULL, 'false', '2020-04-18 10:11:57', '2020-04-18 10:11:57', NULL),
(216, 'dr. evelyn miller', 'edwardo.hammes@example.net', '$2y$10$PuxEcfJSPfLcBXEjSp6cSujVMrj/f/26ZaP99tD99kfFA0kBqm5ra', 'gtWykHXUo0', '0', 'Esn372hduiX7v6h2lhsBazoctoxq9bepH1zFIESV', 'false', '2020-04-18 10:11:57', '2020-04-18 10:11:57', NULL),
(217, 'kailee wolff', 'arnaldo.mckenzie@example.com', '$2y$10$PuxEcfJSPfLcBXEjSp6cSujVMrj/f/26ZaP99tD99kfFA0kBqm5ra', '7w0GjznqH6', '0', '2nA8BYg9WvuDVsLNKR18LkAeP9eEEr74OZcDl7gi', 'false', '2020-04-18 10:11:57', '2020-04-18 10:11:57', NULL),
(218, 'helena hane', 'lucile.boyer@example.org', '$2y$10$PuxEcfJSPfLcBXEjSp6cSujVMrj/f/26ZaP99tD99kfFA0kBqm5ra', 'V1kd3BrXRA', '0', 'nijWQmx9q0qUi3Yju0a5NkwXuEKxO0QufiTyB7Mz', 'false', '2020-04-18 10:11:57', '2020-04-18 10:11:57', NULL),
(219, 'heaven marvin', 'zboncak.deangelo@example.net', '$2y$10$PuxEcfJSPfLcBXEjSp6cSujVMrj/f/26ZaP99tD99kfFA0kBqm5ra', 'dRd0ikOKl7', '1', NULL, 'false', '2020-04-18 10:11:57', '2020-04-18 10:11:57', NULL),
(220, 'vicky sauer md', 'orpha03@example.net', '$2y$10$PuxEcfJSPfLcBXEjSp6cSujVMrj/f/26ZaP99tD99kfFA0kBqm5ra', 'GxyYQ8DSNX', '1', NULL, 'false', '2020-04-18 10:11:57', '2020-04-18 10:11:57', NULL),
(221, 'ferne fadel v', 'padberg.alysson@example.com', '$2y$10$PuxEcfJSPfLcBXEjSp6cSujVMrj/f/26ZaP99tD99kfFA0kBqm5ra', 'v4nuci39Lw', '1', NULL, 'false', '2020-04-18 10:11:57', '2020-04-18 10:11:57', NULL),
(222, 'janick prohaska', 'alexa.hackett@example.com', '$2y$10$PuxEcfJSPfLcBXEjSp6cSujVMrj/f/26ZaP99tD99kfFA0kBqm5ra', 'I1biYwjInv', '1', NULL, 'false', '2020-04-18 10:11:57', '2020-04-18 10:11:57', NULL),
(223, 'bryce boehm', 'marquardt.kim@example.com', '$2y$10$PuxEcfJSPfLcBXEjSp6cSujVMrj/f/26ZaP99tD99kfFA0kBqm5ra', '54pWrlPM83', '1', NULL, 'false', '2020-04-18 10:11:57', '2020-04-18 10:11:57', NULL),
(224, 'prof. abbigail herman', 'koepp.vicenta@example.org', '$2y$10$PuxEcfJSPfLcBXEjSp6cSujVMrj/f/26ZaP99tD99kfFA0kBqm5ra', 'QifiyPqNJ7', '0', 'FQnJ2gHkkk0ELNrHCIf3t0hLOYvhPf0f7Hu4kkCk', 'false', '2020-04-18 10:11:57', '2020-04-18 10:11:57', NULL),
(225, 'dante douglas', 'hbrekke@example.org', '$2y$10$PuxEcfJSPfLcBXEjSp6cSujVMrj/f/26ZaP99tD99kfFA0kBqm5ra', 'boXcOK1Wpk', '0', 'BNkduuutGAWvdAVmrsuH137WjJZ0mohAS9S9QIQ6', 'false', '2020-04-18 10:11:57', '2020-04-18 10:11:57', NULL),
(226, 'hillard dooley', 'arnulfo.hessel@example.com', '$2y$10$PuxEcfJSPfLcBXEjSp6cSujVMrj/f/26ZaP99tD99kfFA0kBqm5ra', 'zjC7IGa58H', '0', 'RkTCCilvLBsDRWxlWIxTA3nAFpVD6OuuR4hKBh7B', 'false', '2020-04-18 10:11:57', '2020-04-18 10:11:57', NULL);
INSERT INTO `users` (`id`, `name`, `email`, `password`, `remember_token`, `verified`, `verification_token`, `admin`, `created_at`, `updated_at`, `deleted_at`) VALUES
(227, 'ms. ruth conroy', 'knitzsche@example.com', '$2y$10$PuxEcfJSPfLcBXEjSp6cSujVMrj/f/26ZaP99tD99kfFA0kBqm5ra', 'DCpaYmCwcZ', '1', NULL, 'false', '2020-04-18 10:11:57', '2020-04-18 10:11:57', NULL),
(228, 'dr. melvin daugherty', 'amalia86@example.org', '$2y$10$PuxEcfJSPfLcBXEjSp6cSujVMrj/f/26ZaP99tD99kfFA0kBqm5ra', 'uq3lgv7Gep', '1', NULL, 'false', '2020-04-18 10:11:57', '2020-04-18 10:11:57', NULL),
(229, 'ms. zoey pouros iv', 'kswift@example.org', '$2y$10$PuxEcfJSPfLcBXEjSp6cSujVMrj/f/26ZaP99tD99kfFA0kBqm5ra', '4TEk7jnytm', '0', 'Wq6jEJxxU4PFSwjH28D1OIdcuhhcfMX3bwmVmMrp', 'false', '2020-04-18 10:11:57', '2020-04-18 10:11:57', NULL),
(230, 'flavie miller', 'rfeeney@example.com', '$2y$10$PuxEcfJSPfLcBXEjSp6cSujVMrj/f/26ZaP99tD99kfFA0kBqm5ra', 'vh3m354olM', '0', 'EWzZpu8RIbb787FU6rD1J3mSRy8MEwFtbc7PUOAO', 'false', '2020-04-18 10:11:57', '2020-04-18 10:11:57', NULL),
(231, 'boris blanda', 'abechtelar@example.com', '$2y$10$PuxEcfJSPfLcBXEjSp6cSujVMrj/f/26ZaP99tD99kfFA0kBqm5ra', 'HcOeE6UpE8', '1', NULL, 'false', '2020-04-18 10:11:57', '2020-04-18 10:11:57', NULL),
(232, 'meda gusikowski', 'alexie.lockman@example.org', '$2y$10$PuxEcfJSPfLcBXEjSp6cSujVMrj/f/26ZaP99tD99kfFA0kBqm5ra', 'UkHw3BGa6V', '0', 'YDNSrQH92z4DIfJKMsF1Sy8uZ2XGnlYj3Rko1UlA', 'false', '2020-04-18 10:11:57', '2020-04-18 10:11:57', NULL),
(233, 'prof. bernhard abbott', 'dagmar.hane@example.com', '$2y$10$PuxEcfJSPfLcBXEjSp6cSujVMrj/f/26ZaP99tD99kfFA0kBqm5ra', '9wijmgUod7', '1', NULL, 'false', '2020-04-18 10:11:57', '2020-04-18 10:11:57', NULL),
(234, 'jared johnson', 'kaitlin32@example.org', '$2y$10$PuxEcfJSPfLcBXEjSp6cSujVMrj/f/26ZaP99tD99kfFA0kBqm5ra', 'iuzUf2MJPh', '1', NULL, 'false', '2020-04-18 10:11:57', '2020-04-18 10:11:57', NULL),
(235, 'corbin bashirian', 'emmy03@example.net', '$2y$10$PuxEcfJSPfLcBXEjSp6cSujVMrj/f/26ZaP99tD99kfFA0kBqm5ra', 'YHFgaWzlSD', '0', 'dCsgkfUmwf4ZGrRP0x5863Lmi0NCKq4UjnhRRMdk', 'false', '2020-04-18 10:11:57', '2020-04-18 10:11:57', NULL),
(236, 'yasmeen reichert', 'btoy@example.org', '$2y$10$PuxEcfJSPfLcBXEjSp6cSujVMrj/f/26ZaP99tD99kfFA0kBqm5ra', 'JgZg7t2xVc', '0', '0jFFanRvcwC4L35714PHNGWKJhvQufqLeCyPkKvm', 'false', '2020-04-18 10:11:57', '2020-04-18 10:11:57', NULL),
(237, 'jennifer hagenes', 'reichel.dedric@example.net', '$2y$10$PuxEcfJSPfLcBXEjSp6cSujVMrj/f/26ZaP99tD99kfFA0kBqm5ra', 'I0uXKanQb6', '1', NULL, 'false', '2020-04-18 10:11:57', '2020-04-18 10:11:57', NULL),
(238, 'sid wintheiser', 'lessie37@example.com', '$2y$10$PuxEcfJSPfLcBXEjSp6cSujVMrj/f/26ZaP99tD99kfFA0kBqm5ra', 'Las8t5K2gz', '0', 'Wc55VZt55NWTqBczylMhN0urzWFZ7aZMR4QA5sVa', 'false', '2020-04-18 10:11:57', '2020-04-18 10:11:57', NULL),
(239, 'gilberto auer', 'omuller@example.com', '$2y$10$PuxEcfJSPfLcBXEjSp6cSujVMrj/f/26ZaP99tD99kfFA0kBqm5ra', 'y6ZaV7lvJz', '1', NULL, 'false', '2020-04-18 10:11:57', '2020-04-18 10:11:57', NULL),
(240, 'prof. jameson schimmel', 'lavonne.hilpert@example.com', '$2y$10$PuxEcfJSPfLcBXEjSp6cSujVMrj/f/26ZaP99tD99kfFA0kBqm5ra', 'CHg42udDhL', '0', 'D98iAh1jMgNVmbdzpvHRHKguHNGrTFzT4XHVgJSL', 'false', '2020-04-18 10:11:57', '2020-04-18 10:11:57', NULL),
(241, 'miss elta hill jr.', 'dooley.fletcher@example.org', '$2y$10$PuxEcfJSPfLcBXEjSp6cSujVMrj/f/26ZaP99tD99kfFA0kBqm5ra', 'AcI9wXRZHW', '1', NULL, 'false', '2020-04-18 10:11:57', '2020-04-18 10:11:57', NULL),
(242, 'nicklaus kiehn', 'haley.pearline@example.com', '$2y$10$PuxEcfJSPfLcBXEjSp6cSujVMrj/f/26ZaP99tD99kfFA0kBqm5ra', 'twiGPbiKRY', '0', 'lchDVNE15e6eZGtZcj2KdHZwhhmrU1LrgSmNwsVv', 'false', '2020-04-18 10:11:57', '2020-04-18 10:11:57', NULL),
(243, 'ellsworth lehner i', 'von.letha@example.net', '$2y$10$PuxEcfJSPfLcBXEjSp6cSujVMrj/f/26ZaP99tD99kfFA0kBqm5ra', 'Pxuxn11Bkq', '0', 'lty5GIrxFWG6z2EeTAJEm5huK9zMvg2r2WE1Tls7', 'false', '2020-04-18 10:11:57', '2020-04-18 10:11:57', NULL),
(244, 'hope bogan', 'reginald.barrows@example.org', '$2y$10$PuxEcfJSPfLcBXEjSp6cSujVMrj/f/26ZaP99tD99kfFA0kBqm5ra', 'pwFFz5H9yb', '0', 'lMKNaVHFDEiN6kBZE1e1ALUBdCkMJqaUmTxUolmL', 'false', '2020-04-18 10:11:57', '2020-04-18 10:11:57', NULL),
(245, 'prof. wayne quitzon iv', 'verda74@example.com', '$2y$10$PuxEcfJSPfLcBXEjSp6cSujVMrj/f/26ZaP99tD99kfFA0kBqm5ra', 'eFVEVoMlBa', '1', NULL, 'false', '2020-04-18 10:11:57', '2020-04-18 10:11:57', NULL),
(246, 'coty moen', 'martine.bruen@example.net', '$2y$10$PuxEcfJSPfLcBXEjSp6cSujVMrj/f/26ZaP99tD99kfFA0kBqm5ra', 'sllt0udfYY', '0', 'v2hzEohbYaA9r0mPA7QZrQRQgxBEe4MLO8TdDnKc', 'false', '2020-04-18 10:11:57', '2020-04-18 10:11:57', NULL),
(247, 'pietro steuber dvm', 'luther.kuhic@example.com', '$2y$10$PuxEcfJSPfLcBXEjSp6cSujVMrj/f/26ZaP99tD99kfFA0kBqm5ra', 'ru4RI8GZ4u', '0', 'AzgQ6cpCNqhoEzQjpNg8YDox8RkrW7DCLEGYwsaf', 'false', '2020-04-18 10:11:57', '2020-04-18 10:11:57', NULL),
(248, 'tyson rosenbaum phd', 'lorine04@example.org', '$2y$10$PuxEcfJSPfLcBXEjSp6cSujVMrj/f/26ZaP99tD99kfFA0kBqm5ra', 'cJxuZRhh3L', '0', 'luYce0HRIG4NfVcr2qFUlMSvdOT7mf6RtmTowcE8', 'false', '2020-04-18 10:11:57', '2020-04-18 10:11:57', NULL),
(249, 'joey cummerata', 'araceli24@example.org', '$2y$10$PuxEcfJSPfLcBXEjSp6cSujVMrj/f/26ZaP99tD99kfFA0kBqm5ra', 'BnDZzs8GI7', '1', NULL, 'false', '2020-04-18 10:11:57', '2020-04-18 10:11:57', NULL),
(250, 'prof. joannie abbott', 'woodrow61@example.com', '$2y$10$PuxEcfJSPfLcBXEjSp6cSujVMrj/f/26ZaP99tD99kfFA0kBqm5ra', 'q0D7Gwr8Bn', '1', NULL, 'false', '2020-04-18 10:11:57', '2020-04-18 10:11:57', NULL),
(251, 'bernita hills', 'bschneider@example.org', '$2y$10$PuxEcfJSPfLcBXEjSp6cSujVMrj/f/26ZaP99tD99kfFA0kBqm5ra', 'Cfj2yngjqN', '0', 'ceqhlEj3FZSqhizxmIHQ2a7FKq9Xi615b1T8yynO', 'false', '2020-04-18 10:11:57', '2020-04-18 10:11:57', NULL),
(252, 'nolan wiegand', 'ashton.ebert@example.net', '$2y$10$PuxEcfJSPfLcBXEjSp6cSujVMrj/f/26ZaP99tD99kfFA0kBqm5ra', 'gEzrvOIft0', '0', 'IpTPx6imsZyVGzfQVKdkCOX12b2d2ufQ3ufSE60k', 'false', '2020-04-18 10:11:57', '2020-04-18 10:11:57', NULL),
(253, 'prof. gerry lakin iv', 'porter10@example.com', '$2y$10$PuxEcfJSPfLcBXEjSp6cSujVMrj/f/26ZaP99tD99kfFA0kBqm5ra', 'JVZipRdVB9', '0', 'o4HkXJbTJeFQTrsHXpdLj0tTVq0BpkWeO2nEVvag', 'false', '2020-04-18 10:11:57', '2020-04-18 10:11:57', NULL),
(254, 'taylor mann', 'halvorson.kristofer@example.org', '$2y$10$PuxEcfJSPfLcBXEjSp6cSujVMrj/f/26ZaP99tD99kfFA0kBqm5ra', 'UE7IMwRuQ1', '1', NULL, 'false', '2020-04-18 10:11:57', '2020-04-18 10:11:57', NULL),
(255, 'prof. holden rempel iii', 'josh54@example.net', '$2y$10$PuxEcfJSPfLcBXEjSp6cSujVMrj/f/26ZaP99tD99kfFA0kBqm5ra', 'x0DoV7fziN', '0', 'QPy6gOlf1t2Gwz7aEg7AHWq6O1a1BJMRgRfZDIE8', 'false', '2020-04-18 10:11:57', '2020-04-18 10:11:57', NULL),
(256, 'wilton larkin', 'qzulauf@example.com', '$2y$10$PuxEcfJSPfLcBXEjSp6cSujVMrj/f/26ZaP99tD99kfFA0kBqm5ra', 'Ly6cNtFNYT', '1', NULL, 'false', '2020-04-18 10:11:57', '2020-04-18 10:11:57', NULL),
(257, 'lily gerlach', 'nleannon@example.com', '$2y$10$PuxEcfJSPfLcBXEjSp6cSujVMrj/f/26ZaP99tD99kfFA0kBqm5ra', 'VEoNuiF8kA', '0', 'cGAaTAviizZNLiqcbozv5DFevPGor0cejjbp1lJ3', 'false', '2020-04-18 10:11:57', '2020-04-18 10:11:57', NULL),
(258, 'reece zieme ii', 'mrolfson@example.net', '$2y$10$PuxEcfJSPfLcBXEjSp6cSujVMrj/f/26ZaP99tD99kfFA0kBqm5ra', 'GWPQYZ5Qr9', '1', NULL, 'false', '2020-04-18 10:11:57', '2020-04-18 10:11:57', NULL),
(259, 'mollie volkman', 'qturner@example.org', '$2y$10$PuxEcfJSPfLcBXEjSp6cSujVMrj/f/26ZaP99tD99kfFA0kBqm5ra', 'dmyn5Nb9df', '1', NULL, 'false', '2020-04-18 10:11:57', '2020-04-18 10:11:57', NULL),
(260, 'renee wintheiser', 'bruen.judge@example.org', '$2y$10$PuxEcfJSPfLcBXEjSp6cSujVMrj/f/26ZaP99tD99kfFA0kBqm5ra', 'eHCHRqFPwV', '0', '1QKiqKvIcSRyq2fXFUCJtXVMmWxMDNPdE2lzuJdo', 'false', '2020-04-18 10:11:57', '2020-04-18 10:11:57', NULL),
(261, 'bennett borer', 'erutherford@example.net', '$2y$10$PuxEcfJSPfLcBXEjSp6cSujVMrj/f/26ZaP99tD99kfFA0kBqm5ra', 'IaH1fbyyFK', '1', NULL, 'false', '2020-04-18 10:11:57', '2020-04-18 10:11:57', NULL),
(262, 'mr. narciso koepp dds', 'corwin.filiberto@example.com', '$2y$10$PuxEcfJSPfLcBXEjSp6cSujVMrj/f/26ZaP99tD99kfFA0kBqm5ra', 'IR0fmLi9x2', '1', NULL, 'false', '2020-04-18 10:11:57', '2020-04-18 10:11:57', NULL),
(263, 'alta o\'reilly', 'qlang@example.net', '$2y$10$PuxEcfJSPfLcBXEjSp6cSujVMrj/f/26ZaP99tD99kfFA0kBqm5ra', 'bvZFs6dKAr', '0', 'wJcnosBPw69WYLkffzeJGmcdJBuelFwlQHdG1tbc', 'false', '2020-04-18 10:11:57', '2020-04-18 10:11:57', NULL),
(264, 'lucio mante', 'diana.mohr@example.org', '$2y$10$PuxEcfJSPfLcBXEjSp6cSujVMrj/f/26ZaP99tD99kfFA0kBqm5ra', 'SXwqtPKzs1', '1', NULL, 'false', '2020-04-18 10:11:57', '2020-04-18 10:11:57', NULL),
(265, 'xzavier west i', 'guy.bode@example.net', '$2y$10$PuxEcfJSPfLcBXEjSp6cSujVMrj/f/26ZaP99tD99kfFA0kBqm5ra', 'ZbpvQC761s', '0', 'vKDWCA9fzn81h1AyRbOnk41xzBmN0a9TcQYZUjqU', 'false', '2020-04-18 10:11:57', '2020-04-18 10:11:57', NULL),
(266, 'ole feest', 'jordyn75@example.org', '$2y$10$PuxEcfJSPfLcBXEjSp6cSujVMrj/f/26ZaP99tD99kfFA0kBqm5ra', 'vmA4votY3d', '1', NULL, 'false', '2020-04-18 10:11:57', '2020-04-18 10:11:57', NULL),
(267, 'yasmeen little', 'darren11@example.org', '$2y$10$PuxEcfJSPfLcBXEjSp6cSujVMrj/f/26ZaP99tD99kfFA0kBqm5ra', '19okNfxAnr', '1', NULL, 'false', '2020-04-18 10:11:57', '2020-04-18 10:11:57', NULL),
(268, 'miss corene hane', 'damore.bernardo@example.net', '$2y$10$PuxEcfJSPfLcBXEjSp6cSujVMrj/f/26ZaP99tD99kfFA0kBqm5ra', 's7eL7t9bCI', '0', 'YZH45B7Kw8z4HUE9d6TpCjgMAHijbECMQ1vW5DTd', 'false', '2020-04-18 10:11:57', '2020-04-18 10:11:57', NULL),
(269, 'mr. charlie parker iii', 'corene83@example.net', '$2y$10$PuxEcfJSPfLcBXEjSp6cSujVMrj/f/26ZaP99tD99kfFA0kBqm5ra', 'SstpnV8wIt', '0', 'DGtpNxgRHtG994M5HWV2cDtGeaVTsAXG1mCA1Cdm', 'false', '2020-04-18 10:11:57', '2020-04-18 10:11:57', NULL),
(270, 'ms. tanya goodwin', 'heller.domenic@example.net', '$2y$10$PuxEcfJSPfLcBXEjSp6cSujVMrj/f/26ZaP99tD99kfFA0kBqm5ra', 'w9mQhH62n1', '0', 'lmSFPk5MQYM2j8uGh97sGxAhjLIzm8FqRqxyku6K', 'false', '2020-04-18 10:11:57', '2020-04-18 10:11:57', NULL),
(271, 'maximillia conroy', 'mitchell.jon@example.com', '$2y$10$PuxEcfJSPfLcBXEjSp6cSujVMrj/f/26ZaP99tD99kfFA0kBqm5ra', 'rw7TAswtjB', '1', NULL, 'false', '2020-04-18 10:11:57', '2020-04-18 10:11:57', NULL),
(272, 'chelsie cruickshank', 'hildegard97@example.net', '$2y$10$PuxEcfJSPfLcBXEjSp6cSujVMrj/f/26ZaP99tD99kfFA0kBqm5ra', '0yG8mNI6oX', '1', NULL, 'false', '2020-04-18 10:11:57', '2020-04-18 10:11:57', NULL),
(273, 'mack dach', 'keegan.gleichner@example.org', '$2y$10$PuxEcfJSPfLcBXEjSp6cSujVMrj/f/26ZaP99tD99kfFA0kBqm5ra', 'nDvMBNrwZC', '0', '4Wx81JCmqApbv8wYKmXB1ocyldFyqToLzwbhjwuu', 'false', '2020-04-18 10:11:57', '2020-04-18 10:11:57', NULL),
(274, 'crystal willms', 'tania.gibson@example.com', '$2y$10$PuxEcfJSPfLcBXEjSp6cSujVMrj/f/26ZaP99tD99kfFA0kBqm5ra', 'VQTCotZqSq', '0', 'F0WhiUwnOZUOna1T5oqx3zZyHgs4NUw1MPouJpe4', 'false', '2020-04-18 10:11:57', '2020-04-18 10:11:57', NULL),
(275, 'avis ziemann', 'ygreen@example.net', '$2y$10$PuxEcfJSPfLcBXEjSp6cSujVMrj/f/26ZaP99tD99kfFA0kBqm5ra', 'tCMtWUSkUH', '0', 'AHVHo5ltLTfpV3DgfHC1YpAQ0STwoCAJIJ99X7AC', 'false', '2020-04-18 10:11:57', '2020-04-18 10:11:57', NULL),
(276, 'mrs. chelsie prosacco', 'tyra.dickinson@example.com', '$2y$10$PuxEcfJSPfLcBXEjSp6cSujVMrj/f/26ZaP99tD99kfFA0kBqm5ra', 'SUH82OQpiB', '1', NULL, 'false', '2020-04-18 10:11:57', '2020-04-18 10:11:57', NULL),
(277, 'brett walsh v', 'demond35@example.com', '$2y$10$PuxEcfJSPfLcBXEjSp6cSujVMrj/f/26ZaP99tD99kfFA0kBqm5ra', 'NiXFxkU48c', '1', NULL, 'false', '2020-04-18 10:11:57', '2020-04-18 10:11:57', NULL),
(278, 'green mclaughlin', 'wkshlerin@example.net', '$2y$10$PuxEcfJSPfLcBXEjSp6cSujVMrj/f/26ZaP99tD99kfFA0kBqm5ra', 'i2LHyQHuk3', '0', 'N6NZ92LfZWHb5604wxGhYOZxnGPCNMf0VsAfW44p', 'false', '2020-04-18 10:11:57', '2020-04-18 10:11:57', NULL),
(279, 'prof. derek o\'kon ii', 'charley.stracke@example.net', '$2y$10$PuxEcfJSPfLcBXEjSp6cSujVMrj/f/26ZaP99tD99kfFA0kBqm5ra', 'NOUqe5peAx', '0', 'SAd3ymmPHOn7bPrhOt6bZ0IIfciGeM98ON6n2sNA', 'false', '2020-04-18 10:11:57', '2020-04-18 10:11:57', NULL),
(280, 'dr. gordon williamson iv', 'blemke@example.org', '$2y$10$PuxEcfJSPfLcBXEjSp6cSujVMrj/f/26ZaP99tD99kfFA0kBqm5ra', 'FUS7LoXJxS', '0', 'vyO87bf1TA60OuYON6wHkyUfUaLtFp0W5eqt8Nqj', 'false', '2020-04-18 10:11:57', '2020-04-18 10:11:57', NULL),
(281, 'rosetta block', 'dave.predovic@example.com', '$2y$10$PuxEcfJSPfLcBXEjSp6cSujVMrj/f/26ZaP99tD99kfFA0kBqm5ra', '46ZkBUGZWT', '0', 'u3P6GlxAhslidw3Ect2sY2PKQq6ZZ7k5YuYEMfLW', 'false', '2020-04-18 10:11:57', '2020-04-18 10:11:57', NULL),
(282, 'idella ziemann', 'moore.taylor@example.com', '$2y$10$PuxEcfJSPfLcBXEjSp6cSujVMrj/f/26ZaP99tD99kfFA0kBqm5ra', 'ruJ0wKTcNF', '1', NULL, 'false', '2020-04-18 10:11:57', '2020-04-18 10:11:57', NULL),
(283, 'prof. juston orn phd', 'retha49@example.net', '$2y$10$PuxEcfJSPfLcBXEjSp6cSujVMrj/f/26ZaP99tD99kfFA0kBqm5ra', 'Avspb0PVAD', '0', 'fI5zt8D4Z40IJY0hrKnBJEZqVk2cIkZWWojlERel', 'false', '2020-04-18 10:11:57', '2020-04-18 10:11:57', NULL),
(284, 'woodrow goodwin', 'murazik.lavonne@example.com', '$2y$10$PuxEcfJSPfLcBXEjSp6cSujVMrj/f/26ZaP99tD99kfFA0kBqm5ra', '8xujBDfOpE', '0', 'CwxVPwShd2t48AO7EGgfDpum3CQ2591Zu5gN8t9q', 'false', '2020-04-18 10:11:57', '2020-04-18 10:11:57', NULL),
(285, 'frank o\'conner', 'ibernier@example.org', '$2y$10$PuxEcfJSPfLcBXEjSp6cSujVMrj/f/26ZaP99tD99kfFA0kBqm5ra', 'br9XHzHlrw', '1', NULL, 'false', '2020-04-18 10:11:57', '2020-04-18 10:11:57', NULL),
(286, 'eulalia olson', 'hwilliamson@example.com', '$2y$10$PuxEcfJSPfLcBXEjSp6cSujVMrj/f/26ZaP99tD99kfFA0kBqm5ra', 'pycdQuJ3pU', '1', NULL, 'false', '2020-04-18 10:11:57', '2020-04-18 10:11:57', NULL),
(287, 'elvera orn', 'armando.murphy@example.org', '$2y$10$PuxEcfJSPfLcBXEjSp6cSujVMrj/f/26ZaP99tD99kfFA0kBqm5ra', '8gpOURxtME', '1', NULL, 'false', '2020-04-18 10:11:57', '2020-04-18 10:11:57', NULL),
(288, 'kaitlin harris', 'mitchell14@example.com', '$2y$10$PuxEcfJSPfLcBXEjSp6cSujVMrj/f/26ZaP99tD99kfFA0kBqm5ra', 'QPySmt9kXb', '1', NULL, 'false', '2020-04-18 10:11:57', '2020-04-18 10:11:57', NULL),
(289, 'mrs. palma lemke iii', 'leannon.cordia@example.net', '$2y$10$PuxEcfJSPfLcBXEjSp6cSujVMrj/f/26ZaP99tD99kfFA0kBqm5ra', 'LSKTbEH4zN', '0', '37ahJHnsP6J4BPEFlBwkFeE0SHzW42VutY8cBTa9', 'false', '2020-04-18 10:11:57', '2020-04-18 10:11:57', NULL),
(290, 'damian jerde i', 'klein.elisabeth@example.net', '$2y$10$PuxEcfJSPfLcBXEjSp6cSujVMrj/f/26ZaP99tD99kfFA0kBqm5ra', 'y2noo9qJvt', '0', '3g19MqExPqWwMdmYqCaBOp547dq3VLME46QkalJZ', 'false', '2020-04-18 10:11:57', '2020-04-18 10:11:57', NULL),
(291, 'mrs. sadye bosco ii', 'juliet03@example.net', '$2y$10$PuxEcfJSPfLcBXEjSp6cSujVMrj/f/26ZaP99tD99kfFA0kBqm5ra', 'yFQiFrJJ9f', '0', 'OmL8vMVPuQwFRSZolr7laabiYLScrOugwm2SNIsL', 'false', '2020-04-18 10:11:57', '2020-04-18 10:11:57', NULL),
(292, 'prof. emile davis dds', 'jacobson.jannie@example.net', '$2y$10$PuxEcfJSPfLcBXEjSp6cSujVMrj/f/26ZaP99tD99kfFA0kBqm5ra', 'vriLJD2UsR', '1', NULL, 'false', '2020-04-18 10:11:57', '2020-04-18 10:11:57', NULL),
(293, 'vernie collins', 'champlin.maybelle@example.com', '$2y$10$PuxEcfJSPfLcBXEjSp6cSujVMrj/f/26ZaP99tD99kfFA0kBqm5ra', 'WsRY3I4nO5', '1', NULL, 'false', '2020-04-18 10:11:57', '2020-04-18 10:11:57', NULL),
(294, 'mr. alexys hilpert', 'lula.cormier@example.net', '$2y$10$PuxEcfJSPfLcBXEjSp6cSujVMrj/f/26ZaP99tD99kfFA0kBqm5ra', 'WOOHMPWfwy', '1', NULL, 'false', '2020-04-18 10:11:57', '2020-04-18 10:11:57', NULL),
(295, 'dr. brook gutkowski v', 'lorenza07@example.org', '$2y$10$PuxEcfJSPfLcBXEjSp6cSujVMrj/f/26ZaP99tD99kfFA0kBqm5ra', 'bmy9o3Q3zF', '0', 'fDst9KnFKzoYMCWfzzKviIX9sBUl9k0UboALjLrI', 'false', '2020-04-18 10:11:57', '2020-04-18 10:11:57', NULL),
(296, 'curt carroll', 'elmore89@example.org', '$2y$10$PuxEcfJSPfLcBXEjSp6cSujVMrj/f/26ZaP99tD99kfFA0kBqm5ra', 'efK3RYFtND', '0', 'Kdr4mRtPpkFicoLXV5WJmolJqLPtqIypO8FAP37E', 'false', '2020-04-18 10:11:57', '2020-04-18 10:11:57', NULL),
(297, 'fritz morar', 'arnulfo.carroll@example.net', '$2y$10$PuxEcfJSPfLcBXEjSp6cSujVMrj/f/26ZaP99tD99kfFA0kBqm5ra', '4AXLDnXNtS', '0', 'cgJ75abNH1KIkGM0pMgbxYyTIN9uGi3S1tEYN2cK', 'false', '2020-04-18 10:11:57', '2020-04-18 10:11:57', NULL),
(298, 'dr. selmer schaden', 'towne.quinton@example.org', '$2y$10$PuxEcfJSPfLcBXEjSp6cSujVMrj/f/26ZaP99tD99kfFA0kBqm5ra', '2j1EdR4wWD', '1', NULL, 'false', '2020-04-18 10:11:57', '2020-04-18 10:11:57', NULL),
(299, 'mr. eduardo carroll md', 'marianna.crona@example.com', '$2y$10$PuxEcfJSPfLcBXEjSp6cSujVMrj/f/26ZaP99tD99kfFA0kBqm5ra', 'ELkv0HGman', '1', NULL, 'false', '2020-04-18 10:11:57', '2020-04-18 10:11:57', NULL),
(300, 'elmore runte md', 'wkiehn@example.net', '$2y$10$PuxEcfJSPfLcBXEjSp6cSujVMrj/f/26ZaP99tD99kfFA0kBqm5ra', 'BsTukgx2nw', '0', 'tDuNexdC9WaqtiL1QaRGAs3CsZdPBDLxXZeYJQh3', 'false', '2020-04-18 10:11:57', '2020-04-18 10:11:57', NULL),
(301, 'dallin schamberger', 'bailey.breanna@example.com', '$2y$10$PuxEcfJSPfLcBXEjSp6cSujVMrj/f/26ZaP99tD99kfFA0kBqm5ra', 'y7816ecxVT', '1', NULL, 'false', '2020-04-18 10:11:57', '2020-04-18 10:11:57', NULL),
(302, 'lance terry', 'iyundt@example.org', '$2y$10$PuxEcfJSPfLcBXEjSp6cSujVMrj/f/26ZaP99tD99kfFA0kBqm5ra', 'k8yXMBu8DL', '0', 'NrMdjs7eCpi7F5LgKWQog4JOv1aAQwaPhKP8GD6U', 'false', '2020-04-18 10:11:57', '2020-04-18 10:11:57', NULL),
(303, 'kailey ritchie v', 'rodriguez.walker@example.com', '$2y$10$PuxEcfJSPfLcBXEjSp6cSujVMrj/f/26ZaP99tD99kfFA0kBqm5ra', 'YQyu129Lnw', '0', 'W7jjEUyTm8HaCctlc4e4jFWNv3giVjgeVqKtav8T', 'false', '2020-04-18 10:11:57', '2020-04-18 10:11:57', NULL),
(304, 'dr. marlee olson iii', 'oreilly.dasia@example.org', '$2y$10$PuxEcfJSPfLcBXEjSp6cSujVMrj/f/26ZaP99tD99kfFA0kBqm5ra', 'WHjv3DKaHG', '1', NULL, 'false', '2020-04-18 10:11:57', '2020-04-18 10:11:57', NULL),
(305, 'alvera brown sr.', 'mitchell.brandyn@example.com', '$2y$10$PuxEcfJSPfLcBXEjSp6cSujVMrj/f/26ZaP99tD99kfFA0kBqm5ra', 'CvTtA1Lnb3', '0', 'XL5TqwTw56A0K1Er54Mw2g6FCYdKshK8KxILSs04', 'false', '2020-04-18 10:11:57', '2020-04-18 10:11:57', NULL),
(306, 'chanelle heller', 'kyleigh.koepp@example.com', '$2y$10$PuxEcfJSPfLcBXEjSp6cSujVMrj/f/26ZaP99tD99kfFA0kBqm5ra', 'w56Rwiwe2e', '0', 'd2Q6AHsMBJgGBiA6SNmrOcZZ0geV8KNNCBsZFExP', 'false', '2020-04-18 10:11:57', '2020-04-18 10:11:57', NULL),
(307, 'jaylan kilback', 'herta.rippin@example.com', '$2y$10$PuxEcfJSPfLcBXEjSp6cSujVMrj/f/26ZaP99tD99kfFA0kBqm5ra', 'Q6cUPxCemz', '1', NULL, 'false', '2020-04-18 10:11:57', '2020-04-18 10:11:57', NULL),
(308, 'nicolas lindgren', 'xturcotte@example.org', '$2y$10$PuxEcfJSPfLcBXEjSp6cSujVMrj/f/26ZaP99tD99kfFA0kBqm5ra', 'CB0lYuzRha', '0', 'eDRwNW0YFEKe6vrJr7WlFX72xwoN6sLyLMHoIlYw', 'false', '2020-04-18 10:11:57', '2020-04-18 10:11:57', NULL),
(309, 'reanna conn md', 'jerrell60@example.org', '$2y$10$PuxEcfJSPfLcBXEjSp6cSujVMrj/f/26ZaP99tD99kfFA0kBqm5ra', 'XiKNZpOzNg', '0', 'CCoJGgI1B3IBdCdbluuIBDsmYc7ADMJWN8i2ynfx', 'false', '2020-04-18 10:11:57', '2020-04-18 10:11:57', NULL),
(310, 'adalberto ledner', 'colten75@example.net', '$2y$10$PuxEcfJSPfLcBXEjSp6cSujVMrj/f/26ZaP99tD99kfFA0kBqm5ra', '2378oSEQcc', '0', 'sabRPvmA2bYOjLiQR5dG85ePcuukdErOhIHzfb5o', 'false', '2020-04-18 10:11:57', '2020-04-18 10:11:57', NULL),
(311, 'anita becker', 'mohr.claudia@example.com', '$2y$10$PuxEcfJSPfLcBXEjSp6cSujVMrj/f/26ZaP99tD99kfFA0kBqm5ra', 'DYzPQL5FiG', '0', 'b3GrCyqEm8XWTD9m9MWCzmNSeqCYILBclpZ8rn2x', 'false', '2020-04-18 10:11:57', '2020-04-18 10:11:57', NULL),
(312, 'unique brown sr.', 'davis.idell@example.net', '$2y$10$PuxEcfJSPfLcBXEjSp6cSujVMrj/f/26ZaP99tD99kfFA0kBqm5ra', 'yqcdD4TKFp', '1', NULL, 'false', '2020-04-18 10:11:57', '2020-04-18 10:11:57', NULL),
(313, 'maud casper', 'pfeffer.antonietta@example.com', '$2y$10$PuxEcfJSPfLcBXEjSp6cSujVMrj/f/26ZaP99tD99kfFA0kBqm5ra', 'TPXBvZyHXO', '1', NULL, 'false', '2020-04-18 10:11:57', '2020-04-18 10:11:57', NULL),
(314, 'irving heathcote', 'stehr.ernesto@example.org', '$2y$10$PuxEcfJSPfLcBXEjSp6cSujVMrj/f/26ZaP99tD99kfFA0kBqm5ra', 't4Ex5u51yD', '0', 'b2uj3HyA3CeDegzY91tzXirhxuaVAajvOKSLjlRn', 'false', '2020-04-18 10:11:57', '2020-04-18 10:11:57', NULL),
(315, 'demetrius mccullough', 'wwintheiser@example.org', '$2y$10$PuxEcfJSPfLcBXEjSp6cSujVMrj/f/26ZaP99tD99kfFA0kBqm5ra', 'CxCYKku9TF', '1', NULL, 'false', '2020-04-18 10:11:57', '2020-04-18 10:11:57', NULL),
(316, 'verla casper', 'pmraz@example.org', '$2y$10$PuxEcfJSPfLcBXEjSp6cSujVMrj/f/26ZaP99tD99kfFA0kBqm5ra', 'NPYTALqkTi', '0', 'QLmCZzmhDCoars3TBSdDIW4SBh66HKUpuN9D6Jzy', 'false', '2020-04-18 10:11:57', '2020-04-18 10:11:57', NULL),
(317, 'prof. lucius kuhic', 'ybayer@example.net', '$2y$10$PuxEcfJSPfLcBXEjSp6cSujVMrj/f/26ZaP99tD99kfFA0kBqm5ra', 'QDGrfFPKvc', '0', '9JHbCu8ZX66xpejUKrYJyJTg5iipyUAswwKA2YTE', 'false', '2020-04-18 10:11:57', '2020-04-18 10:11:57', NULL),
(318, 'mckayla johnson iii', 'sauer.santiago@example.org', '$2y$10$PuxEcfJSPfLcBXEjSp6cSujVMrj/f/26ZaP99tD99kfFA0kBqm5ra', 'dMCFXOMuBI', '0', 'FG259UkVnnj1pAxCRS0hVznk25xdEYDoRwbyizOn', 'false', '2020-04-18 10:11:57', '2020-04-18 10:11:57', NULL),
(319, 'raphael abshire', 'werner.runolfsson@example.com', '$2y$10$PuxEcfJSPfLcBXEjSp6cSujVMrj/f/26ZaP99tD99kfFA0kBqm5ra', 'q4UhMpbPYk', '1', NULL, 'false', '2020-04-18 10:11:57', '2020-04-18 10:11:57', NULL),
(320, 'arlo terry dvm', 'matteo.walsh@example.org', '$2y$10$PuxEcfJSPfLcBXEjSp6cSujVMrj/f/26ZaP99tD99kfFA0kBqm5ra', 'adiUaNInUW', '0', 'KaDNPq0hpRDkfWSTnvT2Vdri4012TJKYwcxcHHMR', 'false', '2020-04-18 10:11:57', '2020-04-18 10:11:57', NULL),
(321, 'daron o\'hara', 'acormier@example.net', '$2y$10$PuxEcfJSPfLcBXEjSp6cSujVMrj/f/26ZaP99tD99kfFA0kBqm5ra', 'Em6JzDxbTY', '0', 'c4C4EAGZVJICMSTRqV9HkyzjMgjVtlAfjNLMgDT8', 'false', '2020-04-18 10:11:57', '2020-04-18 10:11:57', NULL),
(322, 'ruben moen', 'xstiedemann@example.com', '$2y$10$PuxEcfJSPfLcBXEjSp6cSujVMrj/f/26ZaP99tD99kfFA0kBqm5ra', '0C5SRtPfwM', '0', 'QqhcpPullGGiaSHmQMmFSmm7EthjWHqPdV7oVQKn', 'false', '2020-04-18 10:11:57', '2020-04-18 10:11:57', NULL),
(323, 'emmet kunde iii', 'angel.gulgowski@example.net', '$2y$10$PuxEcfJSPfLcBXEjSp6cSujVMrj/f/26ZaP99tD99kfFA0kBqm5ra', 'BudCMvrvtd', '0', 'spM38eXM6XkhMCXzx2lva1IMzHdgzHgICGjE2vOS', 'false', '2020-04-18 10:11:57', '2020-04-18 10:11:57', NULL),
(324, 'freeda leannon', 'fschoen@example.com', '$2y$10$PuxEcfJSPfLcBXEjSp6cSujVMrj/f/26ZaP99tD99kfFA0kBqm5ra', 'g6CRYXPEb7', '0', 'lpNxaHTlgthKY5woaufuUxZtwM8RNgBFjJmqJBCP', 'false', '2020-04-18 10:11:57', '2020-04-18 10:11:57', NULL),
(325, 'liliane stehr', 'lily43@example.net', '$2y$10$PuxEcfJSPfLcBXEjSp6cSujVMrj/f/26ZaP99tD99kfFA0kBqm5ra', 'OKVizlSLHC', '1', NULL, 'false', '2020-04-18 10:11:57', '2020-04-18 10:11:57', NULL),
(326, 'prof. kathryne robel jr.', 'fdoyle@example.org', '$2y$10$PuxEcfJSPfLcBXEjSp6cSujVMrj/f/26ZaP99tD99kfFA0kBqm5ra', 'DCbq3lp2PY', '0', 'ohTkfXgmhDHa38XMta90UOHOXeq3dwLVg82L4KjN', 'false', '2020-04-18 10:11:57', '2020-04-18 10:11:57', NULL),
(327, 'jalon marks', 'juanita.crist@example.net', '$2y$10$PuxEcfJSPfLcBXEjSp6cSujVMrj/f/26ZaP99tD99kfFA0kBqm5ra', 'Gtl1p9ZPKV', '0', 'mzq4PFviwmuAIEzpdNyKDy6FK9AoQE2TacrhJtpN', 'false', '2020-04-18 10:11:57', '2020-04-18 10:11:57', NULL),
(328, 'prof. lane larson', 'hortense93@example.net', '$2y$10$PuxEcfJSPfLcBXEjSp6cSujVMrj/f/26ZaP99tD99kfFA0kBqm5ra', 'KZUb0M25Ip', '0', 'Wjo8iXkqIbUtnjYrWoU4EdNE6IAahcPzHugb8EVA', 'false', '2020-04-18 10:11:57', '2020-04-18 10:11:57', NULL),
(329, 'lucinda altenwerth', 'roberta.walker@example.com', '$2y$10$PuxEcfJSPfLcBXEjSp6cSujVMrj/f/26ZaP99tD99kfFA0kBqm5ra', 'nrCtlVJtH9', '1', NULL, 'false', '2020-04-18 10:11:57', '2020-04-18 10:11:57', NULL),
(330, 'clotilde dickens', 'dpouros@example.org', '$2y$10$PuxEcfJSPfLcBXEjSp6cSujVMrj/f/26ZaP99tD99kfFA0kBqm5ra', 'KtM5Y15QuH', '0', 'HBBhxLBiUtD9Z9fgNYQ5WBPnzotHC3fSwXO7qsQe', 'false', '2020-04-18 10:11:57', '2020-04-18 10:11:57', NULL),
(331, 'lucas ledner', 'ritchie.louvenia@example.net', '$2y$10$PuxEcfJSPfLcBXEjSp6cSujVMrj/f/26ZaP99tD99kfFA0kBqm5ra', 'PIJRwsvqPl', '1', NULL, 'false', '2020-04-18 10:11:57', '2020-04-18 10:11:57', NULL),
(332, 'rodolfo dickinson jr.', 'weimann.jarod@example.net', '$2y$10$PuxEcfJSPfLcBXEjSp6cSujVMrj/f/26ZaP99tD99kfFA0kBqm5ra', '5peR4gXwqg', '0', 'vhqzlUlpUb7TdppqOo17yrmPK1BEpUZJiSNWro5Y', 'false', '2020-04-18 10:11:57', '2020-04-18 10:11:57', NULL),
(333, 'evangeline d\'amore', 'eusebio.bednar@example.net', '$2y$10$PuxEcfJSPfLcBXEjSp6cSujVMrj/f/26ZaP99tD99kfFA0kBqm5ra', 'iu7t4xksaF', '0', '3vKnWfPyFWV1EwUlvlAXjm03XtVYio8CxJgJ87Ny', 'false', '2020-04-18 10:11:57', '2020-04-18 10:11:57', NULL),
(334, 'mrs. jakayla bednar', 'emmie.bernhard@example.org', '$2y$10$PuxEcfJSPfLcBXEjSp6cSujVMrj/f/26ZaP99tD99kfFA0kBqm5ra', '8HsIaHeFzD', '0', 'xAasvvSMmrv4HmSLUbtTqJkIsFLb20KmRXvAgJjw', 'false', '2020-04-18 10:11:57', '2020-04-18 10:11:57', NULL),
(335, 'danielle wunsch', 'uhoeger@example.com', '$2y$10$PuxEcfJSPfLcBXEjSp6cSujVMrj/f/26ZaP99tD99kfFA0kBqm5ra', 'C2Rzfz1UII', '1', NULL, 'false', '2020-04-18 10:11:57', '2020-04-18 10:11:57', NULL),
(336, 'velma feil', 'dhodkiewicz@example.net', '$2y$10$PuxEcfJSPfLcBXEjSp6cSujVMrj/f/26ZaP99tD99kfFA0kBqm5ra', 'D1MfDzTP2e', '1', NULL, 'false', '2020-04-18 10:11:57', '2020-04-18 10:11:57', NULL),
(337, 'dr. zachariah grimes ii', 'yrath@example.com', '$2y$10$PuxEcfJSPfLcBXEjSp6cSujVMrj/f/26ZaP99tD99kfFA0kBqm5ra', 'hs0tGbT5LG', '0', 'SLDgXGBfEdD20y3RU925pkAS5ePdKkzqkE53bbPg', 'false', '2020-04-18 10:11:57', '2020-04-18 10:11:57', NULL),
(338, 'elias schaden', 'shyanne.wuckert@example.net', '$2y$10$PuxEcfJSPfLcBXEjSp6cSujVMrj/f/26ZaP99tD99kfFA0kBqm5ra', 'aRkEAqTNYf', '0', 'sJ007UPydl1E9i13WorFgw29mC6RCKCIMJbCp34N', 'false', '2020-04-18 10:11:57', '2020-04-18 10:11:57', NULL),
(339, 'leo hessel', 'ondricka.rachael@example.com', '$2y$10$PuxEcfJSPfLcBXEjSp6cSujVMrj/f/26ZaP99tD99kfFA0kBqm5ra', 'X5MlUT9AH2', '0', 'Wtr5e6OTcZYXxCsHq9pSMkm6LrroEb3et9iGPcSX', 'false', '2020-04-18 10:11:57', '2020-04-18 10:11:57', NULL),
(340, 'joyce hills', 'gkihn@example.com', '$2y$10$PuxEcfJSPfLcBXEjSp6cSujVMrj/f/26ZaP99tD99kfFA0kBqm5ra', 'Xf3YciHDFE', '1', NULL, 'false', '2020-04-18 10:11:57', '2020-04-18 10:11:57', NULL),
(341, 'everette braun', 'henri.hoeger@example.net', '$2y$10$PuxEcfJSPfLcBXEjSp6cSujVMrj/f/26ZaP99tD99kfFA0kBqm5ra', 'axy22WsW7T', '0', 'BJnjqn9dhqwd9rLRoIMaFLFvOKp3289lO3HeDpuK', 'false', '2020-04-18 10:11:57', '2020-04-18 10:11:57', NULL),
(342, 'armando mayert dvm', 'daniel.earnestine@example.org', '$2y$10$PuxEcfJSPfLcBXEjSp6cSujVMrj/f/26ZaP99tD99kfFA0kBqm5ra', 'TQVAAmgknW', '1', NULL, 'false', '2020-04-18 10:11:57', '2020-04-18 10:11:57', NULL),
(343, 'dr. tyrel haag', 'okuneva.summer@example.com', '$2y$10$PuxEcfJSPfLcBXEjSp6cSujVMrj/f/26ZaP99tD99kfFA0kBqm5ra', 'MIpRZAPGwD', '1', NULL, 'false', '2020-04-18 10:11:57', '2020-04-18 10:11:57', NULL),
(344, 'miss judy kuhlman', 'alejandra.greenholt@example.com', '$2y$10$PuxEcfJSPfLcBXEjSp6cSujVMrj/f/26ZaP99tD99kfFA0kBqm5ra', 't0gGcRqF9O', '0', 'A1TiBQlb92PfZe4ZoAdRbhufmnJDKsZopIfLntSo', 'false', '2020-04-18 10:11:57', '2020-04-18 10:11:57', NULL),
(345, 'delaney cruickshank', 'lee.denesik@example.org', '$2y$10$PuxEcfJSPfLcBXEjSp6cSujVMrj/f/26ZaP99tD99kfFA0kBqm5ra', '9S4J06Uzwa', '1', NULL, 'false', '2020-04-18 10:11:57', '2020-04-18 10:11:57', NULL),
(346, 'cecelia fritsch sr.', 'gustave.mraz@example.org', '$2y$10$PuxEcfJSPfLcBXEjSp6cSujVMrj/f/26ZaP99tD99kfFA0kBqm5ra', 'nIbSI7M6CE', '0', 'aTogwYaZaFHwmeU1eM95kJNXdivtse6EXULjeIM3', 'false', '2020-04-18 10:11:57', '2020-04-18 10:11:57', NULL),
(347, 'carolyn yundt', 'nitzsche.elvis@example.net', '$2y$10$PuxEcfJSPfLcBXEjSp6cSujVMrj/f/26ZaP99tD99kfFA0kBqm5ra', 'GFQD2iWnKs', '1', NULL, 'false', '2020-04-18 10:11:57', '2020-04-18 10:11:57', NULL),
(348, 'river larson dvm', 'greenfelder.sean@example.net', '$2y$10$PuxEcfJSPfLcBXEjSp6cSujVMrj/f/26ZaP99tD99kfFA0kBqm5ra', 'FetXW3SbD7', '1', NULL, 'false', '2020-04-18 10:11:57', '2020-04-18 10:11:57', NULL),
(349, 'carolina crona', 'farrell.cora@example.org', '$2y$10$PuxEcfJSPfLcBXEjSp6cSujVMrj/f/26ZaP99tD99kfFA0kBqm5ra', 'MUOXrAwqkl', '1', NULL, 'false', '2020-04-18 10:11:57', '2020-04-18 10:11:57', NULL),
(350, 'dr. lucious morar sr.', 'parker.brett@example.org', '$2y$10$PuxEcfJSPfLcBXEjSp6cSujVMrj/f/26ZaP99tD99kfFA0kBqm5ra', 'ENxIzgzzYX', '0', 'KTwHz1b7txA8DyRgUTwETDs9fmisWyVAL6bwUUzA', 'false', '2020-04-18 10:11:57', '2020-04-18 10:11:57', NULL),
(351, 'nils breitenberg', 'chadd70@example.net', '$2y$10$PuxEcfJSPfLcBXEjSp6cSujVMrj/f/26ZaP99tD99kfFA0kBqm5ra', 'KVzidc87gy', '1', NULL, 'false', '2020-04-18 10:11:57', '2020-04-18 10:11:57', NULL),
(352, 'bobbie heathcote', 'crist.anabelle@example.net', '$2y$10$PuxEcfJSPfLcBXEjSp6cSujVMrj/f/26ZaP99tD99kfFA0kBqm5ra', 'TUuWwpYO9A', '1', NULL, 'false', '2020-04-18 10:11:57', '2020-04-18 10:11:57', NULL),
(353, 'tre mcglynn', 'mavis26@example.com', '$2y$10$PuxEcfJSPfLcBXEjSp6cSujVMrj/f/26ZaP99tD99kfFA0kBqm5ra', 'c74T1gKGJl', '1', NULL, 'false', '2020-04-18 10:11:57', '2020-04-18 10:11:57', NULL),
(354, 'colby smitham', 'ethel46@example.com', '$2y$10$PuxEcfJSPfLcBXEjSp6cSujVMrj/f/26ZaP99tD99kfFA0kBqm5ra', 'aJR6gUFryN', '1', NULL, 'false', '2020-04-18 10:11:57', '2020-04-18 10:11:57', NULL),
(355, 'prof. cierra veum', 'schneider.trever@example.org', '$2y$10$PuxEcfJSPfLcBXEjSp6cSujVMrj/f/26ZaP99tD99kfFA0kBqm5ra', 'E75hrdZujK', '0', 'Tu0QUoy3CrzemkLvYULSfBBaPDfNxS6nIFqSRr5o', 'false', '2020-04-18 10:11:57', '2020-04-18 10:11:57', NULL),
(356, 'kiara dubuque', 'royal02@example.org', '$2y$10$PuxEcfJSPfLcBXEjSp6cSujVMrj/f/26ZaP99tD99kfFA0kBqm5ra', '6ukuvNA8KL', '1', NULL, 'false', '2020-04-18 10:11:57', '2020-04-18 10:11:57', NULL),
(357, 'darron ward', 'elva11@example.net', '$2y$10$PuxEcfJSPfLcBXEjSp6cSujVMrj/f/26ZaP99tD99kfFA0kBqm5ra', 'UX8agUbngH', '1', NULL, 'false', '2020-04-18 10:11:57', '2020-04-18 10:11:57', NULL),
(358, 'frieda rutherford', 'jbarrows@example.org', '$2y$10$PuxEcfJSPfLcBXEjSp6cSujVMrj/f/26ZaP99tD99kfFA0kBqm5ra', 'EL6pD5P2Hj', '1', NULL, 'false', '2020-04-18 10:11:57', '2020-04-18 10:11:57', NULL),
(359, 'dr. isidro kiehn', 'hmorar@example.org', '$2y$10$PuxEcfJSPfLcBXEjSp6cSujVMrj/f/26ZaP99tD99kfFA0kBqm5ra', '8OQtJ27vMz', '0', '0WrzEkbM6OgtdVKd5tsZsmZpr3L4mcQ1JSa1XGHY', 'false', '2020-04-18 10:11:57', '2020-04-18 10:11:57', NULL),
(360, 'betsy boyer', 'fwalsh@example.net', '$2y$10$PuxEcfJSPfLcBXEjSp6cSujVMrj/f/26ZaP99tD99kfFA0kBqm5ra', 'z56irzCEPk', '0', 'uVofYO5gmZ8qMyjzBZtmZWws5jMTZJsjRvD12dAF', 'false', '2020-04-18 10:11:57', '2020-04-18 10:11:57', NULL),
(361, 'ms. sadye kilback', 'silas12@example.com', '$2y$10$PuxEcfJSPfLcBXEjSp6cSujVMrj/f/26ZaP99tD99kfFA0kBqm5ra', '59qapkYYyr', '0', 'ADBG1HAHpdsToQ7mcBlCH6vjn0w0un8xO7fzY6B7', 'false', '2020-04-18 10:11:57', '2020-04-18 10:11:57', NULL),
(362, 'ms. cassandra walter iii', 'hilpert.cooper@example.com', '$2y$10$PuxEcfJSPfLcBXEjSp6cSujVMrj/f/26ZaP99tD99kfFA0kBqm5ra', 'YAxxCQHxrQ', '1', NULL, 'false', '2020-04-18 10:11:57', '2020-04-18 10:11:57', NULL),
(363, 'ericka heller', 'chodkiewicz@example.org', '$2y$10$PuxEcfJSPfLcBXEjSp6cSujVMrj/f/26ZaP99tD99kfFA0kBqm5ra', '2nG3o0NH3j', '0', 'TphHqN1ks7WlVfdOmGhkDwT6CwT2rkgQDNRWzEa7', 'false', '2020-04-18 10:11:57', '2020-04-18 10:11:57', NULL),
(364, 'prof. jacynthe gerlach', 'delia.mertz@example.net', '$2y$10$PuxEcfJSPfLcBXEjSp6cSujVMrj/f/26ZaP99tD99kfFA0kBqm5ra', 'FhrN0kTKhH', '0', 'N5CXuw23dBMuVdbmoIx7niZnTYMrTQmhx0mq2n3K', 'false', '2020-04-18 10:11:57', '2020-04-18 10:11:57', NULL),
(365, 'emmanuelle kerluke', 'emitchell@example.com', '$2y$10$PuxEcfJSPfLcBXEjSp6cSujVMrj/f/26ZaP99tD99kfFA0kBqm5ra', 'PatY1Xf1NV', '0', 'ZTILsUqZpDs4kl5IYW4KBXgbOxwXRpKWiUW6fzse', 'false', '2020-04-18 10:11:57', '2020-04-18 10:11:57', NULL),
(366, 'prof. jaime hagenes', 'ocronin@example.org', '$2y$10$PuxEcfJSPfLcBXEjSp6cSujVMrj/f/26ZaP99tD99kfFA0kBqm5ra', 'RvWknzb7BA', '1', NULL, 'false', '2020-04-18 10:11:57', '2020-04-18 10:11:57', NULL),
(367, 'juliet kassulke', 'fswaniawski@example.org', '$2y$10$PuxEcfJSPfLcBXEjSp6cSujVMrj/f/26ZaP99tD99kfFA0kBqm5ra', 'iQykoG540X', '0', 'gxAM32e01JD8TopEm7mnFcanVN95GRNX8jzVR399', 'false', '2020-04-18 10:11:57', '2020-04-18 10:11:57', NULL),
(368, 'enos feeney', 'oran59@example.net', '$2y$10$PuxEcfJSPfLcBXEjSp6cSujVMrj/f/26ZaP99tD99kfFA0kBqm5ra', 'p72NECP0R4', '0', '5gBEqdV4skjK93tKW7k2Tag6wDf0ztMWMa3iSwrt', 'false', '2020-04-18 10:11:57', '2020-04-18 10:11:57', NULL),
(369, 'noble heller i', 'gschneider@example.com', '$2y$10$PuxEcfJSPfLcBXEjSp6cSujVMrj/f/26ZaP99tD99kfFA0kBqm5ra', 'KluQE42gxB', '0', 'eUXJieLPJrM1jgxXeQuyHL7F5pgfuC9c7NOVccev', 'false', '2020-04-18 10:11:57', '2020-04-18 10:11:57', NULL),
(370, 'dr. stephanie west', 'adam.hane@example.org', '$2y$10$PuxEcfJSPfLcBXEjSp6cSujVMrj/f/26ZaP99tD99kfFA0kBqm5ra', '8YVUAnYYWo', '0', 'WKOd9eMA61bzhycLPoaCgJA44ub3zK8f5xJw3uog', 'false', '2020-04-18 10:11:57', '2020-04-18 10:11:57', NULL),
(371, 'ms. gladys hansen dds', 'ggoldner@example.org', '$2y$10$PuxEcfJSPfLcBXEjSp6cSujVMrj/f/26ZaP99tD99kfFA0kBqm5ra', 'BdFMcsoWHY', '0', 'Say6zOJp9Ffre9xpukt1E7q3VNSrKXnr5LqkAQLW', 'false', '2020-04-18 10:11:57', '2020-04-18 10:11:57', NULL),
(372, 'camille kuphal', 'lorna.kertzmann@example.com', '$2y$10$PuxEcfJSPfLcBXEjSp6cSujVMrj/f/26ZaP99tD99kfFA0kBqm5ra', 'keWnCpt6cr', '1', NULL, 'false', '2020-04-18 10:11:57', '2020-04-18 10:11:57', NULL),
(373, 'haylee bashirian', 'considine.cecilia@example.org', '$2y$10$PuxEcfJSPfLcBXEjSp6cSujVMrj/f/26ZaP99tD99kfFA0kBqm5ra', 'Wr2qIUXJOa', '0', 'yDFULuWgTSzcQfaIkfIuVXZOuuPkOPIUpCKe3PC1', 'false', '2020-04-18 10:11:57', '2020-04-18 10:11:57', NULL),
(374, 'marlon lynch', 'axel13@example.org', '$2y$10$PuxEcfJSPfLcBXEjSp6cSujVMrj/f/26ZaP99tD99kfFA0kBqm5ra', 'L3VKaM9PTG', '1', NULL, 'false', '2020-04-18 10:11:57', '2020-04-18 10:11:57', NULL),
(375, 'abigayle robel', 'alarkin@example.org', '$2y$10$PuxEcfJSPfLcBXEjSp6cSujVMrj/f/26ZaP99tD99kfFA0kBqm5ra', 'YkTcMjWAAV', '1', NULL, 'false', '2020-04-18 10:11:57', '2020-04-18 10:11:57', NULL),
(376, 'jacey gusikowski', 'cwaelchi@example.net', '$2y$10$PuxEcfJSPfLcBXEjSp6cSujVMrj/f/26ZaP99tD99kfFA0kBqm5ra', 'YXOT2h5EEe', '0', 'ObD8t6y3xmTybygzrxTdmDRUcCQxQ5qH0luKKT1T', 'false', '2020-04-18 10:11:57', '2020-04-18 10:11:57', NULL),
(377, 'abigail o\'connell sr.', 'virginia.kreiger@example.net', '$2y$10$PuxEcfJSPfLcBXEjSp6cSujVMrj/f/26ZaP99tD99kfFA0kBqm5ra', 'O0VGR7iDhd', '1', NULL, 'false', '2020-04-18 10:11:57', '2020-04-18 10:11:57', NULL),
(378, 'prof. raymundo runte jr.', 'vrogahn@example.net', '$2y$10$PuxEcfJSPfLcBXEjSp6cSujVMrj/f/26ZaP99tD99kfFA0kBqm5ra', 'LgmjyB7oBV', '0', 'pItVvVBq2m9KdkYCyb9emQHxre4pq2CBDFHrUirG', 'false', '2020-04-18 10:11:57', '2020-04-18 10:11:57', NULL),
(379, 'branson hane dvm', 'stacey.reichel@example.com', '$2y$10$PuxEcfJSPfLcBXEjSp6cSujVMrj/f/26ZaP99tD99kfFA0kBqm5ra', 'uBgrRiaLJU', '1', NULL, 'false', '2020-04-18 10:11:57', '2020-04-18 10:11:57', NULL),
(380, 'nelson hodkiewicz', 'shemar.gulgowski@example.com', '$2y$10$PuxEcfJSPfLcBXEjSp6cSujVMrj/f/26ZaP99tD99kfFA0kBqm5ra', 'y2aJLabuHk', '0', 'KJcV4MwBCWSwx3heWvurAd9LLxoihCrRtgwIeDOE', 'false', '2020-04-18 10:11:57', '2020-04-18 10:11:57', NULL),
(381, 'antonetta reichert', 'nels16@example.org', '$2y$10$PuxEcfJSPfLcBXEjSp6cSujVMrj/f/26ZaP99tD99kfFA0kBqm5ra', 'M3DFvy4YWs', '1', NULL, 'false', '2020-04-18 10:11:57', '2020-04-18 10:11:57', NULL),
(382, 'meghan gaylord', 'hcorkery@example.org', '$2y$10$PuxEcfJSPfLcBXEjSp6cSujVMrj/f/26ZaP99tD99kfFA0kBqm5ra', 'EnTYPUiBFM', '1', NULL, 'false', '2020-04-18 10:11:57', '2020-04-18 10:11:57', NULL),
(383, 'oscar robel', 'manuel.anderson@example.net', '$2y$10$PuxEcfJSPfLcBXEjSp6cSujVMrj/f/26ZaP99tD99kfFA0kBqm5ra', 'DW2Nb67ZRQ', '0', 'PR62HYYeaKi8OBSWzHz9uymeltppKxXwCKnUeL7G', 'false', '2020-04-18 10:11:57', '2020-04-18 10:11:57', NULL),
(384, 'ms. salma dooley sr.', 'lsawayn@example.org', '$2y$10$PuxEcfJSPfLcBXEjSp6cSujVMrj/f/26ZaP99tD99kfFA0kBqm5ra', 'dFhgBwwOpd', '1', NULL, 'false', '2020-04-18 10:11:57', '2020-04-18 10:11:57', NULL),
(385, 'elmore zieme', 'koepp.hortense@example.org', '$2y$10$PuxEcfJSPfLcBXEjSp6cSujVMrj/f/26ZaP99tD99kfFA0kBqm5ra', 'c88RrkpaCn', '0', '6YliZhZC9XaQiLMGBBAvujElmG3mtoZVjfgp9dTH', 'false', '2020-04-18 10:11:57', '2020-04-18 10:11:57', NULL),
(386, 'mr. federico schuster', 'josefina71@example.org', '$2y$10$PuxEcfJSPfLcBXEjSp6cSujVMrj/f/26ZaP99tD99kfFA0kBqm5ra', 'ODlPy1tqEm', '1', NULL, 'false', '2020-04-18 10:11:57', '2020-04-18 10:11:57', NULL),
(387, 'mr. carey wiegand iii', 'freida55@example.org', '$2y$10$PuxEcfJSPfLcBXEjSp6cSujVMrj/f/26ZaP99tD99kfFA0kBqm5ra', 'i5Ui1DH9bD', '1', NULL, 'false', '2020-04-18 10:11:57', '2020-04-18 10:11:57', NULL),
(388, 'elliott cartwright', 'wmurazik@example.net', '$2y$10$PuxEcfJSPfLcBXEjSp6cSujVMrj/f/26ZaP99tD99kfFA0kBqm5ra', 'GdjoJtGZF7', '0', 'dWjBisgkIqWfapzDmwkjq6FOA2H7JL2E1LENloYv', 'false', '2020-04-18 10:11:57', '2020-04-18 10:11:57', NULL),
(389, 'nicola wiegand', 'hparker@example.org', '$2y$10$PuxEcfJSPfLcBXEjSp6cSujVMrj/f/26ZaP99tD99kfFA0kBqm5ra', 'g3NXUhZTr6', '0', 'cRsxdJkUohzkmFRCKzdIZsCUhDFpG8Y21pbm5Lr7', 'false', '2020-04-18 10:11:57', '2020-04-18 10:11:57', NULL),
(390, 'tomas o\'hara sr.', 'qchristiansen@example.org', '$2y$10$PuxEcfJSPfLcBXEjSp6cSujVMrj/f/26ZaP99tD99kfFA0kBqm5ra', '2xPdEUfCnC', '1', NULL, 'false', '2020-04-18 10:11:57', '2020-04-18 10:11:57', NULL),
(391, 'prof. judd gerhold', 'felicita.tremblay@example.com', '$2y$10$PuxEcfJSPfLcBXEjSp6cSujVMrj/f/26ZaP99tD99kfFA0kBqm5ra', 'jbfnJsP0jq', '1', NULL, 'false', '2020-04-18 10:11:57', '2020-04-18 10:11:57', NULL),
(392, 'columbus reynolds', 'kris.hyman@example.com', '$2y$10$PuxEcfJSPfLcBXEjSp6cSujVMrj/f/26ZaP99tD99kfFA0kBqm5ra', 'qx9oW6Rvzx', '0', '5zOGue7PnWNGS3SVY310bGngRh7x9NGG2qW7ZMGt', 'false', '2020-04-18 10:11:57', '2020-04-18 10:11:57', NULL),
(393, 'jakob ruecker', 'polly74@example.net', '$2y$10$PuxEcfJSPfLcBXEjSp6cSujVMrj/f/26ZaP99tD99kfFA0kBqm5ra', 'woXCMShEvI', '0', 'cTGyanKhjZLk7zRJgOXx8bJrPGqogqvSp1kdbV6L', 'false', '2020-04-18 10:11:57', '2020-04-18 10:11:57', NULL),
(394, 'akeem emard', 'jaquan.olson@example.org', '$2y$10$PuxEcfJSPfLcBXEjSp6cSujVMrj/f/26ZaP99tD99kfFA0kBqm5ra', 'YllahHvL3O', '0', 'uvyG4eCcxp1oroxXQ78zQ9tubZ5vrPcSs0nrRYi4', 'false', '2020-04-18 10:11:57', '2020-04-18 10:11:57', NULL),
(395, 'dr. reagan cruickshank i', 'harvey.camron@example.net', '$2y$10$PuxEcfJSPfLcBXEjSp6cSujVMrj/f/26ZaP99tD99kfFA0kBqm5ra', 'P18FhGGLUE', '0', 'ht1p5tKCXRM1IiP6hNzbEcvnj7VjhNriksHRixwH', 'false', '2020-04-18 10:11:57', '2020-04-18 10:11:57', NULL),
(396, 'leta simonis', 'abbigail.lubowitz@example.net', '$2y$10$PuxEcfJSPfLcBXEjSp6cSujVMrj/f/26ZaP99tD99kfFA0kBqm5ra', 'SUN0N9xeGE', '0', 'jsojhUIdVLNDJlrKqHks3DZqTOE2MDx54sFoQmsR', 'false', '2020-04-18 10:11:57', '2020-04-18 10:11:57', NULL),
(397, 'kailey hegmann', 'langworth.matt@example.com', '$2y$10$PuxEcfJSPfLcBXEjSp6cSujVMrj/f/26ZaP99tD99kfFA0kBqm5ra', 'jG2GAJZGdJ', '1', NULL, 'false', '2020-04-18 10:11:57', '2020-04-18 10:11:57', NULL),
(398, 'annamarie crona dvm', 'norberto.jones@example.com', '$2y$10$PuxEcfJSPfLcBXEjSp6cSujVMrj/f/26ZaP99tD99kfFA0kBqm5ra', 'vsWJ2zdC7a', '0', 'pXi13gUV985lC8L9AdMXfCZMCc7tougiZZIuLhSL', 'false', '2020-04-18 10:11:57', '2020-04-18 10:11:57', NULL),
(399, 'waylon kovacek', 'nullrich@example.net', '$2y$10$PuxEcfJSPfLcBXEjSp6cSujVMrj/f/26ZaP99tD99kfFA0kBqm5ra', 'f0cMLTMzCz', '1', NULL, 'false', '2020-04-18 10:11:57', '2020-04-18 10:11:57', NULL),
(400, 'nikolas rodriguez', 'tatyana56@example.com', '$2y$10$PuxEcfJSPfLcBXEjSp6cSujVMrj/f/26ZaP99tD99kfFA0kBqm5ra', '1eQow8eL30', '0', 'zCqtlRcUZS8CfWL6QLg7fevEYPS765Zle5vcx6vi', 'false', '2020-04-18 10:11:57', '2020-04-18 10:11:57', NULL),
(401, 'miss tia cassin dds', 'maybelle.mills@example.org', '$2y$10$PuxEcfJSPfLcBXEjSp6cSujVMrj/f/26ZaP99tD99kfFA0kBqm5ra', 'oZ42KjQB7b', '1', NULL, 'false', '2020-04-18 10:11:57', '2020-04-18 10:11:57', NULL),
(402, 'ella kilback', 'elise89@example.net', '$2y$10$PuxEcfJSPfLcBXEjSp6cSujVMrj/f/26ZaP99tD99kfFA0kBqm5ra', 'dvKJV5qon6', '0', 'yyxBKc2eL8zNTXaj9jiZI1S4vFWaR5Pvfgeet83q', 'false', '2020-04-18 10:11:57', '2020-04-18 10:11:57', NULL),
(403, 'prof. edythe moore', 'qkuphal@example.net', '$2y$10$PuxEcfJSPfLcBXEjSp6cSujVMrj/f/26ZaP99tD99kfFA0kBqm5ra', 'i5OZB7Pu1k', '1', NULL, 'false', '2020-04-18 10:11:57', '2020-04-18 10:11:57', NULL),
(404, 'easter jenkins', 'maye09@example.com', '$2y$10$PuxEcfJSPfLcBXEjSp6cSujVMrj/f/26ZaP99tD99kfFA0kBqm5ra', '4KWrAUo321', '0', '2Fp4lmuiWmHxKs16IzfiRkwgrEmzmMk3Hx7f3syo', 'false', '2020-04-18 10:11:57', '2020-04-18 10:11:57', NULL),
(405, 'gideon kirlin', 'qdouglas@example.com', '$2y$10$PuxEcfJSPfLcBXEjSp6cSujVMrj/f/26ZaP99tD99kfFA0kBqm5ra', 'qhlOGrxChb', '1', NULL, 'false', '2020-04-18 10:11:57', '2020-04-18 10:11:57', NULL),
(406, 'karolann crona', 'grady.maryse@example.com', '$2y$10$PuxEcfJSPfLcBXEjSp6cSujVMrj/f/26ZaP99tD99kfFA0kBqm5ra', 'AlwKsKHpNQ', '1', NULL, 'false', '2020-04-18 10:11:57', '2020-04-18 10:11:57', NULL),
(407, 'ruthie hammes', 'kohler.garland@example.com', '$2y$10$PuxEcfJSPfLcBXEjSp6cSujVMrj/f/26ZaP99tD99kfFA0kBqm5ra', 'glyGiWnBYn', '1', NULL, 'false', '2020-04-18 10:11:57', '2020-04-18 10:11:57', NULL),
(408, 'layla leuschke', 'gottlieb.desmond@example.org', '$2y$10$PuxEcfJSPfLcBXEjSp6cSujVMrj/f/26ZaP99tD99kfFA0kBqm5ra', 'QOSOAkwYoT', '0', 'Q5DZFKbW8f8v7Fr7J4Hj2MsMw9iVQMlN0emaW7dp', 'false', '2020-04-18 10:11:57', '2020-04-18 10:11:57', NULL),
(409, 'camren wintheiser', 'frieda47@example.com', '$2y$10$PuxEcfJSPfLcBXEjSp6cSujVMrj/f/26ZaP99tD99kfFA0kBqm5ra', 'v6EP8b4iRt', '0', 'nNhiWTVBWs4EpVhV1iAPoKMHfJv2wCq1yLef5sjj', 'false', '2020-04-18 10:11:57', '2020-04-18 10:11:57', NULL),
(410, 'ms. kaitlyn mcdermott', 'mokuneva@example.org', '$2y$10$PuxEcfJSPfLcBXEjSp6cSujVMrj/f/26ZaP99tD99kfFA0kBqm5ra', 'jlR74au4uQ', '0', 'zIMY9T4dzDY0WRfCA4EgC7QP1NDT2l50UTT5G0xw', 'false', '2020-04-18 10:11:57', '2020-04-18 10:11:57', NULL),
(411, 'geovany denesik', 'dax.predovic@example.com', '$2y$10$PuxEcfJSPfLcBXEjSp6cSujVMrj/f/26ZaP99tD99kfFA0kBqm5ra', '7xmIXanxAT', '1', NULL, 'false', '2020-04-18 10:11:57', '2020-04-18 10:11:57', NULL),
(412, 'mr. elton zieme', 'jaime86@example.net', '$2y$10$PuxEcfJSPfLcBXEjSp6cSujVMrj/f/26ZaP99tD99kfFA0kBqm5ra', '4HDCjXqNYA', '0', 'ToAuzBqph1AVEl085U41GdlY2U2ryLRyyFjakcuU', 'false', '2020-04-18 10:11:57', '2020-04-18 10:11:57', NULL),
(413, 'valerie hand ii', 'bernier.viola@example.com', '$2y$10$PuxEcfJSPfLcBXEjSp6cSujVMrj/f/26ZaP99tD99kfFA0kBqm5ra', '4vVlHXlleP', '1', NULL, 'false', '2020-04-18 10:11:57', '2020-04-18 10:11:57', NULL),
(414, 'karelle schaefer i', 'west.carlos@example.net', '$2y$10$PuxEcfJSPfLcBXEjSp6cSujVMrj/f/26ZaP99tD99kfFA0kBqm5ra', 'Td3Qk3JGnn', '1', NULL, 'false', '2020-04-18 10:11:57', '2020-04-18 10:11:57', NULL),
(415, 'otha mcglynn', 'nader.lessie@example.org', '$2y$10$PuxEcfJSPfLcBXEjSp6cSujVMrj/f/26ZaP99tD99kfFA0kBqm5ra', 'SpdfdvrVEP', '0', '2eV693P1IFA10ShtVwRMRXatqKB8iaT0pMK9Fpij', 'false', '2020-04-18 10:11:57', '2020-04-18 10:11:57', NULL),
(416, 'edward bahringer', 'russ.durgan@example.org', '$2y$10$PuxEcfJSPfLcBXEjSp6cSujVMrj/f/26ZaP99tD99kfFA0kBqm5ra', '94i568iS9B', '0', 'XoI2qksASV7zawS6Fq0sfKZIY9HSfrESpU3sX03D', 'false', '2020-04-18 10:11:57', '2020-04-18 10:11:57', NULL),
(417, 'providenci moen dds', 'cglover@example.net', '$2y$10$PuxEcfJSPfLcBXEjSp6cSujVMrj/f/26ZaP99tD99kfFA0kBqm5ra', 'O9KuurTd1z', '0', 'hLprUtgu0sFCk4HSKUcp1swnLjniOgjv1hXihGIz', 'false', '2020-04-18 10:11:57', '2020-04-18 10:11:57', NULL),
(418, 'glen turcotte', 'amy22@example.org', '$2y$10$PuxEcfJSPfLcBXEjSp6cSujVMrj/f/26ZaP99tD99kfFA0kBqm5ra', 'ttDTAMOZhk', '0', 'VdwmqWSpHXV0RQMzAcxl1UTe6s20hRRHO6zeR4Rc', 'false', '2020-04-18 10:11:57', '2020-04-18 10:11:57', NULL),
(419, 'prof. abe hill v', 'valentine.halvorson@example.com', '$2y$10$PuxEcfJSPfLcBXEjSp6cSujVMrj/f/26ZaP99tD99kfFA0kBqm5ra', 'Xu9rrFJITH', '0', 'OdC5f2B2ZF47I0K1cCktXImkzkizBxlh9WE9Rkqe', 'false', '2020-04-18 10:11:57', '2020-04-18 10:11:57', NULL),
(420, 'leonel medhurst', 'hattie.mcglynn@example.org', '$2y$10$PuxEcfJSPfLcBXEjSp6cSujVMrj/f/26ZaP99tD99kfFA0kBqm5ra', 'Qml5SWUvHJ', '0', 'VKIV201P2ZJfEm7Dr8Uxdq4dMqtsmlGjfuPK62sS', 'false', '2020-04-18 10:11:57', '2020-04-18 10:11:57', NULL),
(421, 'miss stephania jenkins dvm', 'ally55@example.org', '$2y$10$PuxEcfJSPfLcBXEjSp6cSujVMrj/f/26ZaP99tD99kfFA0kBqm5ra', 'kSr1cZGcwf', '0', '3MXblNaxqjOOGve8zgw1limeq1x7eQsV7nPhJxnJ', 'false', '2020-04-18 10:11:57', '2020-04-18 10:11:57', NULL),
(422, 'verla cartwright', 'marie95@example.org', '$2y$10$PuxEcfJSPfLcBXEjSp6cSujVMrj/f/26ZaP99tD99kfFA0kBqm5ra', 'olsOqpN5Vr', '0', 'tAJ5OnbGW7Vqcv9VDoXKUGDdimI5PzMioqoK27eU', 'false', '2020-04-18 10:11:57', '2020-04-18 10:11:57', NULL),
(423, 'christy tillman', 'sarah84@example.com', '$2y$10$PuxEcfJSPfLcBXEjSp6cSujVMrj/f/26ZaP99tD99kfFA0kBqm5ra', 'SpCVOPTaIY', '1', NULL, 'false', '2020-04-18 10:11:57', '2020-04-18 10:11:57', NULL),
(424, 'gerhard hamill', 'okeefe.chanel@example.com', '$2y$10$PuxEcfJSPfLcBXEjSp6cSujVMrj/f/26ZaP99tD99kfFA0kBqm5ra', 'HvQRdW54I0', '0', 'VZbLa2RveA51POn1dTciuVg4TDXkDn87ax37owNF', 'false', '2020-04-18 10:11:57', '2020-04-18 10:11:57', NULL),
(425, 'hattie hettinger', 'cdare@example.com', '$2y$10$PuxEcfJSPfLcBXEjSp6cSujVMrj/f/26ZaP99tD99kfFA0kBqm5ra', 'gs8nXGoG48', '1', NULL, 'false', '2020-04-18 10:11:57', '2020-04-18 10:11:57', NULL),
(426, 'prof. kiley weissnat', 'roy.schmeler@example.org', '$2y$10$PuxEcfJSPfLcBXEjSp6cSujVMrj/f/26ZaP99tD99kfFA0kBqm5ra', 'JgjWxZQsn9', '1', NULL, 'false', '2020-04-18 10:11:57', '2020-04-18 10:11:57', NULL),
(427, 'mr. kieran dicki dds', 'duane36@example.com', '$2y$10$PuxEcfJSPfLcBXEjSp6cSujVMrj/f/26ZaP99tD99kfFA0kBqm5ra', 'Nx9eQAUth4', '0', 'KqSrVtfBGrZ9zWHyoTQovovTfR26zTTSc7SxNZxj', 'false', '2020-04-18 10:11:57', '2020-04-18 10:11:57', NULL),
(428, 'prof. norberto brekke sr.', 'kurt.marks@example.org', '$2y$10$PuxEcfJSPfLcBXEjSp6cSujVMrj/f/26ZaP99tD99kfFA0kBqm5ra', 'VBD6Zmd4JW', '0', 'ZC0TAS63hLgYLfheNxq29PVdwkcssXLH32dhWlUA', 'false', '2020-04-18 10:11:57', '2020-04-18 10:11:57', NULL),
(429, 'ara fay', 'yratke@example.com', '$2y$10$PuxEcfJSPfLcBXEjSp6cSujVMrj/f/26ZaP99tD99kfFA0kBqm5ra', 'r7RfaGnPxv', '0', 'OMVSeXXqx7HsBCo5oK4MAtbMp6hkq3GUGuL7t5oL', 'false', '2020-04-18 10:11:57', '2020-04-18 10:11:57', NULL),
(430, 'chelsie keebler', 'abigail04@example.net', '$2y$10$PuxEcfJSPfLcBXEjSp6cSujVMrj/f/26ZaP99tD99kfFA0kBqm5ra', '6RRhurPp4T', '1', NULL, 'false', '2020-04-18 10:11:57', '2020-04-18 10:11:57', NULL),
(431, 'destany fahey', 'king.frederic@example.net', '$2y$10$PuxEcfJSPfLcBXEjSp6cSujVMrj/f/26ZaP99tD99kfFA0kBqm5ra', 'Lq8ltsaIwt', '0', 'pEZlaGXa8EM8pFbT3xyy9H0gyGNPkKbEradnxfHa', 'false', '2020-04-18 10:11:57', '2020-04-18 10:11:57', NULL),
(432, 'fiona klocko', 'hwindler@example.com', '$2y$10$PuxEcfJSPfLcBXEjSp6cSujVMrj/f/26ZaP99tD99kfFA0kBqm5ra', 'Z8HoxZ4dUc', '1', NULL, 'false', '2020-04-18 10:11:57', '2020-04-18 10:11:57', NULL),
(433, 'blair schuster', 'davonte.treutel@example.com', '$2y$10$PuxEcfJSPfLcBXEjSp6cSujVMrj/f/26ZaP99tD99kfFA0kBqm5ra', 'XcUyIn8YGW', '0', '1NyogzfvxxcLYHKeei5t6U2Yf5e6wBEehq4ln7Tm', 'false', '2020-04-18 10:11:57', '2020-04-18 10:11:57', NULL),
(434, 'thora skiles', 'hildegard48@example.com', '$2y$10$PuxEcfJSPfLcBXEjSp6cSujVMrj/f/26ZaP99tD99kfFA0kBqm5ra', 'HpLd6LedXx', '1', NULL, 'false', '2020-04-18 10:11:57', '2020-04-18 10:11:57', NULL),
(435, 'ashton wintheiser', 'bailey.hegmann@example.com', '$2y$10$PuxEcfJSPfLcBXEjSp6cSujVMrj/f/26ZaP99tD99kfFA0kBqm5ra', 'EnH8jojojt', '0', 'DQaQ1F0OVlEWMiDWLj6wV6T3Ytsfquho7tcnKQES', 'false', '2020-04-18 10:11:57', '2020-04-18 10:11:57', NULL),
(436, 'elvis simonis', 'juana31@example.net', '$2y$10$PuxEcfJSPfLcBXEjSp6cSujVMrj/f/26ZaP99tD99kfFA0kBqm5ra', 'houmUoT6Ca', '1', NULL, 'false', '2020-04-18 10:11:57', '2020-04-18 10:11:57', NULL),
(437, 'maynard lemke', 'lindgren.karen@example.com', '$2y$10$PuxEcfJSPfLcBXEjSp6cSujVMrj/f/26ZaP99tD99kfFA0kBqm5ra', 'Yq5IIx0llb', '1', NULL, 'false', '2020-04-18 10:11:57', '2020-04-18 10:11:57', NULL),
(438, 'gerry wolf', 'pattie95@example.com', '$2y$10$PuxEcfJSPfLcBXEjSp6cSujVMrj/f/26ZaP99tD99kfFA0kBqm5ra', '2Ua742XCQW', '1', NULL, 'false', '2020-04-18 10:11:57', '2020-04-18 10:11:57', NULL),
(439, 'letitia bradtke', 'yharris@example.org', '$2y$10$PuxEcfJSPfLcBXEjSp6cSujVMrj/f/26ZaP99tD99kfFA0kBqm5ra', '8F2Fh65xCe', '0', 'seh5cwmgR8oP6k64DpQ2Qfb06S5dytghFMyI7AAr', 'false', '2020-04-18 10:11:57', '2020-04-18 10:11:57', NULL),
(440, 'prof. clara trantow', 'ward.larue@example.net', '$2y$10$PuxEcfJSPfLcBXEjSp6cSujVMrj/f/26ZaP99tD99kfFA0kBqm5ra', 'aSiZVuwe09', '1', NULL, 'false', '2020-04-18 10:11:57', '2020-04-18 10:11:57', NULL),
(441, 'joyce monahan', 'bessie01@example.com', '$2y$10$PuxEcfJSPfLcBXEjSp6cSujVMrj/f/26ZaP99tD99kfFA0kBqm5ra', '6HQzdff5ZJ', '0', '3hbj7EQNGEcZ5wJ11P7ZngM4Kf7Ip28BTVdQK6tW', 'false', '2020-04-18 10:11:57', '2020-04-18 10:11:57', NULL),
(442, 'clint hagenes', 'jaime.braun@example.com', '$2y$10$PuxEcfJSPfLcBXEjSp6cSujVMrj/f/26ZaP99tD99kfFA0kBqm5ra', 'HSTSryLfUY', '0', 'A61BK3JW2sE3jECms88ivrZyWfSfRGFsZ84L3bCm', 'false', '2020-04-18 10:11:57', '2020-04-18 10:11:57', NULL),
(443, 'dr. norval emmerich', 'witting.rory@example.com', '$2y$10$PuxEcfJSPfLcBXEjSp6cSujVMrj/f/26ZaP99tD99kfFA0kBqm5ra', 'SnrMGLcawr', '1', NULL, 'false', '2020-04-18 10:11:57', '2020-04-18 10:11:57', NULL),
(444, 'lorena lebsack dds', 'ffeil@example.org', '$2y$10$PuxEcfJSPfLcBXEjSp6cSujVMrj/f/26ZaP99tD99kfFA0kBqm5ra', 'nyrcaIlK1G', '0', '011EUzv3t2On44MKEigEWVReHJKhrgqp5YgF8N0Y', 'false', '2020-04-18 10:11:57', '2020-04-18 10:11:57', NULL),
(445, 'paris schmeler dds', 'quincy75@example.org', '$2y$10$PuxEcfJSPfLcBXEjSp6cSujVMrj/f/26ZaP99tD99kfFA0kBqm5ra', '9bltP5r2PT', '0', 'IHJ7wl3nlmpEGG80Ludnzj5hGII2r8fFzCxGwBfT', 'false', '2020-04-18 10:11:57', '2020-04-18 10:11:57', NULL),
(446, 'eloise berge', 'noel.rogahn@example.com', '$2y$10$PuxEcfJSPfLcBXEjSp6cSujVMrj/f/26ZaP99tD99kfFA0kBqm5ra', 'FlNgHBao0S', '1', NULL, 'false', '2020-04-18 10:11:57', '2020-04-18 10:11:57', NULL),
(447, 'zion nitzsche', 'wkozey@example.org', '$2y$10$PuxEcfJSPfLcBXEjSp6cSujVMrj/f/26ZaP99tD99kfFA0kBqm5ra', 'tncFeMhye6', '1', NULL, 'false', '2020-04-18 10:11:57', '2020-04-18 10:11:57', NULL),
(448, 'margarita o\'conner', 'west.layla@example.org', '$2y$10$PuxEcfJSPfLcBXEjSp6cSujVMrj/f/26ZaP99tD99kfFA0kBqm5ra', 'n6OZ6aAz18', '0', 'BvMPc0jcovhYi6KgZMmJdhetHTFx4jxyhQ0BXMbR', 'false', '2020-04-18 10:11:57', '2020-04-18 10:11:57', NULL),
(449, 'prof. esther stamm dds', 'gleason.karley@example.net', '$2y$10$PuxEcfJSPfLcBXEjSp6cSujVMrj/f/26ZaP99tD99kfFA0kBqm5ra', 'IdhulaICkF', '0', 'ZHQ4HmsBsnDfetZil5RTeEJfOUlm30GlkPSImVX8', 'false', '2020-04-18 10:11:57', '2020-04-18 10:11:57', NULL);
INSERT INTO `users` (`id`, `name`, `email`, `password`, `remember_token`, `verified`, `verification_token`, `admin`, `created_at`, `updated_at`, `deleted_at`) VALUES
(450, 'ernestina wolff', 'lacey.graham@example.com', '$2y$10$PuxEcfJSPfLcBXEjSp6cSujVMrj/f/26ZaP99tD99kfFA0kBqm5ra', 'VekponU8ob', '0', '9yid5vxHIpdEcg3OxytouyNBozrouzUIrziN28lq', 'false', '2020-04-18 10:11:57', '2020-04-18 10:11:57', NULL),
(451, 'beth kuhlman', 'lwolf@example.com', '$2y$10$PuxEcfJSPfLcBXEjSp6cSujVMrj/f/26ZaP99tD99kfFA0kBqm5ra', 'E8K9fSaOFK', '0', 'e2YBBWZgr3r6rwxpsW7FhIkDen3KssHita6JrtHl', 'false', '2020-04-18 10:11:57', '2020-04-18 10:11:57', NULL),
(452, 'mrs. rahsaan gleason dds', 'monty27@example.org', '$2y$10$PuxEcfJSPfLcBXEjSp6cSujVMrj/f/26ZaP99tD99kfFA0kBqm5ra', 'kovCCgKVj4', '0', 'eZa2mvma7ZwBG8kg1UQeZ2yG36Kxw4bkE4T4i1eQ', 'false', '2020-04-18 10:11:57', '2020-04-18 10:11:57', NULL),
(453, 'axel gleichner', 'nzemlak@example.com', '$2y$10$PuxEcfJSPfLcBXEjSp6cSujVMrj/f/26ZaP99tD99kfFA0kBqm5ra', '4zgDMtWiNE', '0', 'hf9vtDMT893MnZPt7nUfkkP8NWkaN5LvHId4n1yy', 'false', '2020-04-18 10:11:57', '2020-04-18 10:11:57', NULL),
(454, 'elody bartell', 'ffahey@example.net', '$2y$10$PuxEcfJSPfLcBXEjSp6cSujVMrj/f/26ZaP99tD99kfFA0kBqm5ra', 'mo5BlaF6pH', '1', NULL, 'false', '2020-04-18 10:11:57', '2020-04-18 10:11:57', NULL),
(455, 'easton pacocha phd', 'adrain37@example.net', '$2y$10$PuxEcfJSPfLcBXEjSp6cSujVMrj/f/26ZaP99tD99kfFA0kBqm5ra', 'lYt2dMQVt8', '0', 'gj9Na23ujwF0Q7nzMXUjqqfhmYqlUym4aYt3pm49', 'false', '2020-04-18 10:11:57', '2020-04-18 10:11:57', NULL),
(456, 'dr. dayana cormier', 'ritchie.bradford@example.net', '$2y$10$PuxEcfJSPfLcBXEjSp6cSujVMrj/f/26ZaP99tD99kfFA0kBqm5ra', 'Ig64ifO4he', '1', NULL, 'false', '2020-04-18 10:11:57', '2020-04-18 10:11:57', NULL),
(457, 'loraine willms', 'ofeeney@example.org', '$2y$10$PuxEcfJSPfLcBXEjSp6cSujVMrj/f/26ZaP99tD99kfFA0kBqm5ra', 'eyBYnZUVb4', '1', NULL, 'false', '2020-04-18 10:11:57', '2020-04-18 10:11:57', NULL),
(458, 'triston bins', 'adeline51@example.org', '$2y$10$PuxEcfJSPfLcBXEjSp6cSujVMrj/f/26ZaP99tD99kfFA0kBqm5ra', 'L0Z9eeXO04', '0', '4pqzIAgeCakQlOMP38x2TRkdIQCbNuxgaSkK8pQj', 'false', '2020-04-18 10:11:57', '2020-04-18 10:11:57', NULL),
(459, 'buddy doyle phd', 'heath.leannon@example.net', '$2y$10$PuxEcfJSPfLcBXEjSp6cSujVMrj/f/26ZaP99tD99kfFA0kBqm5ra', 'yod80bJ1H6', '1', NULL, 'false', '2020-04-18 10:11:57', '2020-04-18 10:11:57', NULL),
(460, 'daniela koepp', 'cschaefer@example.org', '$2y$10$PuxEcfJSPfLcBXEjSp6cSujVMrj/f/26ZaP99tD99kfFA0kBqm5ra', '4EpaWJF75B', '0', '2jly1HzfbubVHPpyoVCk31uVOnRIl0OS5NmQIoZR', 'false', '2020-04-18 10:11:57', '2020-04-18 10:11:57', NULL),
(461, 'keegan adams sr.', 'zbeer@example.net', '$2y$10$PuxEcfJSPfLcBXEjSp6cSujVMrj/f/26ZaP99tD99kfFA0kBqm5ra', 'WnmLyAoOFH', '1', NULL, 'false', '2020-04-18 10:11:57', '2020-04-18 10:11:57', NULL),
(462, 'prof. jeramy rempel dds', 'tillman.duncan@example.net', '$2y$10$PuxEcfJSPfLcBXEjSp6cSujVMrj/f/26ZaP99tD99kfFA0kBqm5ra', 'Ul4MXnboVl', '0', 'EmkcdmFn9X2s5aIi9L3GLX7HNpHP2oEquuzR6I9E', 'false', '2020-04-18 10:11:57', '2020-04-18 10:11:57', NULL),
(463, 'karli hessel', 'jacobi.selina@example.net', '$2y$10$PuxEcfJSPfLcBXEjSp6cSujVMrj/f/26ZaP99tD99kfFA0kBqm5ra', '7rNbwYEk8m', '1', NULL, 'false', '2020-04-18 10:11:57', '2020-04-18 10:11:57', NULL),
(464, 'dr. delmer lakin', 'perry01@example.com', '$2y$10$PuxEcfJSPfLcBXEjSp6cSujVMrj/f/26ZaP99tD99kfFA0kBqm5ra', '5FRIU51ExL', '1', NULL, 'false', '2020-04-18 10:11:57', '2020-04-18 10:11:57', NULL),
(465, 'mrs. caitlyn howell', 'anderson.nicklaus@example.net', '$2y$10$PuxEcfJSPfLcBXEjSp6cSujVMrj/f/26ZaP99tD99kfFA0kBqm5ra', 'Ao8hq3PwNV', '0', '6ZJXTZxIgMA32Q3ZBxx3od06QwxpKrol6bZ84SWh', 'false', '2020-04-18 10:11:57', '2020-04-18 10:11:57', NULL),
(466, 'dolores ankunding iv', 'viviane40@example.com', '$2y$10$PuxEcfJSPfLcBXEjSp6cSujVMrj/f/26ZaP99tD99kfFA0kBqm5ra', 'Wu0CEp5tut', '0', 'FvN36f0ElsCtpAsBI17CJjgz6bTAbrLh1nNW8ttY', 'false', '2020-04-18 10:11:57', '2020-04-18 10:11:57', NULL),
(467, 'mr. alejandrin o\'keefe', 'gregoria.vandervort@example.net', '$2y$10$PuxEcfJSPfLcBXEjSp6cSujVMrj/f/26ZaP99tD99kfFA0kBqm5ra', 'qHYolMr40F', '1', NULL, 'false', '2020-04-18 10:11:57', '2020-04-18 10:11:57', NULL),
(468, 'dr. adalberto lubowitz', 'marcos.denesik@example.org', '$2y$10$PuxEcfJSPfLcBXEjSp6cSujVMrj/f/26ZaP99tD99kfFA0kBqm5ra', 'ctmYUM2Hue', '0', 'hB6ahDFw6kfcSH9p3G7yf2aLAjbnMI2OLFk452a1', 'false', '2020-04-18 10:11:57', '2020-04-18 10:11:57', NULL),
(469, 'meda stanton', 'hailey83@example.com', '$2y$10$PuxEcfJSPfLcBXEjSp6cSujVMrj/f/26ZaP99tD99kfFA0kBqm5ra', 'qpYexlX1EA', '1', NULL, 'false', '2020-04-18 10:11:57', '2020-04-18 10:11:57', NULL),
(470, 'eugenia jacobson', 'barbara94@example.org', '$2y$10$PuxEcfJSPfLcBXEjSp6cSujVMrj/f/26ZaP99tD99kfFA0kBqm5ra', 'tYWv4IRmjo', '1', NULL, 'false', '2020-04-18 10:11:57', '2020-04-18 10:11:57', NULL),
(471, 'viviane bartell', 'mckenzie.adrienne@example.com', '$2y$10$PuxEcfJSPfLcBXEjSp6cSujVMrj/f/26ZaP99tD99kfFA0kBqm5ra', 'RDHdiwXjBJ', '1', NULL, 'false', '2020-04-18 10:11:57', '2020-04-18 10:11:57', NULL),
(472, 'athena kautzer', 'mmarvin@example.net', '$2y$10$PuxEcfJSPfLcBXEjSp6cSujVMrj/f/26ZaP99tD99kfFA0kBqm5ra', 'UI1wfBFviG', '0', 'Ht4l475RClVphzUOFhiYF32PRRs00Y4iE9JDAe4e', 'false', '2020-04-18 10:11:57', '2020-04-18 10:11:57', NULL),
(473, 'montana hegmann iii', 'genesis85@example.org', '$2y$10$PuxEcfJSPfLcBXEjSp6cSujVMrj/f/26ZaP99tD99kfFA0kBqm5ra', 'jSfjtHpgEH', '0', 'cM82tXjmyPYKgTMELXvV62ObPm4YxhBKWZTO3fkZ', 'false', '2020-04-18 10:11:57', '2020-04-18 10:11:57', NULL),
(474, 'dr. darion berge', 'otilia.abbott@example.net', '$2y$10$PuxEcfJSPfLcBXEjSp6cSujVMrj/f/26ZaP99tD99kfFA0kBqm5ra', '8tUT7Jog9v', '0', 'Tmk685Yq4Om8R8gdj6r90fI5C8QZFwmgKREvmz1T', 'false', '2020-04-18 10:11:57', '2020-04-18 10:11:57', NULL),
(475, 'anya pouros', 'fhermann@example.net', '$2y$10$PuxEcfJSPfLcBXEjSp6cSujVMrj/f/26ZaP99tD99kfFA0kBqm5ra', '9kS7eV0ttU', '1', NULL, 'false', '2020-04-18 10:11:57', '2020-04-18 10:11:57', NULL),
(476, 'shea hessel', 'ukulas@example.org', '$2y$10$PuxEcfJSPfLcBXEjSp6cSujVMrj/f/26ZaP99tD99kfFA0kBqm5ra', 'BKVsZNbEXy', '0', 'VXv1OIZrL1pgnIFCeAB5fInLqUG0DZjiQ9bk546y', 'false', '2020-04-18 10:11:57', '2020-04-18 10:11:57', NULL),
(477, 'darian robel', 'ignacio68@example.com', '$2y$10$PuxEcfJSPfLcBXEjSp6cSujVMrj/f/26ZaP99tD99kfFA0kBqm5ra', 'gxZ9NUV0ye', '1', NULL, 'false', '2020-04-18 10:11:57', '2020-04-18 10:11:57', NULL),
(478, 'beaulah stiedemann', 'ckunze@example.org', '$2y$10$PuxEcfJSPfLcBXEjSp6cSujVMrj/f/26ZaP99tD99kfFA0kBqm5ra', 'bfWNEVN8Rc', '1', NULL, 'false', '2020-04-18 10:11:57', '2020-04-18 10:11:57', NULL),
(479, 'dr. laurel miller', 'nova80@example.com', '$2y$10$PuxEcfJSPfLcBXEjSp6cSujVMrj/f/26ZaP99tD99kfFA0kBqm5ra', 'ZC4JJ7GJex', '0', 'w7CjnIESIse4Y84BnMN9Pd1SLwUZx7YkBhnCJhyu', 'false', '2020-04-18 10:11:57', '2020-04-18 10:11:57', NULL),
(480, 'dr. annie tremblay', 'buckridge.jason@example.net', '$2y$10$PuxEcfJSPfLcBXEjSp6cSujVMrj/f/26ZaP99tD99kfFA0kBqm5ra', 'em79WcrYTJ', '0', 'ZhQujPbKDbPZiTLczFj86xUk4FqsyA1831rIb5sK', 'false', '2020-04-18 10:11:57', '2020-04-18 10:11:57', NULL),
(481, 'myra jast', 'cyrus02@example.com', '$2y$10$PuxEcfJSPfLcBXEjSp6cSujVMrj/f/26ZaP99tD99kfFA0kBqm5ra', '2BEK4KjbSa', '1', NULL, 'false', '2020-04-18 10:11:57', '2020-04-18 10:11:57', NULL),
(482, 'neal schaefer', 'schaden.adolfo@example.net', '$2y$10$PuxEcfJSPfLcBXEjSp6cSujVMrj/f/26ZaP99tD99kfFA0kBqm5ra', 'TfQuhXjMEN', '0', 'ibgFSSVsLz4YDv9PVFguJqnqZIr6M6TN9JRjiG5E', 'false', '2020-04-18 10:11:57', '2020-04-18 10:11:57', NULL),
(483, 'dr. nakia jaskolski phd', 'javon.breitenberg@example.net', '$2y$10$PuxEcfJSPfLcBXEjSp6cSujVMrj/f/26ZaP99tD99kfFA0kBqm5ra', '6A3xNlHPYP', '0', 'VjyT15WH9yW88hae75ImJku658LRRG2N2RwE2SRj', 'false', '2020-04-18 10:11:57', '2020-04-18 10:11:57', NULL),
(484, 'kenton will', 'buddy94@example.com', '$2y$10$PuxEcfJSPfLcBXEjSp6cSujVMrj/f/26ZaP99tD99kfFA0kBqm5ra', 'zaKNprTCVC', '0', '9CD6qeswPwRYw8JpClczqDFnqhXvhN7U7PTjJpcG', 'false', '2020-04-18 10:11:57', '2020-04-18 10:11:57', NULL),
(485, 'noah schiller', 'lowe.ella@example.org', '$2y$10$PuxEcfJSPfLcBXEjSp6cSujVMrj/f/26ZaP99tD99kfFA0kBqm5ra', 'xSHuXiFFDS', '1', NULL, 'false', '2020-04-18 10:11:57', '2020-04-18 10:11:57', NULL),
(486, 'reagan muller phd', 'jfarrell@example.net', '$2y$10$PuxEcfJSPfLcBXEjSp6cSujVMrj/f/26ZaP99tD99kfFA0kBqm5ra', 'jTn1LGREqM', '0', 'GlpOPZXR8I4bBTmU8RHEzskDlvq5Mv8JcZOCKHks', 'false', '2020-04-18 10:11:57', '2020-04-18 10:11:57', NULL),
(487, 'prof. elizabeth howe', 'mozell.ohara@example.net', '$2y$10$PuxEcfJSPfLcBXEjSp6cSujVMrj/f/26ZaP99tD99kfFA0kBqm5ra', 'KpZs8X4vw5', '1', NULL, 'false', '2020-04-18 10:11:57', '2020-04-18 10:11:57', NULL),
(488, 'dr. amir schoen jr.', 'alberta.reilly@example.org', '$2y$10$PuxEcfJSPfLcBXEjSp6cSujVMrj/f/26ZaP99tD99kfFA0kBqm5ra', 'u4qst9C9iR', '0', 'X6ND6RpndIdSfXVY70LYf1psX6wF549nzHisX4bZ', 'false', '2020-04-18 10:11:57', '2020-04-18 10:11:57', NULL),
(489, 'tara bauch', 'legros.dane@example.org', '$2y$10$PuxEcfJSPfLcBXEjSp6cSujVMrj/f/26ZaP99tD99kfFA0kBqm5ra', 'kqFecoQN8u', '0', '6DVCMO0kBTpBIUmBjJlXOPh4dX1NPOdtLqKZcZyI', 'false', '2020-04-18 10:11:57', '2020-04-18 10:11:57', NULL),
(490, 'waino west', 'leanne.bogisich@example.org', '$2y$10$PuxEcfJSPfLcBXEjSp6cSujVMrj/f/26ZaP99tD99kfFA0kBqm5ra', 'tzGliDYm39', '1', NULL, 'false', '2020-04-18 10:11:57', '2020-04-18 10:11:57', NULL),
(491, 'karen stanton', 'ernser.kaelyn@example.net', '$2y$10$PuxEcfJSPfLcBXEjSp6cSujVMrj/f/26ZaP99tD99kfFA0kBqm5ra', 'vWXwkhLi5H', '0', 'FwOr0GulwymyJFGYwkN3fzk4dtwtXLQdxst2gT8H', 'false', '2020-04-18 10:11:57', '2020-04-18 10:11:57', NULL),
(492, 'annetta johnson', 'little.estel@example.com', '$2y$10$PuxEcfJSPfLcBXEjSp6cSujVMrj/f/26ZaP99tD99kfFA0kBqm5ra', 'yw42P0oS5X', '1', NULL, 'false', '2020-04-18 10:11:57', '2020-04-18 10:11:57', NULL),
(493, 'buford stark v', 'hkautzer@example.net', '$2y$10$PuxEcfJSPfLcBXEjSp6cSujVMrj/f/26ZaP99tD99kfFA0kBqm5ra', '8nihlxj27Q', '0', '4HlfhVpp3YWJBeIWJegD0CFGf1bmsllAFBSINnKs', 'false', '2020-04-18 10:11:57', '2020-04-18 10:11:57', NULL),
(494, 'prof. doug schamberger', 'ozella.effertz@example.org', '$2y$10$PuxEcfJSPfLcBXEjSp6cSujVMrj/f/26ZaP99tD99kfFA0kBqm5ra', '9bgJ4sVTrZ', '0', 'E3XN6AhNxu4PBveMt7ksbEFBV5BFBxAToMNGPTqb', 'false', '2020-04-18 10:11:57', '2020-04-18 10:11:57', NULL),
(495, 'fermin schuster', 'ariane65@example.net', '$2y$10$PuxEcfJSPfLcBXEjSp6cSujVMrj/f/26ZaP99tD99kfFA0kBqm5ra', 'HbKeqHKRal', '0', 'af1Vktjiqc5ZvJzMUHYfD6ocwZsS14XIw5JpHZw6', 'false', '2020-04-18 10:11:57', '2020-04-18 10:11:57', NULL),
(496, 'ms. freida langworth', 'osborne.bogan@example.net', '$2y$10$PuxEcfJSPfLcBXEjSp6cSujVMrj/f/26ZaP99tD99kfFA0kBqm5ra', 'J2dMaSIpL2', '0', 'odPwvQAbgumtj8fNgN5UOOkunpiVK8O1WZUaaxMO', 'false', '2020-04-18 10:11:57', '2020-04-18 10:11:57', NULL),
(497, 'prof. jeff konopelski', 'arvel.stamm@example.org', '$2y$10$PuxEcfJSPfLcBXEjSp6cSujVMrj/f/26ZaP99tD99kfFA0kBqm5ra', 'w6jaxtGpcT', '1', NULL, 'false', '2020-04-18 10:11:57', '2020-04-18 10:11:57', NULL),
(498, 'ray mueller', 'robert14@example.com', '$2y$10$PuxEcfJSPfLcBXEjSp6cSujVMrj/f/26ZaP99tD99kfFA0kBqm5ra', 'w96ZqgTUhl', '0', 'UX56YSkVE07vlCsXYE1GNnfQZa00foqIZK8qE8vw', 'false', '2020-04-18 10:11:57', '2020-04-18 10:11:57', NULL),
(499, 'lynn zieme i', 'alexandria07@example.net', '$2y$10$PuxEcfJSPfLcBXEjSp6cSujVMrj/f/26ZaP99tD99kfFA0kBqm5ra', 'MVNlsAgaLr', '1', NULL, 'false', '2020-04-18 10:11:57', '2020-04-18 10:11:57', NULL),
(500, 'dillon fay', 'katelin98@example.org', '$2y$10$PuxEcfJSPfLcBXEjSp6cSujVMrj/f/26ZaP99tD99kfFA0kBqm5ra', '5uyipPGBw9', '0', 'PewB6RUwsTu8SZWi6JQnazLeAzVByZtCcKCAxEhB', 'false', '2020-04-18 10:11:57', '2020-04-18 10:11:57', NULL),
(501, 'graham cummerata', 'jdooley@example.org', '$2y$10$PuxEcfJSPfLcBXEjSp6cSujVMrj/f/26ZaP99tD99kfFA0kBqm5ra', 'uinermvIXP', '0', 'X3v8QZCk4GRx389030OgFD02KXmRHOzMO3Bq4a12', 'false', '2020-04-18 10:11:57', '2020-04-18 10:11:57', NULL),
(502, 'wilmer stark', 'ullrich.aniya@example.net', '$2y$10$PuxEcfJSPfLcBXEjSp6cSujVMrj/f/26ZaP99tD99kfFA0kBqm5ra', 'PfkLEfGEvY', '0', 'oqhFlM9nvDIjFbLI6WfqtAop5eVNgH4Rf76Q7e2X', 'false', '2020-04-18 10:11:57', '2020-04-18 10:11:57', NULL),
(503, 'dr. rolando stark', 'vidal.koepp@example.com', '$2y$10$PuxEcfJSPfLcBXEjSp6cSujVMrj/f/26ZaP99tD99kfFA0kBqm5ra', 'dvs0OMoMvl', '1', NULL, 'false', '2020-04-18 10:11:57', '2020-04-18 10:11:57', NULL),
(504, 'orland douglas', 'caroline46@example.org', '$2y$10$PuxEcfJSPfLcBXEjSp6cSujVMrj/f/26ZaP99tD99kfFA0kBqm5ra', 'FzQZ9m5diL', '0', 'q5IPaBg1FsGQaWk5OivnLNZCdskVWhYq2uHeIaBD', 'false', '2020-04-18 10:11:57', '2020-04-18 10:11:57', NULL),
(505, 'prof. jonas ritchie jr.', 'magnus.davis@example.com', '$2y$10$PuxEcfJSPfLcBXEjSp6cSujVMrj/f/26ZaP99tD99kfFA0kBqm5ra', 'ozEuVQ8LPp', '0', 'dj2ZqkGZG2P2s9DnjHl5hq5TMkv4BFatpFbyZwPU', 'false', '2020-04-18 10:11:57', '2020-04-18 10:11:57', NULL),
(506, 'ludie raynor', 'bschimmel@example.net', '$2y$10$PuxEcfJSPfLcBXEjSp6cSujVMrj/f/26ZaP99tD99kfFA0kBqm5ra', 'ZoJGVua1TA', '0', 'vN4aASEG7mr13SHpkvCYea9cxlJFmYg2GICrsZ8J', 'false', '2020-04-18 10:11:57', '2020-04-18 10:11:57', NULL),
(507, 'robb kunze', 'aniya.glover@example.org', '$2y$10$PuxEcfJSPfLcBXEjSp6cSujVMrj/f/26ZaP99tD99kfFA0kBqm5ra', 'j8BYqY1tos', '0', 'bDqwYuMFqfrIW4NlDtU923QJAQrePhxmaEq9PZrn', 'false', '2020-04-18 10:11:57', '2020-04-18 10:11:57', NULL),
(508, 'dr. sandy cummerata', 'garett45@example.com', '$2y$10$PuxEcfJSPfLcBXEjSp6cSujVMrj/f/26ZaP99tD99kfFA0kBqm5ra', 'sy4i87yJab', '1', NULL, 'false', '2020-04-18 10:11:57', '2020-04-18 10:11:57', NULL),
(509, 'dr. kitty wintheiser', 'crona.kristy@example.com', '$2y$10$PuxEcfJSPfLcBXEjSp6cSujVMrj/f/26ZaP99tD99kfFA0kBqm5ra', '6bMYEFrS8l', '1', NULL, 'false', '2020-04-18 10:11:57', '2020-04-18 10:11:57', NULL),
(510, 'hailee collier', 'daisy.zboncak@example.net', '$2y$10$PuxEcfJSPfLcBXEjSp6cSujVMrj/f/26ZaP99tD99kfFA0kBqm5ra', 'a80uwpEpoP', '0', 'HgzCB4z8zo9YzmEF4TJ8ZfweDJk2tQ02a1yWoe5b', 'false', '2020-04-18 10:11:57', '2020-04-18 10:11:57', NULL),
(511, 'hudson bailey', 'eichmann.dayna@example.net', '$2y$10$PuxEcfJSPfLcBXEjSp6cSujVMrj/f/26ZaP99tD99kfFA0kBqm5ra', '2O8M4lOcPn', '1', NULL, 'false', '2020-04-18 10:11:57', '2020-04-18 10:11:57', NULL),
(512, 'mr. brennan simonis', 'altenwerth.kariane@example.org', '$2y$10$PuxEcfJSPfLcBXEjSp6cSujVMrj/f/26ZaP99tD99kfFA0kBqm5ra', 'v48IcoDxxx', '1', NULL, 'false', '2020-04-18 10:11:57', '2020-04-18 10:11:57', NULL),
(513, 'trever schultz', 'laurine85@example.com', '$2y$10$PuxEcfJSPfLcBXEjSp6cSujVMrj/f/26ZaP99tD99kfFA0kBqm5ra', 'CdIfJV4sjt', '0', 'aE3BJF4BRoVEp6ouS6KLCt1EYWiVS1seOzl1ztMl', 'false', '2020-04-18 10:11:57', '2020-04-18 10:11:57', NULL),
(514, 'matilde king', 'jbode@example.org', '$2y$10$PuxEcfJSPfLcBXEjSp6cSujVMrj/f/26ZaP99tD99kfFA0kBqm5ra', 'jRVjCD7yQQ', '1', NULL, 'false', '2020-04-18 10:11:57', '2020-04-18 10:11:57', NULL),
(515, 'viva keebler', 'dooley.kenna@example.net', '$2y$10$PuxEcfJSPfLcBXEjSp6cSujVMrj/f/26ZaP99tD99kfFA0kBqm5ra', 'suIb6SjSpQ', '0', 'qPee5Gdh5BcwvkMXL2jFMjUbOfcN6uL1MRHfC1qH', 'false', '2020-04-18 10:11:57', '2020-04-18 10:11:57', NULL),
(516, 'ms. eula haley', 'umckenzie@example.org', '$2y$10$PuxEcfJSPfLcBXEjSp6cSujVMrj/f/26ZaP99tD99kfFA0kBqm5ra', '0wMFGfwFVP', '0', 'hCIJKdsgUiUd9coDwsSfoNvoOxmUlgc92Fh4EwPa', 'false', '2020-04-18 10:11:57', '2020-04-18 10:11:57', NULL),
(517, 'miss sallie langworth md', 'jedediah23@example.com', '$2y$10$PuxEcfJSPfLcBXEjSp6cSujVMrj/f/26ZaP99tD99kfFA0kBqm5ra', 'bXLFo5aTop', '1', NULL, 'false', '2020-04-18 10:11:57', '2020-04-18 10:11:57', NULL),
(518, 'misty boyer', 'vhudson@example.com', '$2y$10$PuxEcfJSPfLcBXEjSp6cSujVMrj/f/26ZaP99tD99kfFA0kBqm5ra', 'gntxCNKTIP', '0', 'Lewuq1JMv9JnbCsRqLPg2FhQzdBaPR8Ce1NfNQ2I', 'false', '2020-04-18 10:11:57', '2020-04-18 10:11:57', NULL),
(519, 'marisa harvey', 'edmund85@example.com', '$2y$10$PuxEcfJSPfLcBXEjSp6cSujVMrj/f/26ZaP99tD99kfFA0kBqm5ra', 'BKtBdlUg9y', '0', '5Enjs6qnhQwHbtQ9StQfx0RVmP0vHiwpyW49Xl3E', 'false', '2020-04-18 10:11:57', '2020-04-18 10:11:57', NULL),
(520, 'dr. colleen crooks', 'ronaldo89@example.com', '$2y$10$PuxEcfJSPfLcBXEjSp6cSujVMrj/f/26ZaP99tD99kfFA0kBqm5ra', 'C0oNBkvJyo', '1', NULL, 'false', '2020-04-18 10:11:57', '2020-04-18 10:11:57', NULL),
(521, 'cole prohaska', 'schmidt.fannie@example.net', '$2y$10$PuxEcfJSPfLcBXEjSp6cSujVMrj/f/26ZaP99tD99kfFA0kBqm5ra', '9yiS3Pg6pL', '0', 'd6yKks53XO1rNxT52M0CFO6BfjTk80OhGqKRmB60', 'false', '2020-04-18 10:11:57', '2020-04-18 10:11:57', NULL),
(522, 'yoshiko ziemann i', 'reilly.leonora@example.org', '$2y$10$PuxEcfJSPfLcBXEjSp6cSujVMrj/f/26ZaP99tD99kfFA0kBqm5ra', 'iXQWM8oL7k', '0', 'yV3Tp57OwiDZdhizAiFBFqvnO7HmlhC9foeQAn8N', 'false', '2020-04-18 10:11:57', '2020-04-18 10:11:57', NULL),
(523, 'toby wilderman phd', 'afton.smitham@example.net', '$2y$10$PuxEcfJSPfLcBXEjSp6cSujVMrj/f/26ZaP99tD99kfFA0kBqm5ra', '9yinckjACk', '0', 'Pt9RozWuI0Q9CQqvCXYE5bPLrZ0hYQrfiWoPZOMz', 'false', '2020-04-18 10:11:57', '2020-04-18 10:11:57', NULL),
(524, 'godfrey larkin', 'ernser.kristofer@example.com', '$2y$10$PuxEcfJSPfLcBXEjSp6cSujVMrj/f/26ZaP99tD99kfFA0kBqm5ra', 'y3B3VzPmOM', '0', 'qVjyWZqYfMSzPVGhfFXNyzTquwNMjqz9fNmazVP3', 'false', '2020-04-18 10:11:57', '2020-04-18 10:11:57', NULL),
(525, 'destiney doyle', 'adrienne.langosh@example.org', '$2y$10$PuxEcfJSPfLcBXEjSp6cSujVMrj/f/26ZaP99tD99kfFA0kBqm5ra', '6tBkugOG4x', '0', 'e1AYXYIeJrYB8qE5hoTyGbrXLGPRlZ30Nv2R6MGS', 'false', '2020-04-18 10:11:57', '2020-04-18 10:11:57', NULL),
(526, 'callie kuvalis', 'nettie27@example.net', '$2y$10$PuxEcfJSPfLcBXEjSp6cSujVMrj/f/26ZaP99tD99kfFA0kBqm5ra', 'Y3ycfjqARp', '0', 'xhTrQr0YRog7Skls0g1z1uiqVI2wLLPZ30rRndMi', 'false', '2020-04-18 10:11:57', '2020-04-18 10:11:57', NULL),
(527, 'judah lemke', 'danielle15@example.com', '$2y$10$PuxEcfJSPfLcBXEjSp6cSujVMrj/f/26ZaP99tD99kfFA0kBqm5ra', 'R1javL1XiA', '0', 'dG9GbqhmK2EhyKRteNU56ZsOpRlH3O0SdUdJoH7M', 'false', '2020-04-18 10:11:57', '2020-04-18 10:11:57', NULL),
(528, 'mr. misael boyer', 'welch.allie@example.org', '$2y$10$PuxEcfJSPfLcBXEjSp6cSujVMrj/f/26ZaP99tD99kfFA0kBqm5ra', 'WmyThiy6Am', '0', 'm2B2TPkbWmhrWqw5fOrOBhHThRTVCRkR2N96zLDR', 'false', '2020-04-18 10:11:57', '2020-04-18 10:11:57', NULL),
(529, 'adolphus boyle', 'igoodwin@example.com', '$2y$10$PuxEcfJSPfLcBXEjSp6cSujVMrj/f/26ZaP99tD99kfFA0kBqm5ra', 'Lg2ZwDyemW', '1', NULL, 'false', '2020-04-18 10:11:57', '2020-04-18 10:11:57', NULL),
(530, 'luther schneider', 'arobel@example.com', '$2y$10$PuxEcfJSPfLcBXEjSp6cSujVMrj/f/26ZaP99tD99kfFA0kBqm5ra', 'DXnhUOvo2D', '0', 'ARsUbYbl80FGFPEDqxvs8Pi5NVJVxnBsrO1AuHME', 'false', '2020-04-18 10:11:57', '2020-04-18 10:11:57', NULL),
(531, 'jordyn windler phd', 'rrempel@example.net', '$2y$10$PuxEcfJSPfLcBXEjSp6cSujVMrj/f/26ZaP99tD99kfFA0kBqm5ra', 'dk6vkuTSts', '1', NULL, 'false', '2020-04-18 10:11:57', '2020-04-18 10:11:57', NULL),
(532, 'prof. rowland wehner', 'crist.skyla@example.org', '$2y$10$PuxEcfJSPfLcBXEjSp6cSujVMrj/f/26ZaP99tD99kfFA0kBqm5ra', 'wz6H2IXloC', '0', '4bVcrQk1GAIUY8A87883TuBBLpjsXFBcckmcdlvJ', 'false', '2020-04-18 10:11:57', '2020-04-18 10:11:57', NULL),
(533, 'eveline legros md', 'chelsie.schuster@example.net', '$2y$10$PuxEcfJSPfLcBXEjSp6cSujVMrj/f/26ZaP99tD99kfFA0kBqm5ra', 'xNLuJLBu1O', '0', 'vuEqs7zI67yrk6OOA6v3l2lncxIzmNpH7j8dSPba', 'false', '2020-04-18 10:11:57', '2020-04-18 10:11:57', NULL),
(534, 'dr. bennett purdy iv', 'kris.rosalyn@example.org', '$2y$10$PuxEcfJSPfLcBXEjSp6cSujVMrj/f/26ZaP99tD99kfFA0kBqm5ra', 'X5EHvyh7Bj', '0', '6dwiXZ0uMu5GtVq17AxRozFFGK6vm8YkkcY6ISIx', 'false', '2020-04-18 10:11:57', '2020-04-18 10:11:57', NULL),
(535, 'mr. roy hyatt', 'swift.sunny@example.org', '$2y$10$PuxEcfJSPfLcBXEjSp6cSujVMrj/f/26ZaP99tD99kfFA0kBqm5ra', 'qvvWy8xgv9', '0', 'tnjmeqsfdLoHoS2WMk8bOBqfLPHJWRkoaw5rDaQs', 'false', '2020-04-18 10:11:57', '2020-04-18 10:11:57', NULL),
(536, 'zola yundt', 'ankunding.gregoria@example.com', '$2y$10$PuxEcfJSPfLcBXEjSp6cSujVMrj/f/26ZaP99tD99kfFA0kBqm5ra', 'FXQxRDg3Ms', '0', 'mu529HIAyKCisWExuIt8svobXuzdGd8XNabwU0lv', 'false', '2020-04-18 10:11:57', '2020-04-18 10:11:57', NULL),
(537, 'taurean roberts', 'rolfson.mervin@example.com', '$2y$10$PuxEcfJSPfLcBXEjSp6cSujVMrj/f/26ZaP99tD99kfFA0kBqm5ra', 'F9YYkEWDQc', '0', '2eHL23QGwmJPbDA57tsNRvuZD8XE6MmcJrQGABYG', 'false', '2020-04-18 10:11:57', '2020-04-18 10:11:57', NULL),
(538, 'marianna schaefer jr.', 'herzog.vada@example.net', '$2y$10$PuxEcfJSPfLcBXEjSp6cSujVMrj/f/26ZaP99tD99kfFA0kBqm5ra', 'w9p4IDI6TF', '0', 'CV9A2kmhTQAdMLFR3HzZxKNTyesKfBpYvyIFubVg', 'false', '2020-04-18 10:11:57', '2020-04-18 10:11:57', NULL),
(539, 'skyla reynolds i', 'west.jaron@example.com', '$2y$10$PuxEcfJSPfLcBXEjSp6cSujVMrj/f/26ZaP99tD99kfFA0kBqm5ra', 'RAiXD1vEde', '0', 'WrYLTEC0txcaiByZKW9jEab4xbvVcmaZfkQ6wcLA', 'false', '2020-04-18 10:11:57', '2020-04-18 10:11:57', NULL),
(540, 'miss stella mertz phd', 'runolfsdottir.kenton@example.com', '$2y$10$PuxEcfJSPfLcBXEjSp6cSujVMrj/f/26ZaP99tD99kfFA0kBqm5ra', 'OcMmOjNJMV', '0', 'VGlUiEbMBcy0Dh6WSAOYKvw29TWKt1nWzYjbEvys', 'false', '2020-04-18 10:11:57', '2020-04-18 10:11:57', NULL),
(541, 'carmel hilpert', 'quigley.nicola@example.net', '$2y$10$PuxEcfJSPfLcBXEjSp6cSujVMrj/f/26ZaP99tD99kfFA0kBqm5ra', 'l4a02iJMUf', '0', 'JFPaIUSN8qQ6tjRmKLkqY0XyjiDtqbZIs22u6lgf', 'false', '2020-04-18 10:11:57', '2020-04-18 10:11:57', NULL),
(542, 'marlen satterfield', 'funk.earlene@example.com', '$2y$10$PuxEcfJSPfLcBXEjSp6cSujVMrj/f/26ZaP99tD99kfFA0kBqm5ra', 'nyLv7cIKSl', '1', NULL, 'false', '2020-04-18 10:11:57', '2020-04-18 10:11:57', NULL),
(543, 'paige aufderhar', 'kulas.amiya@example.org', '$2y$10$PuxEcfJSPfLcBXEjSp6cSujVMrj/f/26ZaP99tD99kfFA0kBqm5ra', 'qAoNtdgugS', '0', 'ypdY8yo25u7l9Zrow04EyaGra20heHv5JdtiMcHt', 'false', '2020-04-18 10:11:57', '2020-04-18 10:11:57', NULL),
(544, 'alford wiegand sr.', 'stamm.may@example.com', '$2y$10$PuxEcfJSPfLcBXEjSp6cSujVMrj/f/26ZaP99tD99kfFA0kBqm5ra', '1igaWE8Kb9', '0', 'k4V3A0cFEd4EjyRTLDtieqIpy9duDv4Vh6XBzp8B', 'false', '2020-04-18 10:11:57', '2020-04-18 10:11:57', NULL),
(545, 'jayne pouros jr.', 'zhaag@example.org', '$2y$10$PuxEcfJSPfLcBXEjSp6cSujVMrj/f/26ZaP99tD99kfFA0kBqm5ra', 'hf0SsbRkpM', '1', NULL, 'false', '2020-04-18 10:11:57', '2020-04-18 10:11:57', NULL),
(546, 'dianna larson v', 'bsanford@example.net', '$2y$10$PuxEcfJSPfLcBXEjSp6cSujVMrj/f/26ZaP99tD99kfFA0kBqm5ra', 'lQVqIrHjVR', '0', 'HoUEYnqoUwCBN8MmE7eFIMUfIy1ka6p6ClOiiEEc', 'false', '2020-04-18 10:11:57', '2020-04-18 10:11:57', NULL),
(547, 'ms. kasey treutel', 'myah.dubuque@example.net', '$2y$10$PuxEcfJSPfLcBXEjSp6cSujVMrj/f/26ZaP99tD99kfFA0kBqm5ra', 'ebbJPUxBoq', '0', 'DsxiLsL4oqPuBizm3oPq8Cdl9N5mApMICa6nLPsO', 'false', '2020-04-18 10:11:57', '2020-04-18 10:11:57', NULL),
(548, 'domingo kshlerin', 'ghowell@example.net', '$2y$10$PuxEcfJSPfLcBXEjSp6cSujVMrj/f/26ZaP99tD99kfFA0kBqm5ra', 'JHjZ9YKUFp', '0', '7rzh7QtStUshOLc2JBcBBWaR7uzqHvUZEY7rcime', 'false', '2020-04-18 10:11:57', '2020-04-18 10:11:57', NULL),
(549, 'miss katarina mitchell i', 'beier.blaze@example.com', '$2y$10$PuxEcfJSPfLcBXEjSp6cSujVMrj/f/26ZaP99tD99kfFA0kBqm5ra', 'g3iZ06766y', '0', 'dNdIzpPpyYl9yhlnmVJX9zbgg4GGlTFdbW4w5mwT', 'false', '2020-04-18 10:11:57', '2020-04-18 10:11:57', NULL),
(550, 'prof. aryanna padberg md', 'cweimann@example.org', '$2y$10$PuxEcfJSPfLcBXEjSp6cSujVMrj/f/26ZaP99tD99kfFA0kBqm5ra', 'xdq2zEOtkH', '0', 'UKEzSMCFyiWDyQ7gPsu0Cupn5cGRv3lqv9ukAjTi', 'false', '2020-04-18 10:11:57', '2020-04-18 10:11:57', NULL),
(551, 'zetta kessler', 'mckenzie.grady@example.org', '$2y$10$PuxEcfJSPfLcBXEjSp6cSujVMrj/f/26ZaP99tD99kfFA0kBqm5ra', 'KjbyfCiwCu', '0', 'XCa5A6DC6EbQ65aXHcBllX4JQzmuyeVR9EHe9b2P', 'false', '2020-04-18 10:11:57', '2020-04-18 10:11:57', NULL),
(552, 'prof. henderson howe', 'jake31@example.org', '$2y$10$PuxEcfJSPfLcBXEjSp6cSujVMrj/f/26ZaP99tD99kfFA0kBqm5ra', 'GYt6AuYmWb', '0', 'EuBgy2rfKWjdoC3O4YqMwHJfOzsJsktlpPAz6qzV', 'false', '2020-04-18 10:11:57', '2020-04-18 10:11:57', NULL),
(553, 'deborah mohr', 'tcormier@example.com', '$2y$10$PuxEcfJSPfLcBXEjSp6cSujVMrj/f/26ZaP99tD99kfFA0kBqm5ra', '1lkHS6WGe0', '1', NULL, 'false', '2020-04-18 10:11:57', '2020-04-18 10:11:57', NULL),
(554, 'florine schiller', 'irving92@example.org', '$2y$10$PuxEcfJSPfLcBXEjSp6cSujVMrj/f/26ZaP99tD99kfFA0kBqm5ra', 'BhjDLqDygM', '0', 'kw7eRBsAqAIlVEoX5tfuPK5USuZmFrvLefIZRIro', 'false', '2020-04-18 10:11:57', '2020-04-18 10:11:57', NULL),
(555, 'marlen waelchi', 'murl48@example.net', '$2y$10$PuxEcfJSPfLcBXEjSp6cSujVMrj/f/26ZaP99tD99kfFA0kBqm5ra', 'gcr5P4NWB2', '1', NULL, 'false', '2020-04-18 10:11:57', '2020-04-18 10:11:57', NULL),
(556, 'nico wyman', 'pwilliamson@example.net', '$2y$10$PuxEcfJSPfLcBXEjSp6cSujVMrj/f/26ZaP99tD99kfFA0kBqm5ra', 'NJ1kPTLBHe', '0', 'wrFtBn7eCR1DHuq5Illz3XOkiWDVDAbsEqv2Q7tb', 'false', '2020-04-18 10:11:57', '2020-04-18 10:11:57', NULL),
(557, 'dr. jillian bahringer', 'uchristiansen@example.org', '$2y$10$PuxEcfJSPfLcBXEjSp6cSujVMrj/f/26ZaP99tD99kfFA0kBqm5ra', 'h38Tk9yRAT', '0', 'pOLxVmLFotmYxPnEVKkCFrmWRlxCFEGCukDy61lj', 'false', '2020-04-18 10:11:57', '2020-04-18 10:11:57', NULL),
(558, 'delia west', 'ebert.nasir@example.org', '$2y$10$PuxEcfJSPfLcBXEjSp6cSujVMrj/f/26ZaP99tD99kfFA0kBqm5ra', '3NrWT9BjkS', '1', NULL, 'false', '2020-04-18 10:11:57', '2020-04-18 10:11:57', NULL),
(559, 'hannah mueller md', 'reichel.lou@example.org', '$2y$10$PuxEcfJSPfLcBXEjSp6cSujVMrj/f/26ZaP99tD99kfFA0kBqm5ra', 'Ept9czlwzF', '1', NULL, 'false', '2020-04-18 10:11:57', '2020-04-18 10:11:57', NULL),
(560, 'kade hegmann', 'wilburn06@example.org', '$2y$10$PuxEcfJSPfLcBXEjSp6cSujVMrj/f/26ZaP99tD99kfFA0kBqm5ra', 'cwaBnfF0q2', '0', 'QwR62uKLxPJKZQMxjx7LWwjetbyn4Ul4JUxmQkq5', 'false', '2020-04-18 10:11:57', '2020-04-18 10:11:57', NULL),
(561, 'ara hayes sr.', 'qpowlowski@example.com', '$2y$10$PuxEcfJSPfLcBXEjSp6cSujVMrj/f/26ZaP99tD99kfFA0kBqm5ra', 'jiS9VTDfFI', '0', 'RDxrPtxhhUnajSXOGoAgaltAN88DUXaqnA3nTA8o', 'false', '2020-04-18 10:11:57', '2020-04-18 10:11:57', NULL),
(562, 'brannon shanahan ii', 'sophia39@example.com', '$2y$10$PuxEcfJSPfLcBXEjSp6cSujVMrj/f/26ZaP99tD99kfFA0kBqm5ra', '4jVf9yrnmC', '0', 'Ye6cVHNv1QElQLBTV66MRw3gQoAUQL4PCHGbbydE', 'false', '2020-04-18 10:11:57', '2020-04-18 10:11:57', NULL),
(563, 'dr. theodore spencer', 'uhansen@example.com', '$2y$10$PuxEcfJSPfLcBXEjSp6cSujVMrj/f/26ZaP99tD99kfFA0kBqm5ra', 'HKpR0wIKEo', '0', 'VgZwwryE1lA5E2AjNdrTi4at2UOSQI6Edgy6ZqwW', 'false', '2020-04-18 10:11:57', '2020-04-18 10:11:57', NULL),
(564, 'rhea beahan', 'lyla32@example.org', '$2y$10$PuxEcfJSPfLcBXEjSp6cSujVMrj/f/26ZaP99tD99kfFA0kBqm5ra', 'tgboUjRGuL', '1', NULL, 'false', '2020-04-18 10:11:57', '2020-04-18 10:11:57', NULL),
(565, 'prof. branson gorczany dds', 'eulah.beatty@example.org', '$2y$10$PuxEcfJSPfLcBXEjSp6cSujVMrj/f/26ZaP99tD99kfFA0kBqm5ra', 'VdRNqWMGwF', '0', 'aJj6DNeuFl3E6M2IWGiBi6Akiz4zkVoAlWXFhElE', 'false', '2020-04-18 10:11:57', '2020-04-18 10:11:57', NULL),
(566, 'easton beatty iv', 'jerald.koepp@example.org', '$2y$10$PuxEcfJSPfLcBXEjSp6cSujVMrj/f/26ZaP99tD99kfFA0kBqm5ra', 'AiBTN4jRMp', '0', 'xr1YApHXQXx74lBLdGVdRM2Ri6EXj8ecQDsDXvaG', 'false', '2020-04-18 10:11:57', '2020-04-18 10:11:57', NULL),
(567, 'dr. finn bahringer', 'earl.reinger@example.net', '$2y$10$PuxEcfJSPfLcBXEjSp6cSujVMrj/f/26ZaP99tD99kfFA0kBqm5ra', 'aVFls78mK8', '1', NULL, 'false', '2020-04-18 10:11:57', '2020-04-18 10:11:57', NULL),
(568, 'eulah walsh', 'vicenta.mertz@example.org', '$2y$10$PuxEcfJSPfLcBXEjSp6cSujVMrj/f/26ZaP99tD99kfFA0kBqm5ra', 'Ty1vrX0hUk', '0', 'k4uy2yU9bmUgCRY5n6dYpsgIYLPkOQOSdphfSegM', 'false', '2020-04-18 10:11:57', '2020-04-18 10:11:57', NULL),
(569, 'luigi wehner', 'adaline53@example.org', '$2y$10$PuxEcfJSPfLcBXEjSp6cSujVMrj/f/26ZaP99tD99kfFA0kBqm5ra', 'OwgfZkD3VB', '1', NULL, 'false', '2020-04-18 10:11:57', '2020-04-18 10:11:57', NULL),
(570, 'dr. berniece paucek', 'raynor.colten@example.org', '$2y$10$PuxEcfJSPfLcBXEjSp6cSujVMrj/f/26ZaP99tD99kfFA0kBqm5ra', 'hnRzRgr72d', '0', 'g2KZESIULTqEU3FYCEbQP70tD9rdevoGcQ9cBiWk', 'false', '2020-04-18 10:11:57', '2020-04-18 10:11:57', NULL),
(571, 'dr. raven beier iv', 'hilario42@example.org', '$2y$10$PuxEcfJSPfLcBXEjSp6cSujVMrj/f/26ZaP99tD99kfFA0kBqm5ra', 'RzLDXkcxX0', '1', NULL, 'false', '2020-04-18 10:11:57', '2020-04-18 10:11:57', NULL),
(572, 'pearlie mckenzie', 'gpollich@example.com', '$2y$10$PuxEcfJSPfLcBXEjSp6cSujVMrj/f/26ZaP99tD99kfFA0kBqm5ra', 'ft0U7PWztG', '1', NULL, 'false', '2020-04-18 10:11:57', '2020-04-18 10:11:57', NULL),
(573, 'myron schmidt dds', 'dprice@example.net', '$2y$10$PuxEcfJSPfLcBXEjSp6cSujVMrj/f/26ZaP99tD99kfFA0kBqm5ra', '4xlorgQtPz', '1', NULL, 'false', '2020-04-18 10:11:57', '2020-04-18 10:11:57', NULL),
(574, 'nathen harris', 'matilde97@example.org', '$2y$10$PuxEcfJSPfLcBXEjSp6cSujVMrj/f/26ZaP99tD99kfFA0kBqm5ra', 'TVlFoql9vG', '0', 'jU4xiQ0DdeKUGq3PiJhLL0fYbFzsTdtZXuBwyNat', 'false', '2020-04-18 10:11:57', '2020-04-18 10:11:57', NULL),
(575, 'damion marvin', 'ida.lang@example.org', '$2y$10$PuxEcfJSPfLcBXEjSp6cSujVMrj/f/26ZaP99tD99kfFA0kBqm5ra', 'P7FqNVTCWC', '0', '4eJ6GvZaMTPu51JRaVOQ4GPY2s8SqwSMGP1NsiEA', 'false', '2020-04-18 10:11:57', '2020-04-18 10:11:57', NULL),
(576, 'dr. rowan bednar dds', 'urban38@example.org', '$2y$10$PuxEcfJSPfLcBXEjSp6cSujVMrj/f/26ZaP99tD99kfFA0kBqm5ra', '35tHTooy3e', '0', 'nyPUWWjXoQT9aQ69jCI3yFByDT75hdFB9IPXPg8v', 'false', '2020-04-18 10:11:57', '2020-04-18 10:11:57', NULL),
(577, 'deron reinger', 'terry48@example.org', '$2y$10$PuxEcfJSPfLcBXEjSp6cSujVMrj/f/26ZaP99tD99kfFA0kBqm5ra', 'ypHBmUsNC9', '1', NULL, 'false', '2020-04-18 10:11:57', '2020-04-18 10:11:57', NULL),
(578, 'ms. hillary kiehn md', 'zlangworth@example.net', '$2y$10$PuxEcfJSPfLcBXEjSp6cSujVMrj/f/26ZaP99tD99kfFA0kBqm5ra', 'E2ySb5wxwk', '1', NULL, 'false', '2020-04-18 10:11:57', '2020-04-18 10:11:57', NULL),
(579, 'alexandre willms i', 'ckirlin@example.org', '$2y$10$PuxEcfJSPfLcBXEjSp6cSujVMrj/f/26ZaP99tD99kfFA0kBqm5ra', 'euYzL5x2Zm', '1', NULL, 'false', '2020-04-18 10:11:57', '2020-04-18 10:11:57', NULL),
(580, 'ms. cynthia cronin', 'laurianne.harvey@example.org', '$2y$10$PuxEcfJSPfLcBXEjSp6cSujVMrj/f/26ZaP99tD99kfFA0kBqm5ra', 'A60LPyiklc', '1', NULL, 'false', '2020-04-18 10:11:57', '2020-04-18 10:11:57', NULL),
(581, 'lurline satterfield', 'dach.kaycee@example.org', '$2y$10$PuxEcfJSPfLcBXEjSp6cSujVMrj/f/26ZaP99tD99kfFA0kBqm5ra', 'sx8KXaJVIP', '1', NULL, 'false', '2020-04-18 10:11:57', '2020-04-18 10:11:57', NULL),
(582, 'dr. soledad jast', 'sporer.giovanna@example.org', '$2y$10$PuxEcfJSPfLcBXEjSp6cSujVMrj/f/26ZaP99tD99kfFA0kBqm5ra', 'r8rqiIC0AK', '1', NULL, 'false', '2020-04-18 10:11:57', '2020-04-18 10:11:57', NULL),
(583, 'prof. kallie steuber dds', 'ottis94@example.org', '$2y$10$PuxEcfJSPfLcBXEjSp6cSujVMrj/f/26ZaP99tD99kfFA0kBqm5ra', 'Z5EVsFAnH2', '1', NULL, 'false', '2020-04-18 10:11:57', '2020-04-18 10:11:57', NULL),
(584, 'joanie rohan', 'atowne@example.net', '$2y$10$PuxEcfJSPfLcBXEjSp6cSujVMrj/f/26ZaP99tD99kfFA0kBqm5ra', 'dscrokBJ1k', '0', '9UlDgu6odYr5A9vbvA873elCV8dft6mSdfXTeJQg', 'false', '2020-04-18 10:11:57', '2020-04-18 10:11:57', NULL),
(585, 'lavada bauch', 'montana77@example.com', '$2y$10$PuxEcfJSPfLcBXEjSp6cSujVMrj/f/26ZaP99tD99kfFA0kBqm5ra', 'NSlKm54X1f', '1', NULL, 'false', '2020-04-18 10:11:57', '2020-04-18 10:11:57', NULL),
(586, 'mr. jaylin kautzer sr.', 'hugh.nolan@example.org', '$2y$10$PuxEcfJSPfLcBXEjSp6cSujVMrj/f/26ZaP99tD99kfFA0kBqm5ra', 'meDqvHQNE0', '1', NULL, 'false', '2020-04-18 10:11:57', '2020-04-18 10:11:57', NULL),
(587, 'miss lelah gibson', 'berniece.walsh@example.net', '$2y$10$PuxEcfJSPfLcBXEjSp6cSujVMrj/f/26ZaP99tD99kfFA0kBqm5ra', 'oZmT2o9RJL', '1', NULL, 'false', '2020-04-18 10:11:57', '2020-04-18 10:11:57', NULL),
(588, 'prof. giovanny witting md', 'fschumm@example.org', '$2y$10$PuxEcfJSPfLcBXEjSp6cSujVMrj/f/26ZaP99tD99kfFA0kBqm5ra', 'qco5R1nsnm', '0', 'gxaFCI6lL0yDwH9RFUQMsNwzQFUVBydVOgFOnQvW', 'false', '2020-04-18 10:11:57', '2020-04-18 10:11:57', NULL),
(589, 'maxime kessler iv', 'carolanne79@example.net', '$2y$10$PuxEcfJSPfLcBXEjSp6cSujVMrj/f/26ZaP99tD99kfFA0kBqm5ra', '5kD60evhJD', '0', 'aXa3toWfxW5HRnEchmiZ6OQxzRnDnZ5U5zPjgBdZ', 'false', '2020-04-18 10:11:57', '2020-04-18 10:11:57', NULL),
(590, 'prof. samson schulist', 'darrell64@example.com', '$2y$10$PuxEcfJSPfLcBXEjSp6cSujVMrj/f/26ZaP99tD99kfFA0kBqm5ra', 'lUyLpxURiR', '0', '0TL09mRkF5Nof1peTsGjPdd4aETG2pFxaDTUSZgL', 'false', '2020-04-18 10:11:57', '2020-04-18 10:11:57', NULL),
(591, 'delfina marquardt md', 'nathan70@example.org', '$2y$10$PuxEcfJSPfLcBXEjSp6cSujVMrj/f/26ZaP99tD99kfFA0kBqm5ra', '6IOAaxFcnx', '1', NULL, 'false', '2020-04-18 10:11:57', '2020-04-18 10:11:57', NULL),
(592, 'julien cormier jr.', 'ogerhold@example.com', '$2y$10$PuxEcfJSPfLcBXEjSp6cSujVMrj/f/26ZaP99tD99kfFA0kBqm5ra', 'nzpEe6kNow', '1', NULL, 'false', '2020-04-18 10:11:57', '2020-04-18 10:11:57', NULL),
(593, 'weldon schamberger', 'davis.vena@example.net', '$2y$10$PuxEcfJSPfLcBXEjSp6cSujVMrj/f/26ZaP99tD99kfFA0kBqm5ra', 'soI9VSi1tH', '0', 'hVzcMERbu1NqDp3zKnKmBM9XVbJOuhmqxCr4Gzkl', 'false', '2020-04-18 10:11:57', '2020-04-18 10:11:57', NULL),
(594, 'dr. savion sauer', 'roberts.zechariah@example.org', '$2y$10$PuxEcfJSPfLcBXEjSp6cSujVMrj/f/26ZaP99tD99kfFA0kBqm5ra', 'cMIlYQWFjg', '1', NULL, 'false', '2020-04-18 10:11:57', '2020-04-18 10:11:57', NULL),
(595, 'mac hauck', 'bernie.cassin@example.org', '$2y$10$PuxEcfJSPfLcBXEjSp6cSujVMrj/f/26ZaP99tD99kfFA0kBqm5ra', 'w6An2TBUTt', '0', 'D6fATAUDmlT3FxyrbyBxsM00hEwfEy1jE9D4J8YN', 'false', '2020-04-18 10:11:57', '2020-04-18 10:11:57', NULL),
(596, 'vella skiles', 'carter.fatima@example.org', '$2y$10$PuxEcfJSPfLcBXEjSp6cSujVMrj/f/26ZaP99tD99kfFA0kBqm5ra', 'KCgo8q1qQn', '0', 'WlBPb9DG5rCanEqoWf7vkPS7mjjHp25R82491oPP', 'false', '2020-04-18 10:11:57', '2020-04-18 10:11:57', NULL),
(597, 'ladarius nicolas', 'emilio.wyman@example.org', '$2y$10$PuxEcfJSPfLcBXEjSp6cSujVMrj/f/26ZaP99tD99kfFA0kBqm5ra', 'PhmU0Oguzx', '1', NULL, 'false', '2020-04-18 10:11:57', '2020-04-18 10:11:57', NULL),
(598, 'marianne mclaughlin', 'kolby31@example.com', '$2y$10$PuxEcfJSPfLcBXEjSp6cSujVMrj/f/26ZaP99tD99kfFA0kBqm5ra', 'x37Di8YFGU', '1', NULL, 'false', '2020-04-18 10:11:57', '2020-04-18 10:11:57', NULL),
(599, 'raymundo o\'kon', 'clarabelle.ortiz@example.org', '$2y$10$PuxEcfJSPfLcBXEjSp6cSujVMrj/f/26ZaP99tD99kfFA0kBqm5ra', 'HU5c40TZHa', '1', NULL, 'false', '2020-04-18 10:11:57', '2020-04-18 10:11:57', NULL),
(600, 'jeanette heaney', 'froberts@example.org', '$2y$10$PuxEcfJSPfLcBXEjSp6cSujVMrj/f/26ZaP99tD99kfFA0kBqm5ra', 'YKoBst6nK6', '1', NULL, 'false', '2020-04-18 10:11:57', '2020-04-18 10:11:57', NULL),
(601, 'mr. herbert effertz', 'barrett.heaney@example.com', '$2y$10$PuxEcfJSPfLcBXEjSp6cSujVMrj/f/26ZaP99tD99kfFA0kBqm5ra', 'C5J65OxJa0', '0', 'hrGHS0tjSWngxW9eRcKb7BOTXj93fuscHr9Fo1lP', 'false', '2020-04-18 10:11:57', '2020-04-18 10:11:57', NULL),
(602, 'rogelio mcdermott', 'rstiedemann@example.com', '$2y$10$PuxEcfJSPfLcBXEjSp6cSujVMrj/f/26ZaP99tD99kfFA0kBqm5ra', 'eWMmAHNBwf', '0', 'wRGJC6vzVZlN3Q1WPOYI5zGsmTk3z5ztOy2Auriy', 'false', '2020-04-18 10:11:57', '2020-04-18 10:11:57', NULL),
(603, 'nash nienow', 'vkoelpin@example.org', '$2y$10$PuxEcfJSPfLcBXEjSp6cSujVMrj/f/26ZaP99tD99kfFA0kBqm5ra', 'bvS5i5jjOp', '1', NULL, 'false', '2020-04-18 10:11:57', '2020-04-18 10:11:57', NULL),
(604, 'prof. jazmyne bernier', 'lkuvalis@example.com', '$2y$10$PuxEcfJSPfLcBXEjSp6cSujVMrj/f/26ZaP99tD99kfFA0kBqm5ra', 'aSfp2yFa0q', '0', 'tctDeh9HpdA17IPlGIJHlJX6nqqPRDKNkERS7RsL', 'false', '2020-04-18 10:11:57', '2020-04-18 10:11:57', NULL),
(605, 'rachelle krajcik', 'kiehn.jadon@example.com', '$2y$10$PuxEcfJSPfLcBXEjSp6cSujVMrj/f/26ZaP99tD99kfFA0kBqm5ra', '5lOon3NSqY', '1', NULL, 'false', '2020-04-18 10:11:57', '2020-04-18 10:11:57', NULL),
(606, 'jace gleason', 'dfeeney@example.org', '$2y$10$PuxEcfJSPfLcBXEjSp6cSujVMrj/f/26ZaP99tD99kfFA0kBqm5ra', 'FXx5qa9Ons', '1', NULL, 'false', '2020-04-18 10:11:57', '2020-04-18 10:11:57', NULL),
(607, 'sage strosin dds', 'jeremy54@example.com', '$2y$10$PuxEcfJSPfLcBXEjSp6cSujVMrj/f/26ZaP99tD99kfFA0kBqm5ra', 'Kg9898AEYl', '1', NULL, 'false', '2020-04-18 10:11:57', '2020-04-18 10:11:57', NULL),
(608, 'jovanny funk', 'upton.peter@example.net', '$2y$10$PuxEcfJSPfLcBXEjSp6cSujVMrj/f/26ZaP99tD99kfFA0kBqm5ra', 'txLgMECySR', '0', 'elGwkMGCWUJXz9vCeLLoGXy6HJjgBufg7qebE6cq', 'false', '2020-04-18 10:11:57', '2020-04-18 10:11:57', NULL),
(609, 'ryan will', 'krajcik.nichole@example.org', '$2y$10$PuxEcfJSPfLcBXEjSp6cSujVMrj/f/26ZaP99tD99kfFA0kBqm5ra', 'giZuKVogX6', '1', NULL, 'false', '2020-04-18 10:11:57', '2020-04-18 10:11:57', NULL),
(610, 'sadye halvorson', 'mackenzie50@example.net', '$2y$10$PuxEcfJSPfLcBXEjSp6cSujVMrj/f/26ZaP99tD99kfFA0kBqm5ra', 'GJipd6o1I5', '1', NULL, 'false', '2020-04-18 10:11:57', '2020-04-18 10:11:57', NULL),
(611, 'dr. euna willms', 'jordi.macejkovic@example.com', '$2y$10$PuxEcfJSPfLcBXEjSp6cSujVMrj/f/26ZaP99tD99kfFA0kBqm5ra', 'g5v2K0t5gj', '1', NULL, 'false', '2020-04-18 10:11:57', '2020-04-18 10:11:57', NULL),
(612, 'horace strosin dds', 'wyost@example.org', '$2y$10$PuxEcfJSPfLcBXEjSp6cSujVMrj/f/26ZaP99tD99kfFA0kBqm5ra', 'sn8URvcLaY', '1', NULL, 'false', '2020-04-18 10:11:57', '2020-04-18 10:11:57', NULL),
(613, 'maud aufderhar', 'zella.schuppe@example.org', '$2y$10$PuxEcfJSPfLcBXEjSp6cSujVMrj/f/26ZaP99tD99kfFA0kBqm5ra', 'p9lbSWzwSS', '1', NULL, 'false', '2020-04-18 10:11:57', '2020-04-18 10:11:57', NULL),
(614, 'dr. kane botsford i', 'osenger@example.org', '$2y$10$PuxEcfJSPfLcBXEjSp6cSujVMrj/f/26ZaP99tD99kfFA0kBqm5ra', '9qvADAM3fl', '1', NULL, 'false', '2020-04-18 10:11:57', '2020-04-18 10:11:57', NULL),
(615, 'verdie schoen', 'ehyatt@example.net', '$2y$10$PuxEcfJSPfLcBXEjSp6cSujVMrj/f/26ZaP99tD99kfFA0kBqm5ra', 'HsDi5kkC7p', '1', NULL, 'false', '2020-04-18 10:11:57', '2020-04-18 10:11:57', NULL),
(616, 'mr. maximo auer iii', 'sofia24@example.com', '$2y$10$PuxEcfJSPfLcBXEjSp6cSujVMrj/f/26ZaP99tD99kfFA0kBqm5ra', 'z4nO1TWIzF', '1', NULL, 'false', '2020-04-18 10:11:57', '2020-04-18 10:11:57', NULL),
(617, 'jaden fadel', 'cbarton@example.com', '$2y$10$PuxEcfJSPfLcBXEjSp6cSujVMrj/f/26ZaP99tD99kfFA0kBqm5ra', 'M9D0BRhj2l', '0', 'Wh3rQeEbe8FpSYDDePqaL2852aPRXZZzGcQodNXQ', 'false', '2020-04-18 10:11:57', '2020-04-18 10:11:57', NULL),
(618, 'kris heathcote dvm', 'konopelski.lula@example.net', '$2y$10$PuxEcfJSPfLcBXEjSp6cSujVMrj/f/26ZaP99tD99kfFA0kBqm5ra', 'Oq7UEAVVnR', '0', 'sJqD9ted1s9Tu0BmsMMpezJLfy1QL7kDaGwze0Zy', 'false', '2020-04-18 10:11:57', '2020-04-18 10:11:57', NULL),
(619, 'assunta dietrich', 'ward.jenkins@example.net', '$2y$10$PuxEcfJSPfLcBXEjSp6cSujVMrj/f/26ZaP99tD99kfFA0kBqm5ra', '88F3IjLCZt', '1', NULL, 'false', '2020-04-18 10:11:57', '2020-04-18 10:11:57', NULL),
(620, 'prof. alex balistreri', 'lesch.skye@example.net', '$2y$10$PuxEcfJSPfLcBXEjSp6cSujVMrj/f/26ZaP99tD99kfFA0kBqm5ra', '033CTUxYEt', '0', 'BNfAs2IoAxcdGkp9vntE35jzKg9BFBZDzAg1HOZa', 'false', '2020-04-18 10:11:57', '2020-04-18 10:11:57', NULL),
(621, 'adelle schaefer jr.', 'wklocko@example.com', '$2y$10$PuxEcfJSPfLcBXEjSp6cSujVMrj/f/26ZaP99tD99kfFA0kBqm5ra', 'GkZ00n8QA1', '1', NULL, 'false', '2020-04-18 10:11:57', '2020-04-18 10:11:57', NULL),
(622, 'ms. megane rolfson', 'roberbrunner@example.org', '$2y$10$PuxEcfJSPfLcBXEjSp6cSujVMrj/f/26ZaP99tD99kfFA0kBqm5ra', 'ZBiPs13GU3', '0', '2GRQLNzuG9CNBn7sVZC5BR5vnOh4pv68SPSuRNxf', 'false', '2020-04-18 10:11:57', '2020-04-18 10:11:57', NULL),
(623, 'dr. ottis jast ii', 'dibbert.austyn@example.org', '$2y$10$PuxEcfJSPfLcBXEjSp6cSujVMrj/f/26ZaP99tD99kfFA0kBqm5ra', 'Mj8Txy8Qk1', '1', NULL, 'false', '2020-04-18 10:11:57', '2020-04-18 10:11:57', NULL),
(624, 'jimmy veum v', 'ernser.marty@example.net', '$2y$10$PuxEcfJSPfLcBXEjSp6cSujVMrj/f/26ZaP99tD99kfFA0kBqm5ra', 'Mtb7drRWeI', '0', 'FjfXLmzKcahnz52rqzyaIcJPoU8IiGw2qd3gEQ2G', 'false', '2020-04-18 10:11:57', '2020-04-18 10:11:57', NULL),
(625, 'mr. gaston bartell', 'nlangworth@example.com', '$2y$10$PuxEcfJSPfLcBXEjSp6cSujVMrj/f/26ZaP99tD99kfFA0kBqm5ra', 'Aia479za4L', '1', NULL, 'false', '2020-04-18 10:11:57', '2020-04-18 10:11:57', NULL),
(626, 'therese ruecker', 'minerva32@example.org', '$2y$10$PuxEcfJSPfLcBXEjSp6cSujVMrj/f/26ZaP99tD99kfFA0kBqm5ra', 'jO6G216SiT', '0', 'nTIvVB4mfmr46RExeoLwD7ujMrIJRYwlzQex491p', 'false', '2020-04-18 10:11:57', '2020-04-18 10:11:57', NULL),
(627, 'jayden ondricka', 'lyric65@example.com', '$2y$10$PuxEcfJSPfLcBXEjSp6cSujVMrj/f/26ZaP99tD99kfFA0kBqm5ra', 'K0daMfqbhB', '0', 'qVco1C6mB0G500Mct0ZxzorJ1FhTNjrNrhtV4hpU', 'false', '2020-04-18 10:11:57', '2020-04-18 10:11:57', NULL),
(628, 'mr. ed wisoky', 'gertrude59@example.net', '$2y$10$PuxEcfJSPfLcBXEjSp6cSujVMrj/f/26ZaP99tD99kfFA0kBqm5ra', 'RKXRJYxtyi', '1', NULL, 'false', '2020-04-18 10:11:57', '2020-04-18 10:11:57', NULL),
(629, 'clemens hansen', 'ohara.leann@example.org', '$2y$10$PuxEcfJSPfLcBXEjSp6cSujVMrj/f/26ZaP99tD99kfFA0kBqm5ra', '4tCRlf7wGY', '1', NULL, 'false', '2020-04-18 10:11:57', '2020-04-18 10:11:57', NULL),
(630, 'mr. bart okuneva', 'ivy61@example.net', '$2y$10$PuxEcfJSPfLcBXEjSp6cSujVMrj/f/26ZaP99tD99kfFA0kBqm5ra', '7OHOG0jSAC', '0', 'tPueTC7TR11EaKlCT3esKu1lO0ukli8eRAmsYZNh', 'false', '2020-04-18 10:11:57', '2020-04-18 10:11:57', NULL),
(631, 'macy gleason ii', 'donnelly.delilah@example.org', '$2y$10$PuxEcfJSPfLcBXEjSp6cSujVMrj/f/26ZaP99tD99kfFA0kBqm5ra', 'HGLWRxH1Zq', '0', '2qBJp8RW0fq5iQcwizMqWi6H1TiCtXTwqtVAt466', 'false', '2020-04-18 10:11:57', '2020-04-18 10:11:57', NULL),
(632, 'sallie jakubowski', 'koelpin.jakob@example.net', '$2y$10$PuxEcfJSPfLcBXEjSp6cSujVMrj/f/26ZaP99tD99kfFA0kBqm5ra', 'ixmI3Anvsw', '1', NULL, 'false', '2020-04-18 10:11:57', '2020-04-18 10:11:57', NULL),
(633, 'prof. kendrick turner i', 'paolo.satterfield@example.com', '$2y$10$PuxEcfJSPfLcBXEjSp6cSujVMrj/f/26ZaP99tD99kfFA0kBqm5ra', 's4yrKM7q3a', '0', 'lqrGyYC6ka5lEbUnun4PgtK6z7q99EoA5wzYrKlm', 'false', '2020-04-18 10:11:57', '2020-04-18 10:11:57', NULL),
(634, 'dr. tony rolfson', 'vella.oreilly@example.com', '$2y$10$PuxEcfJSPfLcBXEjSp6cSujVMrj/f/26ZaP99tD99kfFA0kBqm5ra', 'g4dBhMfe41', '1', NULL, 'false', '2020-04-18 10:11:57', '2020-04-18 10:11:57', NULL),
(635, 'lenna quigley', 'mitchell.davon@example.net', '$2y$10$PuxEcfJSPfLcBXEjSp6cSujVMrj/f/26ZaP99tD99kfFA0kBqm5ra', 'vZPS6M0WAR', '1', NULL, 'false', '2020-04-18 10:11:57', '2020-04-18 10:11:57', NULL),
(636, 'zechariah feil v', 'roberts.laney@example.net', '$2y$10$PuxEcfJSPfLcBXEjSp6cSujVMrj/f/26ZaP99tD99kfFA0kBqm5ra', '75hxkrcjkw', '1', NULL, 'false', '2020-04-18 10:11:57', '2020-04-18 10:11:57', NULL),
(637, 'prof. nasir gutkowski', 'lwalter@example.org', '$2y$10$PuxEcfJSPfLcBXEjSp6cSujVMrj/f/26ZaP99tD99kfFA0kBqm5ra', 'o1jGJj2UKJ', '0', 'D6LD7RjS7BwQAy9A1m3TY8TtOrTzM8FaEf0Ij8gh', 'false', '2020-04-18 10:11:57', '2020-04-18 10:11:57', NULL),
(638, 'mireya metz', 'ledner.geo@example.org', '$2y$10$PuxEcfJSPfLcBXEjSp6cSujVMrj/f/26ZaP99tD99kfFA0kBqm5ra', 'jwIV9Py7sP', '1', NULL, 'false', '2020-04-18 10:11:57', '2020-04-18 10:11:57', NULL),
(639, 'ashlee hermann', 'alena.trantow@example.org', '$2y$10$PuxEcfJSPfLcBXEjSp6cSujVMrj/f/26ZaP99tD99kfFA0kBqm5ra', 'mPMh6IOY4o', '0', '3maGOzWsWAwAO4OaaCV7EQXrvZHvL2Zrg2mWdKgc', 'false', '2020-04-18 10:11:57', '2020-04-18 10:11:57', NULL),
(640, 'mr. estevan cormier sr.', 'bergstrom.micheal@example.com', '$2y$10$PuxEcfJSPfLcBXEjSp6cSujVMrj/f/26ZaP99tD99kfFA0kBqm5ra', 'rOeF1XouS2', '1', NULL, 'false', '2020-04-18 10:11:57', '2020-04-18 10:11:57', NULL),
(641, 'dr. nash yost sr.', 'parisian.vickie@example.org', '$2y$10$PuxEcfJSPfLcBXEjSp6cSujVMrj/f/26ZaP99tD99kfFA0kBqm5ra', 'qRQHHci54c', '0', '9laGM0Vil0y8U7nuEUsN4DW9fLvTGfWNpqxoOD3v', 'false', '2020-04-18 10:11:57', '2020-04-18 10:11:57', NULL),
(642, 'cade boyle', 'strosin.glenda@example.com', '$2y$10$PuxEcfJSPfLcBXEjSp6cSujVMrj/f/26ZaP99tD99kfFA0kBqm5ra', 'mQysRFptBO', '0', 'Oxy1ROVVHRd7ncvAI8Xd5U6Q8g0AKDTY44bzesqd', 'false', '2020-04-18 10:11:57', '2020-04-18 10:11:57', NULL),
(643, 'dr. vicky kuvalis phd', 'flockman@example.com', '$2y$10$PuxEcfJSPfLcBXEjSp6cSujVMrj/f/26ZaP99tD99kfFA0kBqm5ra', 'LZA6lbOivI', '0', 'ODhLYjKFkVUicYDwOWaTMAAWsfqpxwjjKxfuOmQO', 'false', '2020-04-18 10:11:57', '2020-04-18 10:11:57', NULL),
(644, 'savanah wolff', 'yundt.lysanne@example.net', '$2y$10$PuxEcfJSPfLcBXEjSp6cSujVMrj/f/26ZaP99tD99kfFA0kBqm5ra', 'PoDned6Bn5', '0', 'UWlG7EqTChWRAHig4A2MlKDqo6z4xvuTG4WoOA93', 'false', '2020-04-18 10:11:57', '2020-04-18 10:11:57', NULL),
(645, 'miss imogene barton i', 'zpaucek@example.com', '$2y$10$PuxEcfJSPfLcBXEjSp6cSujVMrj/f/26ZaP99tD99kfFA0kBqm5ra', '6I2WvKeeQf', '1', NULL, 'false', '2020-04-18 10:11:57', '2020-04-18 10:11:57', NULL),
(646, 'mr. paris osinski v', 'albertha.lynch@example.net', '$2y$10$PuxEcfJSPfLcBXEjSp6cSujVMrj/f/26ZaP99tD99kfFA0kBqm5ra', 'ZIN5OixwmN', '0', 'rKEW4cW310eJLV1Baf4vOoI8ECMbNJCCGODwZily', 'false', '2020-04-18 10:11:57', '2020-04-18 10:11:57', NULL),
(647, 'adelia sauer', 'roma55@example.org', '$2y$10$PuxEcfJSPfLcBXEjSp6cSujVMrj/f/26ZaP99tD99kfFA0kBqm5ra', 'mPKyumtWKZ', '0', 'PSQ2rhTumBSqmxFDTXs1FI3P1pCFAj9vFv5b0cKT', 'false', '2020-04-18 10:11:57', '2020-04-18 10:11:57', NULL),
(648, 'trevion klocko iv', 'leora.cole@example.com', '$2y$10$PuxEcfJSPfLcBXEjSp6cSujVMrj/f/26ZaP99tD99kfFA0kBqm5ra', 'MPP0PNGluX', '0', 'uVr4Ch5zdEGtZeGq6NXhvecBFYGil58BxAZjS0Qm', 'false', '2020-04-18 10:11:57', '2020-04-18 10:11:57', NULL),
(649, 'mitchel abernathy', 'phoebe01@example.com', '$2y$10$PuxEcfJSPfLcBXEjSp6cSujVMrj/f/26ZaP99tD99kfFA0kBqm5ra', 'iejpEHGDjn', '1', NULL, 'false', '2020-04-18 10:11:57', '2020-04-18 10:11:57', NULL),
(650, 'prof. rollin gorczany', 'hwolff@example.com', '$2y$10$PuxEcfJSPfLcBXEjSp6cSujVMrj/f/26ZaP99tD99kfFA0kBqm5ra', 'ClHzRMOj58', '1', NULL, 'false', '2020-04-18 10:11:57', '2020-04-18 10:11:57', NULL),
(651, 'meagan brakus i', 'rico.kshlerin@example.com', '$2y$10$PuxEcfJSPfLcBXEjSp6cSujVMrj/f/26ZaP99tD99kfFA0kBqm5ra', 'wx10f7d8ZU', '1', NULL, 'false', '2020-04-18 10:11:57', '2020-04-18 10:11:57', NULL),
(652, 'king gerhold', 'lee81@example.org', '$2y$10$PuxEcfJSPfLcBXEjSp6cSujVMrj/f/26ZaP99tD99kfFA0kBqm5ra', 'c3T1T1RKqD', '1', NULL, 'false', '2020-04-18 10:11:57', '2020-04-18 10:11:57', NULL),
(653, 'yoshiko jacobi', 'kali04@example.com', '$2y$10$PuxEcfJSPfLcBXEjSp6cSujVMrj/f/26ZaP99tD99kfFA0kBqm5ra', '6OqIGWHQer', '0', 'Bk8q5Z5jUIf87v7f8TU9lYemEersHRNgChJIn9M2', 'false', '2020-04-18 10:11:57', '2020-04-18 10:11:57', NULL),
(654, 'prof. brice considine dvm', 'deron.kemmer@example.com', '$2y$10$PuxEcfJSPfLcBXEjSp6cSujVMrj/f/26ZaP99tD99kfFA0kBqm5ra', 'BRceLjcjZY', '1', NULL, 'false', '2020-04-18 10:11:57', '2020-04-18 10:11:57', NULL),
(655, 'rosanna bayer', 'fidel65@example.net', '$2y$10$PuxEcfJSPfLcBXEjSp6cSujVMrj/f/26ZaP99tD99kfFA0kBqm5ra', 'oOdQXINqHB', '0', '9EFsI83RiQpM2eiAeOdNuW2Jjhk2S1Jv9hIpnTeY', 'false', '2020-04-18 10:11:57', '2020-04-18 10:11:57', NULL),
(656, 'dr. brooke erdman', 'sschimmel@example.net', '$2y$10$PuxEcfJSPfLcBXEjSp6cSujVMrj/f/26ZaP99tD99kfFA0kBqm5ra', 'EDcOaJSu0Q', '1', NULL, 'false', '2020-04-18 10:11:57', '2020-04-18 10:11:57', NULL),
(657, 'louie orn', 'maude.stiedemann@example.com', '$2y$10$PuxEcfJSPfLcBXEjSp6cSujVMrj/f/26ZaP99tD99kfFA0kBqm5ra', '6Ee6hLNDeG', '0', 'alpUrmDLt7AKb3xzLTw9TgbsvfG3YZj80qnaqeBI', 'false', '2020-04-18 10:11:57', '2020-04-18 10:11:57', NULL),
(658, 'elyssa ondricka', 'freddie60@example.net', '$2y$10$PuxEcfJSPfLcBXEjSp6cSujVMrj/f/26ZaP99tD99kfFA0kBqm5ra', 'BUgpCgaxOU', '0', 'zqEeu188DfHqFpbAcSZ2n6HLoC3UKuuha4n0jfoa', 'false', '2020-04-18 10:11:57', '2020-04-18 10:11:57', NULL),
(659, 'reanna krajcik', 'douglas.carli@example.com', '$2y$10$PuxEcfJSPfLcBXEjSp6cSujVMrj/f/26ZaP99tD99kfFA0kBqm5ra', 'OrTGbdFTld', '0', '4pljyQCGKfeZu4U8xWkEYNex0HKTKGvMLMildguJ', 'false', '2020-04-18 10:11:57', '2020-04-18 10:11:57', NULL),
(660, 'jalon turner jr.', 'annabelle37@example.com', '$2y$10$PuxEcfJSPfLcBXEjSp6cSujVMrj/f/26ZaP99tD99kfFA0kBqm5ra', 'i4wyo7vfps', '1', NULL, 'false', '2020-04-18 10:11:57', '2020-04-18 10:11:57', NULL),
(661, 'marco beer iv', 'immanuel.fisher@example.net', '$2y$10$PuxEcfJSPfLcBXEjSp6cSujVMrj/f/26ZaP99tD99kfFA0kBqm5ra', '3R6LpGt6Mu', '1', NULL, 'false', '2020-04-18 10:11:57', '2020-04-18 10:11:57', NULL),
(662, 'hilbert koepp', 'trantow.aaron@example.net', '$2y$10$PuxEcfJSPfLcBXEjSp6cSujVMrj/f/26ZaP99tD99kfFA0kBqm5ra', 'Y4MQawME1M', '0', 'K3psIfAICQ7u9y5eWBjAczcYTlU7fyGZCntP7cJW', 'false', '2020-04-18 10:11:57', '2020-04-18 10:11:57', NULL),
(663, 'frederick wisoky', 'yterry@example.com', '$2y$10$PuxEcfJSPfLcBXEjSp6cSujVMrj/f/26ZaP99tD99kfFA0kBqm5ra', '1DnzmddNTT', '1', NULL, 'false', '2020-04-18 10:11:57', '2020-04-18 10:11:57', NULL),
(664, 'madeline daugherty', 'alene.lebsack@example.com', '$2y$10$PuxEcfJSPfLcBXEjSp6cSujVMrj/f/26ZaP99tD99kfFA0kBqm5ra', 'Tb9vpBpljB', '0', 'A0090ydIMsyRjQN0RhYCcSUiqLuDyJzhw8uXmi0s', 'false', '2020-04-18 10:11:57', '2020-04-18 10:11:57', NULL),
(665, 'gavin treutel', 'oleta.altenwerth@example.com', '$2y$10$PuxEcfJSPfLcBXEjSp6cSujVMrj/f/26ZaP99tD99kfFA0kBqm5ra', 'MVsqDZeiuE', '0', 'Ajur5t3yR3QowaNd1boRyPGhdVzKBeGoS7ooL1um', 'false', '2020-04-18 10:11:57', '2020-04-18 10:11:57', NULL),
(666, 'donny cummerata', 'kaelyn95@example.org', '$2y$10$PuxEcfJSPfLcBXEjSp6cSujVMrj/f/26ZaP99tD99kfFA0kBqm5ra', 'OxlpYu3p5g', '1', NULL, 'false', '2020-04-18 10:11:57', '2020-04-18 10:11:57', NULL),
(667, 'dr. chance welch iii', 'homenick.thalia@example.net', '$2y$10$PuxEcfJSPfLcBXEjSp6cSujVMrj/f/26ZaP99tD99kfFA0kBqm5ra', '7wA8gqYqdL', '0', '1vqO8xUv0XtPY9kfn5D64nWiWwGyZc69W4kaHKIn', 'false', '2020-04-18 10:11:57', '2020-04-18 10:11:57', NULL),
(668, 'helen grant iv', 'myra.hickle@example.org', '$2y$10$PuxEcfJSPfLcBXEjSp6cSujVMrj/f/26ZaP99tD99kfFA0kBqm5ra', 'wGTbPvLUY7', '0', '8uJe0y0xlSfWz91Ne3hrZe3pu4qq1nAuuXLTUiYd', 'false', '2020-04-18 10:11:57', '2020-04-18 10:11:57', NULL),
(669, 'earl abshire', 'frami.sammie@example.org', '$2y$10$PuxEcfJSPfLcBXEjSp6cSujVMrj/f/26ZaP99tD99kfFA0kBqm5ra', 'QnGa5gyDXZ', '0', 'bEA43Re3is2D9T94uXUtvhLZKU5Op6uALbkRolqT', 'false', '2020-04-18 10:11:57', '2020-04-18 10:11:57', NULL),
(670, 'nathanial adams', 'jayce.cummerata@example.com', '$2y$10$PuxEcfJSPfLcBXEjSp6cSujVMrj/f/26ZaP99tD99kfFA0kBqm5ra', 'Dji9PTZ0wM', '1', NULL, 'false', '2020-04-18 10:11:57', '2020-04-18 10:11:57', NULL),
(671, 'lorenz olson', 'qheller@example.com', '$2y$10$PuxEcfJSPfLcBXEjSp6cSujVMrj/f/26ZaP99tD99kfFA0kBqm5ra', '6eRulOHgzR', '1', NULL, 'false', '2020-04-18 10:11:57', '2020-04-18 10:11:57', NULL),
(672, 'hilario blanda', 'bonita46@example.net', '$2y$10$PuxEcfJSPfLcBXEjSp6cSujVMrj/f/26ZaP99tD99kfFA0kBqm5ra', 'vvdfKdJ7wK', '1', NULL, 'false', '2020-04-18 10:11:57', '2020-04-18 10:11:57', NULL);
INSERT INTO `users` (`id`, `name`, `email`, `password`, `remember_token`, `verified`, `verification_token`, `admin`, `created_at`, `updated_at`, `deleted_at`) VALUES
(673, 'dr. louie schmitt', 'quitzon.randi@example.net', '$2y$10$PuxEcfJSPfLcBXEjSp6cSujVMrj/f/26ZaP99tD99kfFA0kBqm5ra', 'nCd9jI3ZKg', '1', NULL, 'false', '2020-04-18 10:11:57', '2020-04-18 10:11:57', NULL),
(674, 'orville moore', 'pearline69@example.com', '$2y$10$PuxEcfJSPfLcBXEjSp6cSujVMrj/f/26ZaP99tD99kfFA0kBqm5ra', '4CCQYoVWb6', '0', 'kjQoBeNke84977BKK6X36QansbMqXSgmZFWBAodb', 'false', '2020-04-18 10:11:57', '2020-04-18 10:11:57', NULL),
(675, 'claud wolff', 'anjali13@example.org', '$2y$10$PuxEcfJSPfLcBXEjSp6cSujVMrj/f/26ZaP99tD99kfFA0kBqm5ra', 'r7KOFOJmw7', '0', 'Z3cEeyRel4CEc3lqEcTQFxizo7fbP8dsK3N5pbdN', 'false', '2020-04-18 10:11:57', '2020-04-18 10:11:57', NULL),
(676, 'emerson o\'hara dvm', 'cronin.vincent@example.com', '$2y$10$PuxEcfJSPfLcBXEjSp6cSujVMrj/f/26ZaP99tD99kfFA0kBqm5ra', 'YwOCO3nzDS', '1', NULL, 'false', '2020-04-18 10:11:57', '2020-04-18 10:11:57', NULL),
(677, 'miss cleora kris iv', 'jailyn.wilderman@example.com', '$2y$10$PuxEcfJSPfLcBXEjSp6cSujVMrj/f/26ZaP99tD99kfFA0kBqm5ra', 'csvwJpeJ7m', '1', NULL, 'false', '2020-04-18 10:11:57', '2020-04-18 10:11:57', NULL),
(678, 'trinity toy', 'mlynch@example.org', '$2y$10$PuxEcfJSPfLcBXEjSp6cSujVMrj/f/26ZaP99tD99kfFA0kBqm5ra', 'hoFhY0GkAb', '0', '3VzWbEBiak1LQHnnMnBtfyQZQte0Iq8oQoMoNSWK', 'false', '2020-04-18 10:11:57', '2020-04-18 10:11:57', NULL),
(679, 'delores towne', 'swhite@example.com', '$2y$10$PuxEcfJSPfLcBXEjSp6cSujVMrj/f/26ZaP99tD99kfFA0kBqm5ra', 'WznqEujPLV', '0', '1U6oC5IvT8xnn8fyWUI66fzDGNLHYJejSv3trFwC', 'false', '2020-04-18 10:11:57', '2020-04-18 10:11:57', NULL),
(680, 'dr. josue harvey i', 'allen.spinka@example.org', '$2y$10$PuxEcfJSPfLcBXEjSp6cSujVMrj/f/26ZaP99tD99kfFA0kBqm5ra', 'syhm3b80oV', '1', NULL, 'false', '2020-04-18 10:11:57', '2020-04-18 10:11:57', NULL),
(681, 'jaqueline gutkowski', 'neal17@example.com', '$2y$10$PuxEcfJSPfLcBXEjSp6cSujVMrj/f/26ZaP99tD99kfFA0kBqm5ra', 'wiOlGfyTpa', '1', NULL, 'false', '2020-04-18 10:11:57', '2020-04-18 10:11:57', NULL),
(682, 'mrs. pattie wehner dds', 'michele.hickle@example.com', '$2y$10$PuxEcfJSPfLcBXEjSp6cSujVMrj/f/26ZaP99tD99kfFA0kBqm5ra', 'NbDDhhzTm6', '1', NULL, 'false', '2020-04-18 10:11:57', '2020-04-18 10:11:57', NULL),
(683, 'jaeden deckow', 'buck64@example.net', '$2y$10$PuxEcfJSPfLcBXEjSp6cSujVMrj/f/26ZaP99tD99kfFA0kBqm5ra', 'NB6pRe26kO', '0', 'MoxjoTZqjTWm8zSQsJwPMuakpkTxDpft2wvwAOoF', 'false', '2020-04-18 10:11:57', '2020-04-18 10:11:57', NULL),
(684, 'rene stracke', 'coralie.ledner@example.net', '$2y$10$PuxEcfJSPfLcBXEjSp6cSujVMrj/f/26ZaP99tD99kfFA0kBqm5ra', 'p4tDFN1ZtD', '1', NULL, 'false', '2020-04-18 10:11:57', '2020-04-18 10:11:57', NULL),
(685, 'brenda marvin', 'doyle.emil@example.com', '$2y$10$PuxEcfJSPfLcBXEjSp6cSujVMrj/f/26ZaP99tD99kfFA0kBqm5ra', 'v5WpRozce5', '1', NULL, 'false', '2020-04-18 10:11:57', '2020-04-18 10:11:57', NULL),
(686, 'stephania prohaska', 'maybelle59@example.org', '$2y$10$PuxEcfJSPfLcBXEjSp6cSujVMrj/f/26ZaP99tD99kfFA0kBqm5ra', '4SVLNLFy3q', '1', NULL, 'false', '2020-04-18 10:11:57', '2020-04-18 10:11:57', NULL),
(687, 'ms. anjali wilkinson', 'kerluke.petra@example.net', '$2y$10$PuxEcfJSPfLcBXEjSp6cSujVMrj/f/26ZaP99tD99kfFA0kBqm5ra', 'G9Zaj7Bk4a', '1', NULL, 'false', '2020-04-18 10:11:57', '2020-04-18 10:11:57', NULL),
(688, 'jamarcus upton', 'oberbrunner.jamey@example.com', '$2y$10$PuxEcfJSPfLcBXEjSp6cSujVMrj/f/26ZaP99tD99kfFA0kBqm5ra', 'EfAUvoqhS0', '0', 'HPZDJ9CgUEAdRMMIEGFbYwC8LkRKHkzN6okACs9G', 'false', '2020-04-18 10:11:57', '2020-04-18 10:11:57', NULL),
(689, 'mrs. roslyn turner sr.', 'effertz.orville@example.net', '$2y$10$PuxEcfJSPfLcBXEjSp6cSujVMrj/f/26ZaP99tD99kfFA0kBqm5ra', 'YVLJrtDe3K', '1', NULL, 'false', '2020-04-18 10:11:57', '2020-04-18 10:11:57', NULL),
(690, 'tillman dibbert', 'mzboncak@example.com', '$2y$10$PuxEcfJSPfLcBXEjSp6cSujVMrj/f/26ZaP99tD99kfFA0kBqm5ra', 'dVwyoqm3zh', '0', 'GuPzAjZvoZ4WVd7WmCpzyesBeHHMvkL3bC07hkB7', 'false', '2020-04-18 10:11:57', '2020-04-18 10:11:57', NULL),
(691, 'holly strosin', 'cartwright.mack@example.org', '$2y$10$PuxEcfJSPfLcBXEjSp6cSujVMrj/f/26ZaP99tD99kfFA0kBqm5ra', 'Pr5DuZjcSC', '1', NULL, 'false', '2020-04-18 10:11:57', '2020-04-18 10:11:57', NULL),
(692, 'carley gutkowski phd', 'lew76@example.org', '$2y$10$PuxEcfJSPfLcBXEjSp6cSujVMrj/f/26ZaP99tD99kfFA0kBqm5ra', 'ditnpzLMdC', '1', NULL, 'false', '2020-04-18 10:11:57', '2020-04-18 10:11:57', NULL),
(693, 'ray dickinson', 'liam22@example.org', '$2y$10$PuxEcfJSPfLcBXEjSp6cSujVMrj/f/26ZaP99tD99kfFA0kBqm5ra', '8k9zNKIYHL', '0', 'hFvsmOFD0nbk1SePwS7r9rW3Lkcxfm4WsRdroeFC', 'false', '2020-04-18 10:11:57', '2020-04-18 10:11:57', NULL),
(694, 'prof. trystan schulist phd', 'helena.wolff@example.org', '$2y$10$PuxEcfJSPfLcBXEjSp6cSujVMrj/f/26ZaP99tD99kfFA0kBqm5ra', 'uQGBfi0akB', '1', NULL, 'false', '2020-04-18 10:11:57', '2020-04-18 10:11:57', NULL),
(695, 'miracle balistreri i', 'bayer.emie@example.org', '$2y$10$PuxEcfJSPfLcBXEjSp6cSujVMrj/f/26ZaP99tD99kfFA0kBqm5ra', 'SKPF4dY1On', '0', 'NE2pwEFoBVNNIkcpJqBDF7ie8eUHJUzJdhAvYBV0', 'false', '2020-04-18 10:11:57', '2020-04-18 10:11:57', NULL),
(696, 'rubye wolff', 'lakin.darlene@example.com', '$2y$10$PuxEcfJSPfLcBXEjSp6cSujVMrj/f/26ZaP99tD99kfFA0kBqm5ra', '06MfBdJkMM', '0', 'tyInx79sM0O9sfovYn8KIDa8EA2YSpDkoicK6gbM', 'false', '2020-04-18 10:11:57', '2020-04-18 10:11:57', NULL),
(697, 'colby gutmann v', 'blick.sabrina@example.com', '$2y$10$PuxEcfJSPfLcBXEjSp6cSujVMrj/f/26ZaP99tD99kfFA0kBqm5ra', 'dArHcYAPPk', '1', NULL, 'false', '2020-04-18 10:11:57', '2020-04-18 10:11:57', NULL),
(698, 'prof. alverta zulauf v', 'jeramy.hammes@example.com', '$2y$10$PuxEcfJSPfLcBXEjSp6cSujVMrj/f/26ZaP99tD99kfFA0kBqm5ra', 'YEMKi5oxmy', '1', NULL, 'false', '2020-04-18 10:11:57', '2020-04-18 10:11:57', NULL),
(699, 'dr. jovany mayert ii', 'merl.bechtelar@example.net', '$2y$10$PuxEcfJSPfLcBXEjSp6cSujVMrj/f/26ZaP99tD99kfFA0kBqm5ra', 'QCwE8vnREr', '0', 'zSbPyGqYL20CeTnsiEqeiUnjP5VM97HWoRPhCoBn', 'false', '2020-04-18 10:11:57', '2020-04-18 10:11:57', NULL),
(700, 'prof. vernie heathcote', 'schuppe.carmela@example.com', '$2y$10$PuxEcfJSPfLcBXEjSp6cSujVMrj/f/26ZaP99tD99kfFA0kBqm5ra', 'g5jnsoappY', '0', 'rJ0AwF0AIk06B8mEwmkKxE3By2kcFNgKhigdmeFu', 'false', '2020-04-18 10:11:57', '2020-04-18 10:11:57', NULL),
(701, 'benjamin aufderhar', 'tevin03@example.org', '$2y$10$PuxEcfJSPfLcBXEjSp6cSujVMrj/f/26ZaP99tD99kfFA0kBqm5ra', 'e1VeonMk7p', '0', 'wkjUqLCqMlRiRSwhEj22H8N0wr9ap2aVYCrCOp90', 'false', '2020-04-18 10:11:57', '2020-04-18 10:11:57', NULL),
(702, 'mr. jefferey jerde ii', 'jeffrey05@example.net', '$2y$10$PuxEcfJSPfLcBXEjSp6cSujVMrj/f/26ZaP99tD99kfFA0kBqm5ra', '47f9sV6csF', '0', 'zfMXzSXwBrbfzPaXn1RDgbg4ZYxucoNlHQwzal3B', 'false', '2020-04-18 10:11:57', '2020-04-18 10:11:57', NULL),
(703, 'imogene stracke', 'grant.schuppe@example.com', '$2y$10$PuxEcfJSPfLcBXEjSp6cSujVMrj/f/26ZaP99tD99kfFA0kBqm5ra', 'ge3dJrNL8H', '0', 'AGVSfGD3LVz7AtdEdyI4gM35XxDGOg8TomGRewhj', 'false', '2020-04-18 10:11:57', '2020-04-18 10:11:57', NULL),
(704, 'mr. hector collins jr.', 'ashlynn34@example.net', '$2y$10$PuxEcfJSPfLcBXEjSp6cSujVMrj/f/26ZaP99tD99kfFA0kBqm5ra', 'AiKmuP0eOJ', '1', NULL, 'false', '2020-04-18 10:11:57', '2020-04-18 10:11:57', NULL),
(705, 'lavonne heidenreich', 'zquigley@example.org', '$2y$10$PuxEcfJSPfLcBXEjSp6cSujVMrj/f/26ZaP99tD99kfFA0kBqm5ra', 'UqOwf9Eq68', '1', NULL, 'false', '2020-04-18 10:11:57', '2020-04-18 10:11:57', NULL),
(706, 'miss esperanza o\'conner', 'gregorio03@example.net', '$2y$10$PuxEcfJSPfLcBXEjSp6cSujVMrj/f/26ZaP99tD99kfFA0kBqm5ra', 'OL8JFv0cH8', '1', NULL, 'false', '2020-04-18 10:11:57', '2020-04-18 10:11:57', NULL),
(707, 'mara bernier', 'muller.emil@example.org', '$2y$10$PuxEcfJSPfLcBXEjSp6cSujVMrj/f/26ZaP99tD99kfFA0kBqm5ra', '5ETslA4yz2', '1', NULL, 'false', '2020-04-18 10:11:57', '2020-04-18 10:11:57', NULL),
(708, 'richard murazik', 'kovacek.jeramy@example.net', '$2y$10$PuxEcfJSPfLcBXEjSp6cSujVMrj/f/26ZaP99tD99kfFA0kBqm5ra', '63rbXrJOzC', '0', 'CXu5Q7dtBOb9nfiTfWaVLL6fyfPFwjfX8eG0YqzM', 'false', '2020-04-18 10:11:57', '2020-04-18 10:11:57', NULL),
(709, 'ms. kayla collins', 'lacy17@example.org', '$2y$10$PuxEcfJSPfLcBXEjSp6cSujVMrj/f/26ZaP99tD99kfFA0kBqm5ra', 'BkrrGdQjNR', '1', NULL, 'false', '2020-04-18 10:11:57', '2020-04-18 10:11:57', NULL),
(710, 'prof. clarissa bayer ii', 'winston82@example.org', '$2y$10$PuxEcfJSPfLcBXEjSp6cSujVMrj/f/26ZaP99tD99kfFA0kBqm5ra', 'mWI6MUMM37', '1', NULL, 'false', '2020-04-18 10:11:57', '2020-04-18 10:11:57', NULL),
(711, 'dedric rowe', 'collins.henriette@example.org', '$2y$10$PuxEcfJSPfLcBXEjSp6cSujVMrj/f/26ZaP99tD99kfFA0kBqm5ra', 'yit6Cd6fvM', '1', NULL, 'false', '2020-04-18 10:11:57', '2020-04-18 10:11:57', NULL),
(712, 'kathryne spinka', 'jast.malcolm@example.org', '$2y$10$PuxEcfJSPfLcBXEjSp6cSujVMrj/f/26ZaP99tD99kfFA0kBqm5ra', 'nneEi1RjB1', '0', 'ZGoIA071M3xtUPBhHvBxyitkcKEvE9R07snyBvQl', 'false', '2020-04-18 10:11:57', '2020-04-18 10:11:57', NULL),
(713, 'joanie keeling', 'zflatley@example.org', '$2y$10$PuxEcfJSPfLcBXEjSp6cSujVMrj/f/26ZaP99tD99kfFA0kBqm5ra', 'S0iDCBtmnh', '0', 'A6oVD7iKMiHq3pY0WpS4Zq8g3nLHUfoUQ30t4I3q', 'false', '2020-04-18 10:11:57', '2020-04-18 10:11:57', NULL),
(714, 'jessie lueilwitz', 'wehner.ernest@example.com', '$2y$10$PuxEcfJSPfLcBXEjSp6cSujVMrj/f/26ZaP99tD99kfFA0kBqm5ra', 'PNvmrLoDCL', '0', 'aDnOL2UQDiLzDnahe43RG3xj2zg1LcIM0S36rNLC', 'false', '2020-04-18 10:11:57', '2020-04-18 10:11:57', NULL),
(715, 'payton bode', 'dbecker@example.org', '$2y$10$PuxEcfJSPfLcBXEjSp6cSujVMrj/f/26ZaP99tD99kfFA0kBqm5ra', 'aupWiZD39s', '1', NULL, 'false', '2020-04-18 10:11:57', '2020-04-18 10:11:57', NULL),
(716, 'freda sanford', 'cpagac@example.org', '$2y$10$PuxEcfJSPfLcBXEjSp6cSujVMrj/f/26ZaP99tD99kfFA0kBqm5ra', 'Fm3pYbpwuz', '0', '464pHWWqOCpwp0KtKGa3RfprEEwF1KIlS0B1jBKW', 'false', '2020-04-18 10:11:57', '2020-04-18 10:11:57', NULL),
(717, 'dwight keeling', 'considine.jocelyn@example.net', '$2y$10$PuxEcfJSPfLcBXEjSp6cSujVMrj/f/26ZaP99tD99kfFA0kBqm5ra', '9dPXYK47Rh', '1', NULL, 'false', '2020-04-18 10:11:57', '2020-04-18 10:11:57', NULL),
(718, 'carli quitzon', 'zhansen@example.net', '$2y$10$PuxEcfJSPfLcBXEjSp6cSujVMrj/f/26ZaP99tD99kfFA0kBqm5ra', 'rxwT7fcgxw', '1', NULL, 'false', '2020-04-18 10:11:57', '2020-04-18 10:11:57', NULL),
(719, 'kariane breitenberg', 'macejkovic.adam@example.net', '$2y$10$PuxEcfJSPfLcBXEjSp6cSujVMrj/f/26ZaP99tD99kfFA0kBqm5ra', '1kIJhmwng7', '0', 'N8kjNGnyo0zkjpLW6ainYuitwkRNbEcnhqLrc84o', 'false', '2020-04-18 10:11:57', '2020-04-18 10:11:57', NULL),
(720, 'paris reilly', 'dalton72@example.com', '$2y$10$PuxEcfJSPfLcBXEjSp6cSujVMrj/f/26ZaP99tD99kfFA0kBqm5ra', 'a2rbj7iX4S', '1', NULL, 'false', '2020-04-18 10:11:57', '2020-04-18 10:11:57', NULL),
(721, 'kris nolan', 'prosacco.maritza@example.com', '$2y$10$PuxEcfJSPfLcBXEjSp6cSujVMrj/f/26ZaP99tD99kfFA0kBqm5ra', 'OvXrQPHwmx', '0', 'cJzZL8XmMUrJ2QZAxnOLpAQ2ivHUhGNV6Rau9dax', 'false', '2020-04-18 10:11:57', '2020-04-18 10:11:57', NULL),
(722, 'prof. else von', 'emmerich.sherman@example.net', '$2y$10$PuxEcfJSPfLcBXEjSp6cSujVMrj/f/26ZaP99tD99kfFA0kBqm5ra', 'kgP7jQ7aOX', '0', 'QR7lZPualR1le1cKLLSUb0RmzrZjulmVFuVyOn9l', 'false', '2020-04-18 10:11:57', '2020-04-18 10:11:57', NULL),
(723, 'dr. ross johnson jr.', 'jeramy.klocko@example.com', '$2y$10$PuxEcfJSPfLcBXEjSp6cSujVMrj/f/26ZaP99tD99kfFA0kBqm5ra', 'ThgN9stdgx', '0', 'tAgc69nEcpOMZvnMslEfPi4G2CKMHTOUNMoLObSJ', 'false', '2020-04-18 10:11:57', '2020-04-18 10:11:57', NULL),
(724, 'scot schaefer phd', 'kunze.kurt@example.com', '$2y$10$PuxEcfJSPfLcBXEjSp6cSujVMrj/f/26ZaP99tD99kfFA0kBqm5ra', '0ADAZtsa7R', '1', NULL, 'false', '2020-04-18 10:11:57', '2020-04-18 10:11:57', NULL),
(725, 'claude krajcik', 'ransom.pacocha@example.com', '$2y$10$PuxEcfJSPfLcBXEjSp6cSujVMrj/f/26ZaP99tD99kfFA0kBqm5ra', 'ntdse1vj8e', '1', NULL, 'false', '2020-04-18 10:11:57', '2020-04-18 10:11:57', NULL),
(726, 'kody kutch jr.', 'bartholome69@example.com', '$2y$10$PuxEcfJSPfLcBXEjSp6cSujVMrj/f/26ZaP99tD99kfFA0kBqm5ra', 'Km30Or4Fol', '0', 'FrjDXyE2xrZpbPBS87BqAf1uaZHNMrCnmz5E4nhE', 'false', '2020-04-18 10:11:57', '2020-04-18 10:11:57', NULL),
(727, 'raina gutmann', 'joshua44@example.net', '$2y$10$PuxEcfJSPfLcBXEjSp6cSujVMrj/f/26ZaP99tD99kfFA0kBqm5ra', 'D5m98erbiX', '0', 'Qa77yYI6wrEtBlvKatwXfxU8dRWRz0bQvny5jZ92', 'false', '2020-04-18 10:11:57', '2020-04-18 10:11:57', NULL),
(728, 'cooper king', 'ferne.erdman@example.org', '$2y$10$PuxEcfJSPfLcBXEjSp6cSujVMrj/f/26ZaP99tD99kfFA0kBqm5ra', 'SKBF6XXg5O', '1', NULL, 'false', '2020-04-18 10:11:57', '2020-04-18 10:11:57', NULL),
(729, 'orpha marquardt', 'luettgen.holly@example.org', '$2y$10$PuxEcfJSPfLcBXEjSp6cSujVMrj/f/26ZaP99tD99kfFA0kBqm5ra', 'vw9GWvJS1t', '1', NULL, 'false', '2020-04-18 10:11:57', '2020-04-18 10:11:57', NULL),
(730, 'london rohan v', 'xgoyette@example.org', '$2y$10$PuxEcfJSPfLcBXEjSp6cSujVMrj/f/26ZaP99tD99kfFA0kBqm5ra', 'xKJXmSUIIm', '0', 'M4eYT9M4jCESPghJIWAZrZoROLUf61iH7wzDTBxY', 'false', '2020-04-18 10:11:57', '2020-04-18 10:11:57', NULL),
(731, 'prof. bonita wiegand phd', 'frederique.yost@example.com', '$2y$10$PuxEcfJSPfLcBXEjSp6cSujVMrj/f/26ZaP99tD99kfFA0kBqm5ra', 'kiqsm8Do6G', '0', 'Sl6wfoao2189RbcBL9vIva8jn6pjtJqX5uOQ4FXp', 'false', '2020-04-18 10:11:57', '2020-04-18 10:11:57', NULL),
(732, 'micaela zieme', 'wswaniawski@example.org', '$2y$10$PuxEcfJSPfLcBXEjSp6cSujVMrj/f/26ZaP99tD99kfFA0kBqm5ra', 'k5CnkQovqL', '0', 'Z9UFZzyxKpjm9zc18Ct66xPmmnHPJrqYcx97dzNV', 'false', '2020-04-18 10:11:57', '2020-04-18 10:11:57', NULL),
(733, 'davonte johnston', 'walker.shirley@example.com', '$2y$10$PuxEcfJSPfLcBXEjSp6cSujVMrj/f/26ZaP99tD99kfFA0kBqm5ra', '837sPMY1c4', '1', NULL, 'false', '2020-04-18 10:11:57', '2020-04-18 10:11:57', NULL),
(734, 'walker walker', 'hettinger.albertha@example.org', '$2y$10$PuxEcfJSPfLcBXEjSp6cSujVMrj/f/26ZaP99tD99kfFA0kBqm5ra', 'tV3FDYYh9a', '1', NULL, 'false', '2020-04-18 10:11:57', '2020-04-18 10:11:57', NULL),
(735, 'orlo beer', 'golda.jaskolski@example.org', '$2y$10$PuxEcfJSPfLcBXEjSp6cSujVMrj/f/26ZaP99tD99kfFA0kBqm5ra', 'ble08Ky8C5', '0', 'xXyCGWHvifCt8kN4C4vyTcLZ9NsL1NsC7OyE541D', 'false', '2020-04-18 10:11:57', '2020-04-18 10:11:57', NULL),
(736, 'janessa mante', 'jonatan.haag@example.com', '$2y$10$PuxEcfJSPfLcBXEjSp6cSujVMrj/f/26ZaP99tD99kfFA0kBqm5ra', 'dnysRHaiAp', '1', NULL, 'false', '2020-04-18 10:11:57', '2020-04-18 10:11:57', NULL),
(737, 'joshua beatty sr.', 'giovanny.hirthe@example.org', '$2y$10$PuxEcfJSPfLcBXEjSp6cSujVMrj/f/26ZaP99tD99kfFA0kBqm5ra', 'jkFGCybENv', '1', NULL, 'false', '2020-04-18 10:11:57', '2020-04-18 10:11:57', NULL),
(738, 'nina haag dvm', 'britchie@example.com', '$2y$10$PuxEcfJSPfLcBXEjSp6cSujVMrj/f/26ZaP99tD99kfFA0kBqm5ra', 'LOMYTqKrvQ', '1', NULL, 'false', '2020-04-18 10:11:57', '2020-04-18 10:11:57', NULL),
(739, 'dr. fernando stehr dds', 'ritchie.brooklyn@example.com', '$2y$10$PuxEcfJSPfLcBXEjSp6cSujVMrj/f/26ZaP99tD99kfFA0kBqm5ra', 'b6Gbmb1vmy', '1', NULL, 'false', '2020-04-18 10:11:57', '2020-04-18 10:11:57', NULL),
(740, 'dr. arnaldo christiansen', 'rodriguez.levi@example.com', '$2y$10$PuxEcfJSPfLcBXEjSp6cSujVMrj/f/26ZaP99tD99kfFA0kBqm5ra', 'gf03VzL05o', '1', NULL, 'false', '2020-04-18 10:11:57', '2020-04-18 10:11:57', NULL),
(741, 'velma haley', 'beatty.giovanni@example.com', '$2y$10$PuxEcfJSPfLcBXEjSp6cSujVMrj/f/26ZaP99tD99kfFA0kBqm5ra', 'OAX1BoBKBi', '1', NULL, 'false', '2020-04-18 10:11:57', '2020-04-18 10:11:57', NULL),
(742, 'ray ankunding sr.', 'gavin94@example.org', '$2y$10$PuxEcfJSPfLcBXEjSp6cSujVMrj/f/26ZaP99tD99kfFA0kBqm5ra', 'BCgKR9iWGU', '0', '6CfRRBsRfgj4tGJ075N1yw9HrgISjNxmquleZSMH', 'false', '2020-04-18 10:11:57', '2020-04-18 10:11:57', NULL),
(743, 'molly doyle', 'wturner@example.com', '$2y$10$PuxEcfJSPfLcBXEjSp6cSujVMrj/f/26ZaP99tD99kfFA0kBqm5ra', '7OlHjgItVF', '0', '8zb9bgyTGslaxTMQF696uTmRZKWm5vOwD5zsjp1a', 'false', '2020-04-18 10:11:57', '2020-04-18 10:11:57', NULL),
(744, 'prof. tyrique pollich i', 'ignacio15@example.org', '$2y$10$PuxEcfJSPfLcBXEjSp6cSujVMrj/f/26ZaP99tD99kfFA0kBqm5ra', 'Ojn0r2K4Aa', '0', 'aIInhDUdbPk9qhNuUdT1xIQXknDzCDcI6LM3NOeV', 'false', '2020-04-18 10:11:57', '2020-04-18 10:11:57', NULL),
(745, 'kade zemlak', 'bbailey@example.com', '$2y$10$PuxEcfJSPfLcBXEjSp6cSujVMrj/f/26ZaP99tD99kfFA0kBqm5ra', 'QkLEk5w5ti', '0', '2nqkGc4GDKOQip5enNUHonzpurAcyWKLmrWbuRLk', 'false', '2020-04-18 10:11:57', '2020-04-18 10:11:57', NULL),
(746, 'ellen o\'reilly', 'jaylin40@example.net', '$2y$10$PuxEcfJSPfLcBXEjSp6cSujVMrj/f/26ZaP99tD99kfFA0kBqm5ra', 'onllbxFvje', '0', 'dBMOgHdDNyNYhoX8WrZ79I09yqzwXBo3v69u6vOb', 'false', '2020-04-18 10:11:57', '2020-04-18 10:11:57', NULL),
(747, 'trevion fadel', 'nathaniel.mccullough@example.org', '$2y$10$PuxEcfJSPfLcBXEjSp6cSujVMrj/f/26ZaP99tD99kfFA0kBqm5ra', 'ZCzQNHSLkw', '1', NULL, 'false', '2020-04-18 10:11:57', '2020-04-18 10:11:57', NULL),
(748, 'joey haley', 'christ82@example.net', '$2y$10$PuxEcfJSPfLcBXEjSp6cSujVMrj/f/26ZaP99tD99kfFA0kBqm5ra', 'BbofpSV24O', '1', NULL, 'false', '2020-04-18 10:11:57', '2020-04-18 10:11:57', NULL),
(749, 'ned marvin', 'zcarter@example.com', '$2y$10$PuxEcfJSPfLcBXEjSp6cSujVMrj/f/26ZaP99tD99kfFA0kBqm5ra', 'w1YfUM5IvN', '0', 'jikTH005f0ORxNqoFNO0Cl4m3VXzrSHFvfqDo3YW', 'false', '2020-04-18 10:11:57', '2020-04-18 10:11:57', NULL),
(750, 'demetrius thiel', 'ybogan@example.com', '$2y$10$PuxEcfJSPfLcBXEjSp6cSujVMrj/f/26ZaP99tD99kfFA0kBqm5ra', 'aOAe6TVMI3', '0', 'yRj5nyNXV3EILMuQF8cK461zw1256br8LI4GFxEL', 'false', '2020-04-18 10:11:57', '2020-04-18 10:11:57', NULL),
(751, 'tatum dietrich', 'unique.stark@example.com', '$2y$10$PuxEcfJSPfLcBXEjSp6cSujVMrj/f/26ZaP99tD99kfFA0kBqm5ra', 'Ybj933kW8M', '0', 'bHgoAYml9ZADWb0qxbDTBok1qJ6iVLjdhvj44Oiv', 'false', '2020-04-18 10:11:57', '2020-04-18 10:11:57', NULL),
(752, 'jettie wisoky', 'wehner.vernie@example.com', '$2y$10$PuxEcfJSPfLcBXEjSp6cSujVMrj/f/26ZaP99tD99kfFA0kBqm5ra', 'w5SvnevTsF', '0', 'B2bgN1swIhq5YIKfL4Rz0NneNal52IGPYK6IHuJU', 'false', '2020-04-18 10:11:57', '2020-04-18 10:11:57', NULL),
(753, 'spencer pfannerstill', 'btreutel@example.com', '$2y$10$PuxEcfJSPfLcBXEjSp6cSujVMrj/f/26ZaP99tD99kfFA0kBqm5ra', 'uv0b2WEnNp', '0', '1zp5mLMYwyrF98NmzGnlwoNpeutoY9btGgGmcPdK', 'false', '2020-04-18 10:11:57', '2020-04-18 10:11:57', NULL),
(754, 'reginald stanton', 'matilda98@example.org', '$2y$10$PuxEcfJSPfLcBXEjSp6cSujVMrj/f/26ZaP99tD99kfFA0kBqm5ra', 'zE8jy135ir', '1', NULL, 'false', '2020-04-18 10:11:57', '2020-04-18 10:11:57', NULL),
(755, 'dr. randal ferry sr.', 'bergstrom.norbert@example.com', '$2y$10$PuxEcfJSPfLcBXEjSp6cSujVMrj/f/26ZaP99tD99kfFA0kBqm5ra', 'WWhblzhzy9', '0', 'ck2DD4V3cKr9dke72RMqYuo93c9lS6Yay7m8prIJ', 'false', '2020-04-18 10:11:57', '2020-04-18 10:11:57', NULL),
(756, 'iva bradtke sr.', 'frami.micaela@example.net', '$2y$10$PuxEcfJSPfLcBXEjSp6cSujVMrj/f/26ZaP99tD99kfFA0kBqm5ra', 'YSW4eJfw5B', '1', NULL, 'false', '2020-04-18 10:11:57', '2020-04-18 10:11:57', NULL),
(757, 'kelsi waters', 'dibbert.otis@example.com', '$2y$10$PuxEcfJSPfLcBXEjSp6cSujVMrj/f/26ZaP99tD99kfFA0kBqm5ra', '519sjvns3l', '0', 'YwS8ND8AHOA0itEDg6fay6Cv4sBVUX2LZ5yVdhRx', 'false', '2020-04-18 10:11:57', '2020-04-18 10:11:57', NULL),
(758, 'sylvia jast', 'bayer.melba@example.com', '$2y$10$PuxEcfJSPfLcBXEjSp6cSujVMrj/f/26ZaP99tD99kfFA0kBqm5ra', 'lOUNpzTeRr', '1', NULL, 'false', '2020-04-18 10:11:57', '2020-04-18 10:11:57', NULL),
(759, 'dr. jeffry wilkinson', 'mac69@example.org', '$2y$10$PuxEcfJSPfLcBXEjSp6cSujVMrj/f/26ZaP99tD99kfFA0kBqm5ra', 'XGSRMPR3Ly', '1', NULL, 'false', '2020-04-18 10:11:57', '2020-04-18 10:11:57', NULL),
(760, 'maiya ondricka iv', 'domenico59@example.org', '$2y$10$PuxEcfJSPfLcBXEjSp6cSujVMrj/f/26ZaP99tD99kfFA0kBqm5ra', 'e1mSrFrDXA', '1', NULL, 'false', '2020-04-18 10:11:57', '2020-04-18 10:11:57', NULL),
(761, 'thad baumbach', 'waters.nicolette@example.com', '$2y$10$PuxEcfJSPfLcBXEjSp6cSujVMrj/f/26ZaP99tD99kfFA0kBqm5ra', 'NLsX1Br3yd', '1', NULL, 'false', '2020-04-18 10:11:57', '2020-04-18 10:11:57', NULL),
(762, 'olen kunde', 'anne.jacobs@example.com', '$2y$10$PuxEcfJSPfLcBXEjSp6cSujVMrj/f/26ZaP99tD99kfFA0kBqm5ra', 'aOV1tFa53A', '0', '5UfNrrloND2muSlmvCbToOVjOy81w3xlCG2kb8JV', 'false', '2020-04-18 10:11:57', '2020-04-18 10:11:57', NULL),
(763, 'alexzander carter', 'eadams@example.net', '$2y$10$PuxEcfJSPfLcBXEjSp6cSujVMrj/f/26ZaP99tD99kfFA0kBqm5ra', '1NugmJKDYK', '1', NULL, 'false', '2020-04-18 10:11:57', '2020-04-18 10:11:57', NULL),
(764, 'greyson blanda', 'ondricka.katharina@example.net', '$2y$10$PuxEcfJSPfLcBXEjSp6cSujVMrj/f/26ZaP99tD99kfFA0kBqm5ra', 'VaAYI6VRjH', '0', 'qUPT1hxeM0Kuy74y5hi5rJVgw3oXoOCX6nkb3NJs', 'false', '2020-04-18 10:11:57', '2020-04-18 10:11:57', NULL),
(765, 'charles nader', 'annalise.hagenes@example.com', '$2y$10$PuxEcfJSPfLcBXEjSp6cSujVMrj/f/26ZaP99tD99kfFA0kBqm5ra', 'e9DYPa9hHI', '0', 'aw2O5wS4hOXnDOQuw9eGPBRxEi352wmbBRurFPsZ', 'false', '2020-04-18 10:11:57', '2020-04-18 10:11:57', NULL),
(766, 'karina gibson', 'mireille25@example.com', '$2y$10$PuxEcfJSPfLcBXEjSp6cSujVMrj/f/26ZaP99tD99kfFA0kBqm5ra', '4JdDCPr1Dt', '1', NULL, 'false', '2020-04-18 10:11:57', '2020-04-18 10:11:57', NULL),
(767, 'stephania o\'connell dds', 'hbuckridge@example.com', '$2y$10$PuxEcfJSPfLcBXEjSp6cSujVMrj/f/26ZaP99tD99kfFA0kBqm5ra', 'ThzMA8FvMX', '1', NULL, 'false', '2020-04-18 10:11:57', '2020-04-18 10:11:57', NULL),
(768, 'joel jacobson', 'daphney12@example.net', '$2y$10$PuxEcfJSPfLcBXEjSp6cSujVMrj/f/26ZaP99tD99kfFA0kBqm5ra', 'ej29ZPXzET', '1', NULL, 'false', '2020-04-18 10:11:57', '2020-04-18 10:11:57', NULL),
(769, 'joel barton', 'felton96@example.org', '$2y$10$PuxEcfJSPfLcBXEjSp6cSujVMrj/f/26ZaP99tD99kfFA0kBqm5ra', 'fNCAgRLGlZ', '0', 'e0JP90SnWCOoNBjvSM6dyJdWDopWwgi3KeXdzaQe', 'false', '2020-04-18 10:11:57', '2020-04-18 10:11:57', NULL),
(770, 'prof. valentin kuhic dvm', 'clyde07@example.org', '$2y$10$PuxEcfJSPfLcBXEjSp6cSujVMrj/f/26ZaP99tD99kfFA0kBqm5ra', 'EHOxK1SjJK', '0', 'x1ENLKbzFSmPbeXk3tsazbb11nMP7X23kSa83o65', 'false', '2020-04-18 10:11:57', '2020-04-18 10:11:57', NULL),
(771, 'mr. dennis huel', 'monte.lemke@example.net', '$2y$10$PuxEcfJSPfLcBXEjSp6cSujVMrj/f/26ZaP99tD99kfFA0kBqm5ra', 'BScyV5lx3c', '1', NULL, 'false', '2020-04-18 10:11:57', '2020-04-18 10:11:57', NULL),
(772, 'dr. ervin stanton', 'sabrina.blanda@example.com', '$2y$10$PuxEcfJSPfLcBXEjSp6cSujVMrj/f/26ZaP99tD99kfFA0kBqm5ra', 'ybmleksMjt', '0', 'ZsVGv8htNPYij0BQ4QQbmfnFBl8YJkuR3j99UZxG', 'false', '2020-04-18 10:11:57', '2020-04-18 10:11:57', NULL),
(773, 'alberto jaskolski', 'gutkowski.daija@example.com', '$2y$10$PuxEcfJSPfLcBXEjSp6cSujVMrj/f/26ZaP99tD99kfFA0kBqm5ra', 'beetFx4pp3', '0', 'k5vcEsmuvdvpA9g3dgDhhxuREbGl2LE5RmbbZQRz', 'false', '2020-04-18 10:11:57', '2020-04-18 10:11:57', NULL),
(774, 'burdette feeney', 'hill.leonardo@example.net', '$2y$10$PuxEcfJSPfLcBXEjSp6cSujVMrj/f/26ZaP99tD99kfFA0kBqm5ra', 'nARLx4ocx1', '0', 'zTbQQzAKLG6QK5SrPSQvW0Bz8By0tJMlHuGXjq4O', 'false', '2020-04-18 10:11:57', '2020-04-18 10:11:57', NULL),
(775, 'haley yost', 'boehm.destinee@example.org', '$2y$10$PuxEcfJSPfLcBXEjSp6cSujVMrj/f/26ZaP99tD99kfFA0kBqm5ra', 'yiyZUZVwpy', '1', NULL, 'false', '2020-04-18 10:11:57', '2020-04-18 10:11:57', NULL),
(776, 'ricky schuster', 'janae.corkery@example.org', '$2y$10$PuxEcfJSPfLcBXEjSp6cSujVMrj/f/26ZaP99tD99kfFA0kBqm5ra', 'nvQDCzpbTG', '0', 'vfvyrvRUPZ3OsQO40ZTlNMun0ZhA50pdo6NnJ9jF', 'false', '2020-04-18 10:11:57', '2020-04-18 10:11:57', NULL),
(777, 'maximillian stroman', 'schamberger.jennyfer@example.com', '$2y$10$PuxEcfJSPfLcBXEjSp6cSujVMrj/f/26ZaP99tD99kfFA0kBqm5ra', 'NaB3TpQQJW', '1', NULL, 'false', '2020-04-18 10:11:57', '2020-04-18 10:11:57', NULL),
(778, 'mr. jensen lueilwitz dds', 'ashtyn75@example.com', '$2y$10$PuxEcfJSPfLcBXEjSp6cSujVMrj/f/26ZaP99tD99kfFA0kBqm5ra', '5lamEC6bBz', '1', NULL, 'false', '2020-04-18 10:11:57', '2020-04-18 10:11:57', NULL),
(779, 'amani lesch', 'diego.brown@example.net', '$2y$10$PuxEcfJSPfLcBXEjSp6cSujVMrj/f/26ZaP99tD99kfFA0kBqm5ra', '8CceGbwcEO', '0', 'NS7rY0ZS5abRoscDAAJiXsZEQ71IwuDFGlR9SDiL', 'false', '2020-04-18 10:11:57', '2020-04-18 10:11:57', NULL),
(780, 'krystina hartmann', 'brenda.murazik@example.net', '$2y$10$PuxEcfJSPfLcBXEjSp6cSujVMrj/f/26ZaP99tD99kfFA0kBqm5ra', 'gCQ9ecI6mH', '0', 'WOiTVsXSpfjvmrUTuOOW5Kh1wkSjHfwvlHRla75L', 'false', '2020-04-18 10:11:57', '2020-04-18 10:11:57', NULL),
(781, 'breana spinka', 'joshua67@example.net', '$2y$10$PuxEcfJSPfLcBXEjSp6cSujVMrj/f/26ZaP99tD99kfFA0kBqm5ra', 'Pylps5KMD6', '1', NULL, 'false', '2020-04-18 10:11:57', '2020-04-18 10:11:57', NULL),
(782, 'ms. edyth vonrueden', 'gillian.toy@example.net', '$2y$10$PuxEcfJSPfLcBXEjSp6cSujVMrj/f/26ZaP99tD99kfFA0kBqm5ra', 'iTdg688Mbp', '1', NULL, 'false', '2020-04-18 10:11:57', '2020-04-18 10:11:57', NULL),
(783, 'deron roob', 'donnelly.damion@example.com', '$2y$10$PuxEcfJSPfLcBXEjSp6cSujVMrj/f/26ZaP99tD99kfFA0kBqm5ra', 'bZjntGip4Z', '1', NULL, 'false', '2020-04-18 10:11:57', '2020-04-18 10:11:57', NULL),
(784, 'madonna nicolas', 'rex.mitchell@example.net', '$2y$10$PuxEcfJSPfLcBXEjSp6cSujVMrj/f/26ZaP99tD99kfFA0kBqm5ra', '1v3dFoOXqp', '1', NULL, 'false', '2020-04-18 10:11:57', '2020-04-18 10:11:57', NULL),
(785, 'mrs. chaya bernhard jr.', 'nosinski@example.net', '$2y$10$PuxEcfJSPfLcBXEjSp6cSujVMrj/f/26ZaP99tD99kfFA0kBqm5ra', 'bYw716DF2U', '1', NULL, 'false', '2020-04-18 10:11:57', '2020-04-18 10:11:57', NULL),
(786, 'prof. markus russel sr.', 'morissette.brigitte@example.net', '$2y$10$PuxEcfJSPfLcBXEjSp6cSujVMrj/f/26ZaP99tD99kfFA0kBqm5ra', 'bsIcGAr5rC', '1', NULL, 'false', '2020-04-18 10:11:57', '2020-04-18 10:11:57', NULL),
(787, 'dr. savannah kub ii', 'ireichert@example.net', '$2y$10$PuxEcfJSPfLcBXEjSp6cSujVMrj/f/26ZaP99tD99kfFA0kBqm5ra', '4hBUU30VF5', '1', NULL, 'false', '2020-04-18 10:11:57', '2020-04-18 10:11:57', NULL),
(788, 'caterina barrows', 'pkunde@example.com', '$2y$10$PuxEcfJSPfLcBXEjSp6cSujVMrj/f/26ZaP99tD99kfFA0kBqm5ra', 'fDRLgPEJqx', '1', NULL, 'false', '2020-04-18 10:11:57', '2020-04-18 10:11:57', NULL),
(789, 'durward marquardt phd', 'paxton.barton@example.net', '$2y$10$PuxEcfJSPfLcBXEjSp6cSujVMrj/f/26ZaP99tD99kfFA0kBqm5ra', '9LV9cirRkY', '0', 'UXYurAy1jRUbbg32YEH2CV463cx1C7pjfZrlDkLj', 'false', '2020-04-18 10:11:57', '2020-04-18 10:11:57', NULL),
(790, 'della schmitt', 'leland21@example.org', '$2y$10$PuxEcfJSPfLcBXEjSp6cSujVMrj/f/26ZaP99tD99kfFA0kBqm5ra', 'n8OmFPodlQ', '1', NULL, 'false', '2020-04-18 10:11:57', '2020-04-18 10:11:57', NULL),
(791, 'vito conn', 'keenan.marquardt@example.com', '$2y$10$PuxEcfJSPfLcBXEjSp6cSujVMrj/f/26ZaP99tD99kfFA0kBqm5ra', 'FQ0xcw3KYs', '1', NULL, 'false', '2020-04-18 10:11:57', '2020-04-18 10:11:57', NULL),
(792, 'miss molly watsica i', 'kelly.hagenes@example.org', '$2y$10$PuxEcfJSPfLcBXEjSp6cSujVMrj/f/26ZaP99tD99kfFA0kBqm5ra', '7xDzbUPW9U', '0', 'pTZ6u8tiqbEm2eE585qoOOrhAXiK18QrlV6SbexB', 'false', '2020-04-18 10:11:57', '2020-04-18 10:11:57', NULL),
(793, 'fredrick treutel v', 'beer.amber@example.com', '$2y$10$PuxEcfJSPfLcBXEjSp6cSujVMrj/f/26ZaP99tD99kfFA0kBqm5ra', 'wdstZqgiHk', '0', 'LIxVukCiIeafYpgZmYl1BPKXF5E3QUqLK2Q2jrQH', 'false', '2020-04-18 10:11:57', '2020-04-18 10:11:57', NULL),
(794, 'nina schimmel', 'hrodriguez@example.com', '$2y$10$PuxEcfJSPfLcBXEjSp6cSujVMrj/f/26ZaP99tD99kfFA0kBqm5ra', 'YezsuoC7OA', '1', NULL, 'false', '2020-04-18 10:11:57', '2020-04-18 10:11:57', NULL),
(795, 'chance murazik ii', 'heathcote.gerhard@example.com', '$2y$10$PuxEcfJSPfLcBXEjSp6cSujVMrj/f/26ZaP99tD99kfFA0kBqm5ra', 'bjStzeOfCA', '0', '2RTWetHk19UPqkKgvlGYqSuV7ahkye41IR1dt3nl', 'false', '2020-04-18 10:11:57', '2020-04-18 10:11:57', NULL),
(796, 'cesar bauch', 'kjerde@example.net', '$2y$10$PuxEcfJSPfLcBXEjSp6cSujVMrj/f/26ZaP99tD99kfFA0kBqm5ra', 'HpHiAzyAH8', '0', 'HodU4Ib7CW3oOJutxdnaNEVLXavcZyEAxZJypQSu', 'false', '2020-04-18 10:11:57', '2020-04-18 10:11:57', NULL),
(797, 'devante toy', 'rowe.doris@example.net', '$2y$10$PuxEcfJSPfLcBXEjSp6cSujVMrj/f/26ZaP99tD99kfFA0kBqm5ra', 'BfevPLsgSM', '0', 'uh22tvlL6MGey4zztN4WLJCyMnX0a4BSlYjRYMNI', 'false', '2020-04-18 10:11:57', '2020-04-18 10:11:57', NULL),
(798, 'conner mcglynn', 'coleman.walsh@example.org', '$2y$10$PuxEcfJSPfLcBXEjSp6cSujVMrj/f/26ZaP99tD99kfFA0kBqm5ra', '8BPyDSHKsC', '0', 'ApnYVAboks01OsNGSsLk2Vr0J5vLwOS1fgpEiI7r', 'false', '2020-04-18 10:11:57', '2020-04-18 10:11:57', NULL),
(799, 'bria bruen dvm', 'thompson.brendan@example.org', '$2y$10$PuxEcfJSPfLcBXEjSp6cSujVMrj/f/26ZaP99tD99kfFA0kBqm5ra', 'RZzJhBWfZ4', '1', NULL, 'false', '2020-04-18 10:11:57', '2020-04-18 10:11:57', NULL),
(800, 'dakota bogan dds', 'lurline24@example.org', '$2y$10$PuxEcfJSPfLcBXEjSp6cSujVMrj/f/26ZaP99tD99kfFA0kBqm5ra', 'bfsQqRZp9o', '1', NULL, 'false', '2020-04-18 10:11:57', '2020-04-18 10:11:57', NULL),
(801, 'myrtie frami', 'alexander.ziemann@example.com', '$2y$10$PuxEcfJSPfLcBXEjSp6cSujVMrj/f/26ZaP99tD99kfFA0kBqm5ra', 'Uc8voSiE4R', '1', NULL, 'false', '2020-04-18 10:11:57', '2020-04-18 10:11:57', NULL),
(802, 'karson heaney', 'ndickens@example.org', '$2y$10$PuxEcfJSPfLcBXEjSp6cSujVMrj/f/26ZaP99tD99kfFA0kBqm5ra', 'tYibNYxugs', '1', NULL, 'false', '2020-04-18 10:11:57', '2020-04-18 10:11:57', NULL),
(803, 'roman boyer', 'mose.gusikowski@example.net', '$2y$10$PuxEcfJSPfLcBXEjSp6cSujVMrj/f/26ZaP99tD99kfFA0kBqm5ra', 'JGUMZtieM0', '1', NULL, 'false', '2020-04-18 10:11:57', '2020-04-18 10:11:57', NULL),
(804, 'dr. jamison heidenreich', 'wbashirian@example.net', '$2y$10$PuxEcfJSPfLcBXEjSp6cSujVMrj/f/26ZaP99tD99kfFA0kBqm5ra', 'uRQDDHIpb6', '1', NULL, 'false', '2020-04-18 10:11:57', '2020-04-18 10:11:57', NULL),
(805, 'gertrude blick', 'weissnat.alda@example.org', '$2y$10$PuxEcfJSPfLcBXEjSp6cSujVMrj/f/26ZaP99tD99kfFA0kBqm5ra', 'bMWkSC2YYS', '0', 'Un7bnAldbqXAZCoqTBPAcFHZ9oXVxS5XdF2kduSC', 'false', '2020-04-18 10:11:57', '2020-04-18 10:11:57', NULL),
(806, 'adelia jakubowski', 'martina45@example.org', '$2y$10$PuxEcfJSPfLcBXEjSp6cSujVMrj/f/26ZaP99tD99kfFA0kBqm5ra', 'rNR78ICaSO', '1', NULL, 'false', '2020-04-18 10:11:57', '2020-04-18 10:11:57', NULL),
(807, 'idell hartmann', 'emmerich.sid@example.com', '$2y$10$PuxEcfJSPfLcBXEjSp6cSujVMrj/f/26ZaP99tD99kfFA0kBqm5ra', 'iMs7QbYrSi', '0', 'ElADoeaAw9PSCJqW61Tsw1rlr8yInj2mRPQPFMU7', 'false', '2020-04-18 10:11:58', '2020-04-18 10:11:58', NULL),
(808, 'garnett stokes', 'ewald.nitzsche@example.org', '$2y$10$PuxEcfJSPfLcBXEjSp6cSujVMrj/f/26ZaP99tD99kfFA0kBqm5ra', '65wjLJ7EhG', '0', 'payzQ2vQFZU2Z061I7FfL8d7vuIrcvrTlIVMGX4u', 'false', '2020-04-18 10:11:58', '2020-04-18 10:11:58', NULL),
(809, 'olga schaden', 'fred.bartell@example.com', '$2y$10$PuxEcfJSPfLcBXEjSp6cSujVMrj/f/26ZaP99tD99kfFA0kBqm5ra', 'jo29vG2uvU', '0', 'S2Pv4ppDCYl6Ya3wAurKHnu8pzZA9Qzv6kYcPeZn', 'false', '2020-04-18 10:11:58', '2020-04-18 10:11:58', NULL),
(810, 'ettie abernathy', 'sonia16@example.org', '$2y$10$PuxEcfJSPfLcBXEjSp6cSujVMrj/f/26ZaP99tD99kfFA0kBqm5ra', 'J6codgDq1X', '0', 'ruBPyvnv1GIi2B1xD9WirdGlTfVNaQTf0JI03xtj', 'false', '2020-04-18 10:11:58', '2020-04-18 10:11:58', NULL),
(811, 'gwen mraz i', 'abbott.dagmar@example.org', '$2y$10$PuxEcfJSPfLcBXEjSp6cSujVMrj/f/26ZaP99tD99kfFA0kBqm5ra', '2gljNOXpoX', '1', NULL, 'false', '2020-04-18 10:11:58', '2020-04-18 10:11:58', NULL),
(812, 'prof. lexie grady', 'gilda39@example.net', '$2y$10$PuxEcfJSPfLcBXEjSp6cSujVMrj/f/26ZaP99tD99kfFA0kBqm5ra', 'OqRrnOKYHH', '1', NULL, 'false', '2020-04-18 10:11:58', '2020-04-18 10:11:58', NULL),
(813, 'jordyn schumm', 'uhilpert@example.com', '$2y$10$PuxEcfJSPfLcBXEjSp6cSujVMrj/f/26ZaP99tD99kfFA0kBqm5ra', '6V260b60bK', '0', '4CeyM4IWhDjhtoWv4qTh5H82xiEUIJFFSajidKol', 'false', '2020-04-18 10:11:58', '2020-04-18 10:11:58', NULL),
(814, 'ronaldo lang', 'carmelo.bergstrom@example.com', '$2y$10$PuxEcfJSPfLcBXEjSp6cSujVMrj/f/26ZaP99tD99kfFA0kBqm5ra', 'JjgqRxkm1n', '1', NULL, 'false', '2020-04-18 10:11:58', '2020-04-18 10:11:58', NULL),
(815, 'cole rutherford', 'else64@example.com', '$2y$10$PuxEcfJSPfLcBXEjSp6cSujVMrj/f/26ZaP99tD99kfFA0kBqm5ra', 'MTP8MJjEYz', '1', NULL, 'false', '2020-04-18 10:11:58', '2020-04-18 10:11:58', NULL),
(816, 'kaylin ferry', 'plesch@example.com', '$2y$10$PuxEcfJSPfLcBXEjSp6cSujVMrj/f/26ZaP99tD99kfFA0kBqm5ra', 'MrFJT39ot2', '1', NULL, 'false', '2020-04-18 10:11:58', '2020-04-18 10:11:58', NULL),
(817, 'karianne swaniawski', 'russel.brody@example.net', '$2y$10$PuxEcfJSPfLcBXEjSp6cSujVMrj/f/26ZaP99tD99kfFA0kBqm5ra', '7mV4T6U3od', '1', NULL, 'false', '2020-04-18 10:11:58', '2020-04-18 10:11:58', NULL),
(818, 'aurelio steuber', 'raquel.oconner@example.net', '$2y$10$PuxEcfJSPfLcBXEjSp6cSujVMrj/f/26ZaP99tD99kfFA0kBqm5ra', 'iICxdvLsGN', '1', NULL, 'false', '2020-04-18 10:11:58', '2020-04-18 10:11:58', NULL),
(819, 'jamison greenfelder', 'pattie73@example.net', '$2y$10$PuxEcfJSPfLcBXEjSp6cSujVMrj/f/26ZaP99tD99kfFA0kBqm5ra', '9hIC4MOdQI', '1', NULL, 'false', '2020-04-18 10:11:58', '2020-04-18 10:11:58', NULL),
(820, 'faye kulas jr.', 'fgraham@example.com', '$2y$10$PuxEcfJSPfLcBXEjSp6cSujVMrj/f/26ZaP99tD99kfFA0kBqm5ra', 'NlJH8xYIJh', '0', '2R1OAQmD0kbkPMMY9a5EOesvIlriHYIlBu4uTPo2', 'false', '2020-04-18 10:11:58', '2020-04-18 10:11:58', NULL),
(821, 'mrs. mariah runolfsdottir md', 'lmetz@example.com', '$2y$10$PuxEcfJSPfLcBXEjSp6cSujVMrj/f/26ZaP99tD99kfFA0kBqm5ra', 'ujfwM3SYI7', '1', NULL, 'false', '2020-04-18 10:11:58', '2020-04-18 10:11:58', NULL),
(822, 'jewell jenkins', 'vance.harris@example.org', '$2y$10$PuxEcfJSPfLcBXEjSp6cSujVMrj/f/26ZaP99tD99kfFA0kBqm5ra', 'c1dKMPQKtQ', '1', NULL, 'false', '2020-04-18 10:11:58', '2020-04-18 10:11:58', NULL),
(823, 'sammie mann dds', 'obednar@example.com', '$2y$10$PuxEcfJSPfLcBXEjSp6cSujVMrj/f/26ZaP99tD99kfFA0kBqm5ra', 'D0EJiRXw8p', '0', '7TXs8UJVGMLaZ3hWcblPjhpsB5s70lV9k2DWjpGV', 'false', '2020-04-18 10:11:58', '2020-04-18 10:11:58', NULL),
(824, 'lelia monahan', 'dheaney@example.com', '$2y$10$PuxEcfJSPfLcBXEjSp6cSujVMrj/f/26ZaP99tD99kfFA0kBqm5ra', 'yqvJR9fRk2', '0', 'UsYUw3PJQEbnXwLO8Xgtkcw1qBQEYdFQnVuG73vU', 'false', '2020-04-18 10:11:58', '2020-04-18 10:11:58', NULL),
(825, 'garrett rippin', 'fgleichner@example.net', '$2y$10$PuxEcfJSPfLcBXEjSp6cSujVMrj/f/26ZaP99tD99kfFA0kBqm5ra', 'K5M8hWuMvv', '0', 'bs4mQnRUD63RWC8jayRrOSry0U8YV8VpgsvixKvD', 'false', '2020-04-18 10:11:58', '2020-04-18 10:11:58', NULL),
(826, 'ms. adaline metz iv', 'walter.elliott@example.com', '$2y$10$PuxEcfJSPfLcBXEjSp6cSujVMrj/f/26ZaP99tD99kfFA0kBqm5ra', 'QOTzGM4DD3', '0', 'zBxSgYmpFqfMRZNdjgjAVH7frf9kpV0oHcyquiAp', 'false', '2020-04-18 10:11:58', '2020-04-18 10:11:58', NULL),
(827, 'alec beahan', 'ebreitenberg@example.org', '$2y$10$PuxEcfJSPfLcBXEjSp6cSujVMrj/f/26ZaP99tD99kfFA0kBqm5ra', 'GoUtf9of14', '0', 'NAyCuTXM41JBtMGQRoSqYJZ2AWGTVC6MUou8xtU6', 'false', '2020-04-18 10:11:58', '2020-04-18 10:11:58', NULL),
(828, 'quinten hessel v', 'serenity13@example.com', '$2y$10$PuxEcfJSPfLcBXEjSp6cSujVMrj/f/26ZaP99tD99kfFA0kBqm5ra', 'zRNJTKMtD2', '0', '1cIZQPmwLif8In0muflhoTMl5OgiPYSQfKEAC63J', 'false', '2020-04-18 10:11:58', '2020-04-18 10:11:58', NULL),
(829, 'lexus champlin', 'schumm.mollie@example.net', '$2y$10$PuxEcfJSPfLcBXEjSp6cSujVMrj/f/26ZaP99tD99kfFA0kBqm5ra', 'T68QvG14OE', '1', NULL, 'false', '2020-04-18 10:11:58', '2020-04-18 10:11:58', NULL),
(830, 'kali kessler', 'volkman.gladys@example.com', '$2y$10$PuxEcfJSPfLcBXEjSp6cSujVMrj/f/26ZaP99tD99kfFA0kBqm5ra', '4lKNULbit0', '0', 'YunavCEgWifQ6d7Rbz3xddGD4N8WDTmgBjkh1WG1', 'false', '2020-04-18 10:11:58', '2020-04-18 10:11:58', NULL),
(831, 'leann heller', 'parker.rachelle@example.com', '$2y$10$PuxEcfJSPfLcBXEjSp6cSujVMrj/f/26ZaP99tD99kfFA0kBqm5ra', 'jayr1ShsFZ', '0', 'zQJwVjvyep9Z7hPNgCjGmLxMmvyE3iVsu5veI1O0', 'false', '2020-04-18 10:11:58', '2020-04-18 10:11:58', NULL),
(832, 'prof. ana runolfsdottir', 'camren10@example.org', '$2y$10$PuxEcfJSPfLcBXEjSp6cSujVMrj/f/26ZaP99tD99kfFA0kBqm5ra', 'Ihxc0hj9ln', '1', NULL, 'false', '2020-04-18 10:11:58', '2020-04-18 10:11:58', NULL),
(833, 'hassan mayert', 'bdietrich@example.org', '$2y$10$PuxEcfJSPfLcBXEjSp6cSujVMrj/f/26ZaP99tD99kfFA0kBqm5ra', 'rhohQ3n09O', '1', NULL, 'false', '2020-04-18 10:11:58', '2020-04-18 10:11:58', NULL),
(834, 'jewell predovic', 'gustave.windler@example.net', '$2y$10$PuxEcfJSPfLcBXEjSp6cSujVMrj/f/26ZaP99tD99kfFA0kBqm5ra', 'fEx3axaeja', '0', '4tGwF31ibBRdZsKcQIxpN3qDkfUIWODsEWVvAeq6', 'false', '2020-04-18 10:11:58', '2020-04-18 10:11:58', NULL),
(835, 'dr. pearlie windler iv', 'cgottlieb@example.com', '$2y$10$PuxEcfJSPfLcBXEjSp6cSujVMrj/f/26ZaP99tD99kfFA0kBqm5ra', 'NXs7rqLMVD', '0', '4R07q8WRWAAFrohJtZI7WhEbgDv3OMNmnjwrjtPJ', 'false', '2020-04-18 10:11:58', '2020-04-18 10:11:58', NULL),
(836, 'kyler kreiger', 'swelch@example.com', '$2y$10$PuxEcfJSPfLcBXEjSp6cSujVMrj/f/26ZaP99tD99kfFA0kBqm5ra', 'cRnXnfDGwT', '1', NULL, 'false', '2020-04-18 10:11:58', '2020-04-18 10:11:58', NULL),
(837, 'domenico glover', 'ofelia25@example.org', '$2y$10$PuxEcfJSPfLcBXEjSp6cSujVMrj/f/26ZaP99tD99kfFA0kBqm5ra', 'ovFHX5PsBg', '0', 'PDg5iZ4SgHx62co6GWoXP66Vy7oMiB5xxz8kzepW', 'false', '2020-04-18 10:11:58', '2020-04-18 10:11:58', NULL),
(838, 'jordon konopelski', 'west.mikayla@example.org', '$2y$10$PuxEcfJSPfLcBXEjSp6cSujVMrj/f/26ZaP99tD99kfFA0kBqm5ra', '9chyVmJHog', '0', 'jWr03hZDqrhaY5sHDEngimfrmvgjXwCQQ3jh3jVQ', 'false', '2020-04-18 10:11:58', '2020-04-18 10:11:58', NULL),
(839, 'rafael torphy', 'sally.keeling@example.net', '$2y$10$PuxEcfJSPfLcBXEjSp6cSujVMrj/f/26ZaP99tD99kfFA0kBqm5ra', 'I5n1K180kO', '0', 'pV4pC7uexBkrObpXaLm5KGZlK57SeRywtQNMKDVe', 'false', '2020-04-18 10:11:58', '2020-04-18 10:11:58', NULL),
(840, 'raul rutherford', 'richard16@example.net', '$2y$10$PuxEcfJSPfLcBXEjSp6cSujVMrj/f/26ZaP99tD99kfFA0kBqm5ra', 'dC2iNm8rnb', '1', NULL, 'false', '2020-04-18 10:11:58', '2020-04-18 10:11:58', NULL),
(841, 'collin monahan', 'atowne@example.com', '$2y$10$PuxEcfJSPfLcBXEjSp6cSujVMrj/f/26ZaP99tD99kfFA0kBqm5ra', 'XqZDxwP5mm', '0', 'EnSi9lxr4Pp7VbeDFrgoswdBKP6naAl7OMOmfJqC', 'false', '2020-04-18 10:11:58', '2020-04-18 10:11:58', NULL),
(842, 'eliza welch', 'cruickshank.gavin@example.org', '$2y$10$PuxEcfJSPfLcBXEjSp6cSujVMrj/f/26ZaP99tD99kfFA0kBqm5ra', 'cUlzPTTEKk', '1', NULL, 'false', '2020-04-18 10:11:58', '2020-04-18 10:11:58', NULL),
(843, 'alfreda dietrich', 'corkery.eloise@example.com', '$2y$10$PuxEcfJSPfLcBXEjSp6cSujVMrj/f/26ZaP99tD99kfFA0kBqm5ra', 'OxNWR2MQIA', '1', NULL, 'false', '2020-04-18 10:11:58', '2020-04-18 10:11:58', NULL),
(844, 'randi berge', 'molly.walter@example.net', '$2y$10$PuxEcfJSPfLcBXEjSp6cSujVMrj/f/26ZaP99tD99kfFA0kBqm5ra', 'TnpHxgl38q', '1', NULL, 'false', '2020-04-18 10:11:58', '2020-04-18 10:11:58', NULL),
(845, 'amari mills', 'reed.quitzon@example.com', '$2y$10$PuxEcfJSPfLcBXEjSp6cSujVMrj/f/26ZaP99tD99kfFA0kBqm5ra', '2OTmiIGd1u', '0', 'oyaVlnvSh1DhmnsgxU9w6DScOG6uNI7vBzmDPL4l', 'false', '2020-04-18 10:11:58', '2020-04-18 10:11:58', NULL),
(846, 'miss janis gerlach sr.', 'price.rhianna@example.com', '$2y$10$PuxEcfJSPfLcBXEjSp6cSujVMrj/f/26ZaP99tD99kfFA0kBqm5ra', 'PPup3aGU3H', '1', NULL, 'false', '2020-04-18 10:11:58', '2020-04-18 10:11:58', NULL),
(847, 'mrs. emma doyle dvm', 'gisselle28@example.net', '$2y$10$PuxEcfJSPfLcBXEjSp6cSujVMrj/f/26ZaP99tD99kfFA0kBqm5ra', 'ERVTFkdGa5', '1', NULL, 'false', '2020-04-18 10:11:58', '2020-04-18 10:11:58', NULL),
(848, 'dr. roy cronin', 'gstroman@example.org', '$2y$10$PuxEcfJSPfLcBXEjSp6cSujVMrj/f/26ZaP99tD99kfFA0kBqm5ra', 'noWsT2Dnr8', '1', NULL, 'false', '2020-04-18 10:11:58', '2020-04-18 10:11:58', NULL),
(849, 'annette murray', 'eleazar91@example.com', '$2y$10$PuxEcfJSPfLcBXEjSp6cSujVMrj/f/26ZaP99tD99kfFA0kBqm5ra', 'oIxfk3vGRq', '1', NULL, 'false', '2020-04-18 10:11:58', '2020-04-18 10:11:58', NULL),
(850, 'margarette leuschke', 'alessandra.moen@example.com', '$2y$10$PuxEcfJSPfLcBXEjSp6cSujVMrj/f/26ZaP99tD99kfFA0kBqm5ra', 'cGWBEKaI6g', '1', NULL, 'false', '2020-04-18 10:11:58', '2020-04-18 10:11:58', NULL),
(851, 'raphaelle windler', 'meredith72@example.net', '$2y$10$PuxEcfJSPfLcBXEjSp6cSujVMrj/f/26ZaP99tD99kfFA0kBqm5ra', 'jd880leBq9', '1', NULL, 'false', '2020-04-18 10:11:58', '2020-04-18 10:11:58', NULL),
(852, 'mariane reichert', 'johnathon.berge@example.net', '$2y$10$PuxEcfJSPfLcBXEjSp6cSujVMrj/f/26ZaP99tD99kfFA0kBqm5ra', '5fIkUQt4wB', '0', 'm356HrZZcsxMSoDNc7oOuTTNiVlBcya9d4Kd6Yri', 'false', '2020-04-18 10:11:58', '2020-04-18 10:11:58', NULL),
(853, 'reinhold goldner', 'zreichel@example.net', '$2y$10$PuxEcfJSPfLcBXEjSp6cSujVMrj/f/26ZaP99tD99kfFA0kBqm5ra', '76VbekCFI3', '1', NULL, 'false', '2020-04-18 10:11:58', '2020-04-18 10:11:58', NULL),
(854, 'tavares mertz', 'grant.olaf@example.net', '$2y$10$PuxEcfJSPfLcBXEjSp6cSujVMrj/f/26ZaP99tD99kfFA0kBqm5ra', 'p8ENOn2MtW', '0', 'eM6x3jUoaUUvQtRzZXanRKfldhx8km6sMI6mxNxg', 'false', '2020-04-18 10:11:58', '2020-04-18 10:11:58', NULL),
(855, 'prof. melvina bode', 'sporer.assunta@example.org', '$2y$10$PuxEcfJSPfLcBXEjSp6cSujVMrj/f/26ZaP99tD99kfFA0kBqm5ra', 'jeJSrUFjPJ', '0', 'I6YoiP45Avtj3wxY1ABPLb4cURyQ6p3yWiYIjt0Q', 'false', '2020-04-18 10:11:58', '2020-04-18 10:11:58', NULL),
(856, 'rolando stark', 'mills.reanna@example.com', '$2y$10$PuxEcfJSPfLcBXEjSp6cSujVMrj/f/26ZaP99tD99kfFA0kBqm5ra', 'Jwbnk6Xnfv', '1', NULL, 'false', '2020-04-18 10:11:58', '2020-04-18 10:11:58', NULL),
(857, 'prof. greg pouros', 'sean93@example.net', '$2y$10$PuxEcfJSPfLcBXEjSp6cSujVMrj/f/26ZaP99tD99kfFA0kBqm5ra', '7iTE1Cyw5q', '0', '35Y4Ku75FElPqSZl8l86jPhThAkIrBVnVoHwCqln', 'false', '2020-04-18 10:11:58', '2020-04-18 10:11:58', NULL),
(858, 'emma brakus', 'chyna02@example.net', '$2y$10$PuxEcfJSPfLcBXEjSp6cSujVMrj/f/26ZaP99tD99kfFA0kBqm5ra', 'W0bcwfHIsq', '0', 'RvdcWyn7eFU7w10nZuFnCzCgkPlRF0BXiW8qvP0b', 'false', '2020-04-18 10:11:58', '2020-04-18 10:11:58', NULL),
(859, 'meagan corwin', 'perry10@example.net', '$2y$10$PuxEcfJSPfLcBXEjSp6cSujVMrj/f/26ZaP99tD99kfFA0kBqm5ra', 'Idg5Gc90q1', '0', 'tzTTozrewanwXt26VzvrdeGSfZb1GlT0Kd1cPBpJ', 'false', '2020-04-18 10:11:58', '2020-04-18 10:11:58', NULL),
(860, 'ellie luettgen', 'hbednar@example.net', '$2y$10$PuxEcfJSPfLcBXEjSp6cSujVMrj/f/26ZaP99tD99kfFA0kBqm5ra', 'Hzz7n3tGLM', '1', NULL, 'false', '2020-04-18 10:11:58', '2020-04-18 10:11:58', NULL),
(861, 'dr. leland hilpert phd', 'orn.shany@example.com', '$2y$10$PuxEcfJSPfLcBXEjSp6cSujVMrj/f/26ZaP99tD99kfFA0kBqm5ra', 'VND2Ar7R9c', '1', NULL, 'false', '2020-04-18 10:11:58', '2020-04-18 10:11:58', NULL),
(862, 'aniya hayes', 'sporer.travis@example.com', '$2y$10$PuxEcfJSPfLcBXEjSp6cSujVMrj/f/26ZaP99tD99kfFA0kBqm5ra', 'tirwH76WJi', '1', NULL, 'false', '2020-04-18 10:11:58', '2020-04-18 10:11:58', NULL),
(863, 'dr. kirsten flatley md', 'zemlak.joyce@example.com', '$2y$10$PuxEcfJSPfLcBXEjSp6cSujVMrj/f/26ZaP99tD99kfFA0kBqm5ra', 'AFjIJQzqjF', '1', NULL, 'false', '2020-04-18 10:11:58', '2020-04-18 10:11:58', NULL),
(864, 'dr. edward wilderman', 'wboyer@example.org', '$2y$10$PuxEcfJSPfLcBXEjSp6cSujVMrj/f/26ZaP99tD99kfFA0kBqm5ra', 'J9SIi9wowE', '0', 'pm4DGFMyATQz4GTZYZgnihznuAWaUlY0tZATEOY1', 'false', '2020-04-18 10:11:58', '2020-04-18 10:11:58', NULL),
(865, 'dr. clyde schuppe ii', 'hdooley@example.org', '$2y$10$PuxEcfJSPfLcBXEjSp6cSujVMrj/f/26ZaP99tD99kfFA0kBqm5ra', 'tCVQScyfvO', '0', 'kaq6HaJSJYk9G4m4VgloPPcz9OeE52d5LFD8SSt8', 'false', '2020-04-18 10:11:58', '2020-04-18 10:11:58', NULL),
(866, 'mike boehm', 'fahey.vanessa@example.org', '$2y$10$PuxEcfJSPfLcBXEjSp6cSujVMrj/f/26ZaP99tD99kfFA0kBqm5ra', 'tieCEMdUJ4', '1', NULL, 'false', '2020-04-18 10:11:58', '2020-04-18 10:11:58', NULL),
(867, 'sabrina haag iii', 'omclaughlin@example.net', '$2y$10$PuxEcfJSPfLcBXEjSp6cSujVMrj/f/26ZaP99tD99kfFA0kBqm5ra', 'Q18AFUN5qz', '0', 'VE6KOW4Pb9dhJBhpHKalQewSb2bS4gJ7Ki21LaNr', 'false', '2020-04-18 10:11:58', '2020-04-18 10:11:58', NULL),
(868, 'dr. jimmie will md', 'daphnee17@example.org', '$2y$10$PuxEcfJSPfLcBXEjSp6cSujVMrj/f/26ZaP99tD99kfFA0kBqm5ra', 'EzP15ue2yq', '0', 's2OiNVq4B1bFgmHdCEIOnhfuLcCKUBrL5b83FW7m', 'false', '2020-04-18 10:11:58', '2020-04-18 10:11:58', NULL),
(869, 'lucious mitchell', 'hayes.lonie@example.net', '$2y$10$PuxEcfJSPfLcBXEjSp6cSujVMrj/f/26ZaP99tD99kfFA0kBqm5ra', 'gvRYpaWTy2', '0', 'XinX9uWaMplwXhQtPOOTZ7lNcoBIdCna1zyYnlOw', 'false', '2020-04-18 10:11:58', '2020-04-18 10:11:58', NULL),
(870, 'ryley mckenzie', 'spowlowski@example.com', '$2y$10$PuxEcfJSPfLcBXEjSp6cSujVMrj/f/26ZaP99tD99kfFA0kBqm5ra', 'goeaN5WZsv', '1', NULL, 'false', '2020-04-18 10:11:58', '2020-04-18 10:11:58', NULL),
(871, 'waylon rowe', 'kay89@example.net', '$2y$10$PuxEcfJSPfLcBXEjSp6cSujVMrj/f/26ZaP99tD99kfFA0kBqm5ra', 'a8xZlITvhi', '0', 'U2uHweCHKecbjuoyzS5gD0BJ6a6gBuBqrHjRuRQF', 'false', '2020-04-18 10:11:58', '2020-04-18 10:11:58', NULL),
(872, 'deron connelly', 'hhaag@example.net', '$2y$10$PuxEcfJSPfLcBXEjSp6cSujVMrj/f/26ZaP99tD99kfFA0kBqm5ra', 'CaSb2QUck8', '1', NULL, 'false', '2020-04-18 10:11:58', '2020-04-18 10:11:58', NULL),
(873, 'mekhi quigley', 'stefan81@example.net', '$2y$10$PuxEcfJSPfLcBXEjSp6cSujVMrj/f/26ZaP99tD99kfFA0kBqm5ra', 'pkrakhIFbR', '0', 'iCu3aE6lk5zLB3ctfJYHSBN3t9quhgIGu6kcLiZZ', 'false', '2020-04-18 10:11:58', '2020-04-18 10:11:58', NULL),
(874, 'verla hessel', 'sammie77@example.net', '$2y$10$PuxEcfJSPfLcBXEjSp6cSujVMrj/f/26ZaP99tD99kfFA0kBqm5ra', 'w5EwBaNzZC', '0', 'ce1SUZdpJ1HmmkUpBdQUYWMMWqcKjChkioXXJFYQ', 'false', '2020-04-18 10:11:58', '2020-04-18 10:11:58', NULL),
(875, 'milford feest', 'jmacejkovic@example.com', '$2y$10$PuxEcfJSPfLcBXEjSp6cSujVMrj/f/26ZaP99tD99kfFA0kBqm5ra', 'qDeQULOfQ4', '0', 'P0goN1Ch9nI8kvZsaHlOAbVoPY4hTph8reuRIJsO', 'false', '2020-04-18 10:11:58', '2020-04-18 10:11:58', NULL),
(876, 'kathleen maggio', 'pwindler@example.org', '$2y$10$PuxEcfJSPfLcBXEjSp6cSujVMrj/f/26ZaP99tD99kfFA0kBqm5ra', 'hMEJ6Gyzwa', '0', 'oL1ZTz8vhUkmioJOhU7cGuWEaoMAAFizD8IAgqr2', 'false', '2020-04-18 10:11:58', '2020-04-18 10:11:58', NULL),
(877, 'mrs. vada towne i', 'marks.tiara@example.net', '$2y$10$PuxEcfJSPfLcBXEjSp6cSujVMrj/f/26ZaP99tD99kfFA0kBqm5ra', 'NuRyzlBUuB', '0', 'jFvf23B4uhzEyIFMsRQil2cFdIp2PLvOoLLAmhR5', 'false', '2020-04-18 10:11:58', '2020-04-18 10:11:58', NULL),
(878, 'crystal schmeler', 'abernathy.arielle@example.com', '$2y$10$PuxEcfJSPfLcBXEjSp6cSujVMrj/f/26ZaP99tD99kfFA0kBqm5ra', 'F0HqxtzcUi', '0', 'XUUxBXtNEHxYmrCu0DoJGTVb1ScS3SDasK6SB5Lx', 'false', '2020-04-18 10:11:58', '2020-04-18 10:11:58', NULL),
(879, 'sarah hayes', 'weissnat.adah@example.com', '$2y$10$PuxEcfJSPfLcBXEjSp6cSujVMrj/f/26ZaP99tD99kfFA0kBqm5ra', 'EwVbbxREuN', '0', '8YqjC2Z22KMfgCpLCqVh4o5GjWKetnD5jkWQZrEQ', 'false', '2020-04-18 10:11:58', '2020-04-18 10:11:58', NULL),
(880, 'missouri heathcote', 'torp.leif@example.net', '$2y$10$PuxEcfJSPfLcBXEjSp6cSujVMrj/f/26ZaP99tD99kfFA0kBqm5ra', 'LdnId0L3Uw', '0', 'xE4T1YVseW7Iy0vkw3jiBevBFnPKIiKZqbwmHPuY', 'false', '2020-04-18 10:11:58', '2020-04-18 10:11:58', NULL),
(881, 'francisca deckow', 'bashirian.wyman@example.org', '$2y$10$PuxEcfJSPfLcBXEjSp6cSujVMrj/f/26ZaP99tD99kfFA0kBqm5ra', 'fogEjcw6tF', '0', '1CLOmoJMDJaysgcpgEtKl3U5MzYE2FmPLeC7xaBc', 'false', '2020-04-18 10:11:58', '2020-04-18 10:11:58', NULL),
(882, 'sydnie johns', 'darrel86@example.org', '$2y$10$PuxEcfJSPfLcBXEjSp6cSujVMrj/f/26ZaP99tD99kfFA0kBqm5ra', 'KBu58wpQY2', '0', 'cm1i6h1Z1sBAzP4cdr5aBM7yWFsDZwqf1heTapJ1', 'false', '2020-04-18 10:11:58', '2020-04-18 10:11:58', NULL),
(883, 'reyes johnston', 'reichert.amalia@example.net', '$2y$10$PuxEcfJSPfLcBXEjSp6cSujVMrj/f/26ZaP99tD99kfFA0kBqm5ra', '4APrsoGlxL', '0', 'RbZojzBGpa2zyaqIEL0CQB5N2gOrCtQtpgnWCqdl', 'false', '2020-04-18 10:11:58', '2020-04-18 10:11:58', NULL),
(884, 'samir lemke', 'roberts.estell@example.org', '$2y$10$PuxEcfJSPfLcBXEjSp6cSujVMrj/f/26ZaP99tD99kfFA0kBqm5ra', 'MHBOvDpZBT', '1', NULL, 'false', '2020-04-18 10:11:58', '2020-04-18 10:11:58', NULL),
(885, 'miss sharon abbott', 'ugreenholt@example.org', '$2y$10$PuxEcfJSPfLcBXEjSp6cSujVMrj/f/26ZaP99tD99kfFA0kBqm5ra', 'ZxgLH3Upzs', '0', 'XAAqkJqYYQC5q4T2p1Pvsxg3sPidvZr9SQrSXBfZ', 'false', '2020-04-18 10:11:58', '2020-04-18 10:11:58', NULL),
(886, 'milton bode phd', 'gunner.bartoletti@example.net', '$2y$10$PuxEcfJSPfLcBXEjSp6cSujVMrj/f/26ZaP99tD99kfFA0kBqm5ra', 'urF9re0QSl', '1', NULL, 'false', '2020-04-18 10:11:58', '2020-04-18 10:11:58', NULL),
(887, 'ralph brown', 'fay.iva@example.com', '$2y$10$PuxEcfJSPfLcBXEjSp6cSujVMrj/f/26ZaP99tD99kfFA0kBqm5ra', 'WphDoFP1Lj', '0', 'xPHBR9Gh2B33zfi8RpIPEUxBWfnIc5ozDCxhUKtc', 'false', '2020-04-18 10:11:58', '2020-04-18 10:11:58', NULL),
(888, 'manuel kovacek', 'otha88@example.net', '$2y$10$PuxEcfJSPfLcBXEjSp6cSujVMrj/f/26ZaP99tD99kfFA0kBqm5ra', '3OhFI8xEko', '1', NULL, 'false', '2020-04-18 10:11:58', '2020-04-18 10:11:58', NULL),
(889, 'adolph schuster', 'hilbert.kling@example.net', '$2y$10$PuxEcfJSPfLcBXEjSp6cSujVMrj/f/26ZaP99tD99kfFA0kBqm5ra', 'dVLg1nTJd4', '1', NULL, 'false', '2020-04-18 10:11:58', '2020-04-18 10:11:58', NULL),
(890, 'summer steuber', 'vhane@example.org', '$2y$10$PuxEcfJSPfLcBXEjSp6cSujVMrj/f/26ZaP99tD99kfFA0kBqm5ra', 'HjJIJnzoep', '0', '9KhxREKPuCjK1EAZ7HCbLCKwXSfbG8H16QmNtEMs', 'false', '2020-04-18 10:11:58', '2020-04-18 10:11:58', NULL),
(891, 'dewitt wuckert', 'shakira.torp@example.com', '$2y$10$PuxEcfJSPfLcBXEjSp6cSujVMrj/f/26ZaP99tD99kfFA0kBqm5ra', 'Jfc2iHrwqe', '1', NULL, 'false', '2020-04-18 10:11:58', '2020-04-18 10:11:58', NULL),
(892, 'pearlie trantow', 'mackenzie.torphy@example.com', '$2y$10$PuxEcfJSPfLcBXEjSp6cSujVMrj/f/26ZaP99tD99kfFA0kBqm5ra', 'yLuJm2Hetu', '1', NULL, 'false', '2020-04-18 10:11:58', '2020-04-18 10:11:58', NULL),
(893, 'heidi haley', 'zora58@example.org', '$2y$10$PuxEcfJSPfLcBXEjSp6cSujVMrj/f/26ZaP99tD99kfFA0kBqm5ra', 'j0IVCU4oEF', '1', NULL, 'false', '2020-04-18 10:11:58', '2020-04-18 10:11:58', NULL),
(894, 'brett koepp', 'reilly.royal@example.net', '$2y$10$PuxEcfJSPfLcBXEjSp6cSujVMrj/f/26ZaP99tD99kfFA0kBqm5ra', 'oNWm3nn0lG', '1', NULL, 'false', '2020-04-18 10:11:58', '2020-04-18 10:11:58', NULL),
(895, 'jewel rowe', 'ernser.cecelia@example.org', '$2y$10$PuxEcfJSPfLcBXEjSp6cSujVMrj/f/26ZaP99tD99kfFA0kBqm5ra', 'iqQq7p6b3m', '1', NULL, 'false', '2020-04-18 10:11:58', '2020-04-18 10:11:58', NULL),
(896, 'muhammad lynch', 'cordelia.kerluke@example.net', '$2y$10$PuxEcfJSPfLcBXEjSp6cSujVMrj/f/26ZaP99tD99kfFA0kBqm5ra', 'NcS9zTlrsW', '0', 'd4ecCWGW3UrhRWvWpVKtlzu66V07zYso1nBCR6x3', 'false', '2020-04-18 10:11:58', '2020-04-18 10:11:58', NULL),
(897, 'kevin langworth', 'gaylord.sabrina@example.com', '$2y$10$PuxEcfJSPfLcBXEjSp6cSujVMrj/f/26ZaP99tD99kfFA0kBqm5ra', 'zVy0HsrOtF', '1', NULL, 'false', '2020-04-18 10:11:58', '2020-04-18 10:11:58', NULL),
(898, 'prof. kathlyn hirthe iv', 'jacinthe12@example.net', '$2y$10$PuxEcfJSPfLcBXEjSp6cSujVMrj/f/26ZaP99tD99kfFA0kBqm5ra', 'ow2NRp3LLu', '0', 'vzW5XMqAapRsZPCDoipSWzXlAVKai0syMJPU9yyn', 'false', '2020-04-18 10:11:58', '2020-04-18 10:11:58', NULL);
INSERT INTO `users` (`id`, `name`, `email`, `password`, `remember_token`, `verified`, `verification_token`, `admin`, `created_at`, `updated_at`, `deleted_at`) VALUES
(899, 'dina rolfson', 'stroman.viva@example.net', '$2y$10$PuxEcfJSPfLcBXEjSp6cSujVMrj/f/26ZaP99tD99kfFA0kBqm5ra', 'Mtgt7iIxhG', '1', NULL, 'false', '2020-04-18 10:11:58', '2020-04-18 10:11:58', NULL),
(900, 'otis rippin sr.', 'kristofer58@example.com', '$2y$10$PuxEcfJSPfLcBXEjSp6cSujVMrj/f/26ZaP99tD99kfFA0kBqm5ra', 'jODTLbtPFO', '1', NULL, 'false', '2020-04-18 10:11:58', '2020-04-18 10:11:58', NULL),
(901, 'prof. wilson ratke i', 'cummerata.albertha@example.com', '$2y$10$PuxEcfJSPfLcBXEjSp6cSujVMrj/f/26ZaP99tD99kfFA0kBqm5ra', 'TxHQVQhMxU', '1', NULL, 'false', '2020-04-18 10:11:58', '2020-04-18 10:11:58', NULL),
(902, 'dr. jaycee christiansen md', 'vswaniawski@example.net', '$2y$10$PuxEcfJSPfLcBXEjSp6cSujVMrj/f/26ZaP99tD99kfFA0kBqm5ra', 'Ix6LDlawWB', '1', NULL, 'false', '2020-04-18 10:11:58', '2020-04-18 10:11:58', NULL),
(903, 'dr. kariane lubowitz iv', 'htremblay@example.org', '$2y$10$PuxEcfJSPfLcBXEjSp6cSujVMrj/f/26ZaP99tD99kfFA0kBqm5ra', 'bFunARACWi', '1', NULL, 'false', '2020-04-18 10:11:58', '2020-04-18 10:11:58', NULL),
(904, 'kimberly walsh', 'silas.nader@example.org', '$2y$10$PuxEcfJSPfLcBXEjSp6cSujVMrj/f/26ZaP99tD99kfFA0kBqm5ra', '5wMGYLCCSd', '0', 'oP7HfaptpHbTWxXzup2ENuUSjETBjygRVVo9WOMk', 'false', '2020-04-18 10:11:58', '2020-04-18 10:11:58', NULL),
(905, 'prof. kadin abbott', 'zdietrich@example.net', '$2y$10$PuxEcfJSPfLcBXEjSp6cSujVMrj/f/26ZaP99tD99kfFA0kBqm5ra', 'XS73a3CMZc', '1', NULL, 'false', '2020-04-18 10:11:58', '2020-04-18 10:11:58', NULL),
(906, 'isabelle koepp', 'fjenkins@example.net', '$2y$10$PuxEcfJSPfLcBXEjSp6cSujVMrj/f/26ZaP99tD99kfFA0kBqm5ra', 'Hevg3p5ufI', '0', 'hxi8X4cHrf9g8LlwddqtkVw0ch57kVlA53VnMWeU', 'false', '2020-04-18 10:11:58', '2020-04-18 10:11:58', NULL),
(907, 'reba crona', 'kemmer.libby@example.net', '$2y$10$PuxEcfJSPfLcBXEjSp6cSujVMrj/f/26ZaP99tD99kfFA0kBqm5ra', '6SHM2oxEph', '1', NULL, 'false', '2020-04-18 10:11:58', '2020-04-18 10:11:58', NULL),
(908, 'miss evalyn rath', 'ratke.twila@example.com', '$2y$10$PuxEcfJSPfLcBXEjSp6cSujVMrj/f/26ZaP99tD99kfFA0kBqm5ra', '2MJ4QRDJLL', '0', 'OrY9v5wvmfQNYLQeQAL0Ys8ZwlGVnr4UZBfxbmtq', 'false', '2020-04-18 10:11:58', '2020-04-18 10:11:58', NULL),
(909, 'willa waelchi sr.', 'zack02@example.org', '$2y$10$PuxEcfJSPfLcBXEjSp6cSujVMrj/f/26ZaP99tD99kfFA0kBqm5ra', 'd8rgyNfa06', '0', 'w4ksqdpMUOyfer6Z9bad8adipIcgURD3ug2wCq0h', 'false', '2020-04-18 10:11:58', '2020-04-18 10:11:58', NULL),
(910, 'pearl durgan md', 'durgan.grant@example.com', '$2y$10$PuxEcfJSPfLcBXEjSp6cSujVMrj/f/26ZaP99tD99kfFA0kBqm5ra', 'SOvcTe3uEt', '1', NULL, 'false', '2020-04-18 10:11:58', '2020-04-18 10:11:58', NULL),
(911, 'kane brekke', 'max96@example.net', '$2y$10$PuxEcfJSPfLcBXEjSp6cSujVMrj/f/26ZaP99tD99kfFA0kBqm5ra', 'uRHeUr60Bi', '1', NULL, 'false', '2020-04-18 10:11:58', '2020-04-18 10:11:58', NULL),
(912, 'ms. berniece abernathy jr.', 'parisian.velva@example.com', '$2y$10$PuxEcfJSPfLcBXEjSp6cSujVMrj/f/26ZaP99tD99kfFA0kBqm5ra', '1KZ8EgMsYv', '1', NULL, 'false', '2020-04-18 10:11:58', '2020-04-18 10:11:58', NULL),
(913, 'bethel nader iii', 'ekuphal@example.org', '$2y$10$PuxEcfJSPfLcBXEjSp6cSujVMrj/f/26ZaP99tD99kfFA0kBqm5ra', 'Naj5Y5EXq4', '0', 'ciu22M03HAk1hHeAP6wM1EGotp5dGgRrMUOOyVcC', 'false', '2020-04-18 10:11:58', '2020-04-18 10:11:58', NULL),
(914, 'dr. otto hintz md', 'jovan.hagenes@example.com', '$2y$10$PuxEcfJSPfLcBXEjSp6cSujVMrj/f/26ZaP99tD99kfFA0kBqm5ra', 'ytdlQd04WA', '0', 'wOpvokHlf9IJui7Vuk4B0WQTU5FJlF9eQIpml1Hg', 'false', '2020-04-18 10:11:58', '2020-04-18 10:11:58', NULL),
(915, 'zoila mohr', 'cmohr@example.org', '$2y$10$PuxEcfJSPfLcBXEjSp6cSujVMrj/f/26ZaP99tD99kfFA0kBqm5ra', 'Wb8XyRDAFT', '1', NULL, 'false', '2020-04-18 10:11:58', '2020-04-18 10:11:58', NULL),
(916, 'cameron hammes phd', 'econroy@example.net', '$2y$10$PuxEcfJSPfLcBXEjSp6cSujVMrj/f/26ZaP99tD99kfFA0kBqm5ra', '9m5NwfETOb', '1', NULL, 'false', '2020-04-18 10:11:58', '2020-04-18 10:11:58', NULL),
(917, 'gardner christiansen', 'jaylen.koch@example.org', '$2y$10$PuxEcfJSPfLcBXEjSp6cSujVMrj/f/26ZaP99tD99kfFA0kBqm5ra', 'M1yFwMi3tE', '1', NULL, 'false', '2020-04-18 10:11:58', '2020-04-18 10:11:58', NULL),
(918, 'blanche hickle', 'annie.schamberger@example.net', '$2y$10$PuxEcfJSPfLcBXEjSp6cSujVMrj/f/26ZaP99tD99kfFA0kBqm5ra', 'LP6enYz7Ep', '0', 'wi7LtRGIj2Y2646j4YiQjUTEbTMhLxNIYfCZqk06', 'false', '2020-04-18 10:11:58', '2020-04-18 10:11:58', NULL),
(919, 'prof. korbin morissette phd', 'kale71@example.org', '$2y$10$PuxEcfJSPfLcBXEjSp6cSujVMrj/f/26ZaP99tD99kfFA0kBqm5ra', 'F2958cPmaM', '0', 'h5msMBqy6HYEE3NpwYgdDf3GI2rVEfXZmXCTSELm', 'false', '2020-04-18 10:11:58', '2020-04-18 10:11:58', NULL),
(920, 'lamar conroy', 'talia.cassin@example.net', '$2y$10$PuxEcfJSPfLcBXEjSp6cSujVMrj/f/26ZaP99tD99kfFA0kBqm5ra', 'jmL2WRjNnG', '0', 'iNHO3qO2PVSUXF3VeWXu4kro9sLHKCfhpi8879cq', 'false', '2020-04-18 10:11:58', '2020-04-18 10:11:58', NULL),
(921, 'prof. wilhelmine aufderhar', 'barrows.terrill@example.com', '$2y$10$PuxEcfJSPfLcBXEjSp6cSujVMrj/f/26ZaP99tD99kfFA0kBqm5ra', '9pcREiVRE8', '1', NULL, 'false', '2020-04-18 10:11:58', '2020-04-18 10:11:58', NULL),
(922, 'mr. levi o\'conner', 'hruecker@example.org', '$2y$10$PuxEcfJSPfLcBXEjSp6cSujVMrj/f/26ZaP99tD99kfFA0kBqm5ra', 'OtpLd57Gtg', '1', NULL, 'false', '2020-04-18 10:11:58', '2020-04-18 10:11:58', NULL),
(923, 'mariane mueller', 'jana48@example.net', '$2y$10$PuxEcfJSPfLcBXEjSp6cSujVMrj/f/26ZaP99tD99kfFA0kBqm5ra', 'ztv0ZGI5jQ', '1', NULL, 'false', '2020-04-18 10:11:58', '2020-04-18 10:11:58', NULL),
(924, 'zane hane', 'abelardo.strosin@example.org', '$2y$10$PuxEcfJSPfLcBXEjSp6cSujVMrj/f/26ZaP99tD99kfFA0kBqm5ra', 'jXJ3piI5SG', '0', 'v2L0oKjmxSP93SeMhF79D35r0IsnnQZV0lS3xy2x', 'false', '2020-04-18 10:11:58', '2020-04-18 10:11:58', NULL),
(925, 'mario osinski', 'narciso29@example.org', '$2y$10$PuxEcfJSPfLcBXEjSp6cSujVMrj/f/26ZaP99tD99kfFA0kBqm5ra', 'Sc11diVwOG', '1', NULL, 'false', '2020-04-18 10:11:58', '2020-04-18 10:11:58', NULL),
(926, 'mr. webster kuhn dds', 'icollier@example.com', '$2y$10$PuxEcfJSPfLcBXEjSp6cSujVMrj/f/26ZaP99tD99kfFA0kBqm5ra', 'ZewQGiCw5G', '1', NULL, 'false', '2020-04-18 10:11:58', '2020-04-18 10:11:58', NULL),
(927, 'neva lueilwitz', 'deonte.swift@example.net', '$2y$10$PuxEcfJSPfLcBXEjSp6cSujVMrj/f/26ZaP99tD99kfFA0kBqm5ra', 'eOlSmwXlAX', '1', NULL, 'false', '2020-04-18 10:11:58', '2020-04-18 10:11:58', NULL),
(928, 'prof. alexander hammes iv', 'zjakubowski@example.org', '$2y$10$PuxEcfJSPfLcBXEjSp6cSujVMrj/f/26ZaP99tD99kfFA0kBqm5ra', 'O6FJXYjxCb', '1', NULL, 'false', '2020-04-18 10:11:58', '2020-04-18 10:11:58', NULL),
(929, 'ali abbott', 'gmayer@example.org', '$2y$10$PuxEcfJSPfLcBXEjSp6cSujVMrj/f/26ZaP99tD99kfFA0kBqm5ra', '07SK90HHNq', '0', 'w1SfSD0HDOJOVMjZ7gCwEXSHY9kuIry1UvpI6NXQ', 'false', '2020-04-18 10:11:58', '2020-04-18 10:11:58', NULL),
(930, 'emilio legros', 'orpha.zulauf@example.net', '$2y$10$PuxEcfJSPfLcBXEjSp6cSujVMrj/f/26ZaP99tD99kfFA0kBqm5ra', 'vwqSxnsYbt', '1', NULL, 'false', '2020-04-18 10:11:58', '2020-04-18 10:11:58', NULL),
(931, 'arely king', 'leora00@example.net', '$2y$10$PuxEcfJSPfLcBXEjSp6cSujVMrj/f/26ZaP99tD99kfFA0kBqm5ra', 'vLIxajNahZ', '0', 'ZCKa3RqP1s1TFDw367FVjyN9AyxHUzMBMFUueCii', 'false', '2020-04-18 10:11:58', '2020-04-18 10:11:58', NULL),
(932, 'mavis konopelski', 'zlebsack@example.net', '$2y$10$PuxEcfJSPfLcBXEjSp6cSujVMrj/f/26ZaP99tD99kfFA0kBqm5ra', 'PqVll3DQkK', '0', 'TXeuXG2aTQk3vce08Lw2wt1AyE1oMl9qP5gcOTCH', 'false', '2020-04-18 10:11:58', '2020-04-18 10:11:58', NULL),
(933, 'tatum nikolaus', 'beahan.christiana@example.com', '$2y$10$PuxEcfJSPfLcBXEjSp6cSujVMrj/f/26ZaP99tD99kfFA0kBqm5ra', 'rEl9IRpR9U', '0', 'Y3f4tX5dgHZQVPlKOB5lGtJhwMvdJSwLspI87iPU', 'false', '2020-04-18 10:11:58', '2020-04-18 10:11:58', NULL),
(934, 'dewitt rowe phd', 'elliot34@example.org', '$2y$10$PuxEcfJSPfLcBXEjSp6cSujVMrj/f/26ZaP99tD99kfFA0kBqm5ra', '8dG3U4cQ2q', '1', NULL, 'false', '2020-04-18 10:11:58', '2020-04-18 10:11:58', NULL),
(935, 'cayla considine', 'terrill.green@example.org', '$2y$10$PuxEcfJSPfLcBXEjSp6cSujVMrj/f/26ZaP99tD99kfFA0kBqm5ra', '1kLcT5uohm', '1', NULL, 'false', '2020-04-18 10:11:58', '2020-04-18 10:11:58', NULL),
(936, 'prof. timmy conroy', 'vonrueden.hardy@example.org', '$2y$10$PuxEcfJSPfLcBXEjSp6cSujVMrj/f/26ZaP99tD99kfFA0kBqm5ra', 'X60CWb8VzS', '1', NULL, 'false', '2020-04-18 10:11:58', '2020-04-18 10:11:58', NULL),
(937, 'dr. vergie gutkowski iv', 'mglover@example.com', '$2y$10$PuxEcfJSPfLcBXEjSp6cSujVMrj/f/26ZaP99tD99kfFA0kBqm5ra', 'd6IePj55pV', '1', NULL, 'false', '2020-04-18 10:11:58', '2020-04-18 10:11:58', NULL),
(938, 'danial schuster', 'psauer@example.com', '$2y$10$PuxEcfJSPfLcBXEjSp6cSujVMrj/f/26ZaP99tD99kfFA0kBqm5ra', 'SNuZwdYrtY', '0', 'iSIhJh849il8ofdSXpMf7xsVGzQFwtpIl9hssCnL', 'false', '2020-04-18 10:11:58', '2020-04-18 10:11:58', NULL),
(939, 'cooper beahan', 'alfred62@example.com', '$2y$10$PuxEcfJSPfLcBXEjSp6cSujVMrj/f/26ZaP99tD99kfFA0kBqm5ra', 'KCUoTn76E6', '1', NULL, 'false', '2020-04-18 10:11:58', '2020-04-18 10:11:58', NULL),
(940, 'prof. herminia bogan v', 'murray.mariah@example.net', '$2y$10$PuxEcfJSPfLcBXEjSp6cSujVMrj/f/26ZaP99tD99kfFA0kBqm5ra', '1aKLNFyHrs', '1', NULL, 'false', '2020-04-18 10:11:58', '2020-04-18 10:11:58', NULL),
(941, 'prof. briana cummerata', 'jeremy.funk@example.net', '$2y$10$PuxEcfJSPfLcBXEjSp6cSujVMrj/f/26ZaP99tD99kfFA0kBqm5ra', 'CgW2sSMpB6', '1', NULL, 'false', '2020-04-18 10:11:58', '2020-04-18 10:11:58', NULL),
(942, 'richard marquardt', 'cparker@example.net', '$2y$10$PuxEcfJSPfLcBXEjSp6cSujVMrj/f/26ZaP99tD99kfFA0kBqm5ra', 'ps89oRCBHs', '1', NULL, 'false', '2020-04-18 10:11:58', '2020-04-18 10:11:58', NULL),
(943, 'colby keeling', 'wyman.edison@example.com', '$2y$10$PuxEcfJSPfLcBXEjSp6cSujVMrj/f/26ZaP99tD99kfFA0kBqm5ra', '68JDvwmNvy', '1', NULL, 'false', '2020-04-18 10:11:58', '2020-04-18 10:11:58', NULL),
(944, 'domingo murazik iii', 'schimmel.adolf@example.org', '$2y$10$PuxEcfJSPfLcBXEjSp6cSujVMrj/f/26ZaP99tD99kfFA0kBqm5ra', 'HSP7pLGEhF', '1', NULL, 'false', '2020-04-18 10:11:58', '2020-04-18 10:11:58', NULL),
(945, 'janis goodwin', 'ushanahan@example.org', '$2y$10$PuxEcfJSPfLcBXEjSp6cSujVMrj/f/26ZaP99tD99kfFA0kBqm5ra', 'PeQS5cm58a', '1', NULL, 'false', '2020-04-18 10:11:58', '2020-04-18 10:11:58', NULL),
(946, 'alberta marvin', 'gladys01@example.com', '$2y$10$PuxEcfJSPfLcBXEjSp6cSujVMrj/f/26ZaP99tD99kfFA0kBqm5ra', 'sH9pNU6QWr', '0', 'rzUEWPcWYIl7uJ528HWWNfzCgBCI5T4Vm1kyCqcO', 'false', '2020-04-18 10:11:58', '2020-04-18 10:11:58', NULL),
(947, 'prof. quincy bauch', 'gabriella41@example.org', '$2y$10$PuxEcfJSPfLcBXEjSp6cSujVMrj/f/26ZaP99tD99kfFA0kBqm5ra', 'miIfBFCLXh', '1', NULL, 'false', '2020-04-18 10:11:58', '2020-04-18 10:11:58', NULL),
(948, 'mr. walker konopelski i', 'adelle62@example.net', '$2y$10$PuxEcfJSPfLcBXEjSp6cSujVMrj/f/26ZaP99tD99kfFA0kBqm5ra', 'rGAX9sZOhl', '1', NULL, 'false', '2020-04-18 10:11:58', '2020-04-18 10:11:58', NULL),
(949, 'rosina watsica', 'adelbert.bahringer@example.com', '$2y$10$PuxEcfJSPfLcBXEjSp6cSujVMrj/f/26ZaP99tD99kfFA0kBqm5ra', 'gOuuavuXNt', '1', NULL, 'false', '2020-04-18 10:11:58', '2020-04-18 10:11:58', NULL),
(950, 'miss marie kunze dvm', 'wyman.alayna@example.net', '$2y$10$PuxEcfJSPfLcBXEjSp6cSujVMrj/f/26ZaP99tD99kfFA0kBqm5ra', 'Cno36189nd', '0', 'HCiLGbYycU5pFsKWOxL7CyAMx4nnG2Lpn6M3qGti', 'false', '2020-04-18 10:11:58', '2020-04-18 10:11:58', NULL),
(951, 'dr. barton feeney', 'goldner.vita@example.org', '$2y$10$PuxEcfJSPfLcBXEjSp6cSujVMrj/f/26ZaP99tD99kfFA0kBqm5ra', 'St9NK0RI4G', '1', NULL, 'false', '2020-04-18 10:11:58', '2020-04-18 10:11:58', NULL),
(952, 'ashly terry', 'wilhelmine.jones@example.org', '$2y$10$PuxEcfJSPfLcBXEjSp6cSujVMrj/f/26ZaP99tD99kfFA0kBqm5ra', 'Gl73Qd9vWl', '0', 'bfNUFq6DPTWGMsMhlI9pHSEksftOD5dcikkHeHNB', 'false', '2020-04-18 10:11:58', '2020-04-18 10:11:58', NULL),
(953, 'mr. brad oberbrunner', 'hertha.will@example.org', '$2y$10$PuxEcfJSPfLcBXEjSp6cSujVMrj/f/26ZaP99tD99kfFA0kBqm5ra', 'f0ECvr64dY', '1', NULL, 'false', '2020-04-18 10:11:58', '2020-04-18 10:11:58', NULL),
(954, 'kaelyn russel', 'erdman.cassidy@example.org', '$2y$10$PuxEcfJSPfLcBXEjSp6cSujVMrj/f/26ZaP99tD99kfFA0kBqm5ra', 'G4EC0ihif0', '0', '1DQgrMEkRxnr0kbqBgbK0GGo5tqVLsekEDrU9ckZ', 'false', '2020-04-18 10:11:58', '2020-04-18 10:11:58', NULL),
(955, 'miracle heller md', 'matteo05@example.net', '$2y$10$PuxEcfJSPfLcBXEjSp6cSujVMrj/f/26ZaP99tD99kfFA0kBqm5ra', 'D9aERYIvLD', '0', 'B4SbUggjBteSBup4KaISI2xN5Ms0y6WvzLV5NCM4', 'false', '2020-04-18 10:11:58', '2020-04-18 10:11:58', NULL),
(956, 'ignacio jacobson', 'tad.considine@example.net', '$2y$10$PuxEcfJSPfLcBXEjSp6cSujVMrj/f/26ZaP99tD99kfFA0kBqm5ra', 'efyzKS79qp', '1', NULL, 'false', '2020-04-18 10:11:58', '2020-04-18 10:11:58', NULL),
(957, 'demarcus auer', 'nchamplin@example.net', '$2y$10$PuxEcfJSPfLcBXEjSp6cSujVMrj/f/26ZaP99tD99kfFA0kBqm5ra', 'ZRQBCx9Dpg', '0', 'H6IgQSuutKwtXtVD7yKZjlpfWphtYtqxJJKrWhT5', 'false', '2020-04-18 10:11:58', '2020-04-18 10:11:58', NULL),
(958, 'dr. rhiannon mitchell v', 'xratke@example.net', '$2y$10$PuxEcfJSPfLcBXEjSp6cSujVMrj/f/26ZaP99tD99kfFA0kBqm5ra', 'I31aZGE66r', '0', 'xJeduBIylzIyPfMY5f555v2TJDDuk80F2ohs52hi', 'false', '2020-04-18 10:11:58', '2020-04-18 10:11:58', NULL),
(959, 'easton shanahan', 'nheaney@example.net', '$2y$10$PuxEcfJSPfLcBXEjSp6cSujVMrj/f/26ZaP99tD99kfFA0kBqm5ra', 'BAcvSWFmLd', '1', NULL, 'false', '2020-04-18 10:11:58', '2020-04-18 10:11:58', NULL),
(960, 'prof. cordelia wiegand', 'kolby84@example.org', '$2y$10$PuxEcfJSPfLcBXEjSp6cSujVMrj/f/26ZaP99tD99kfFA0kBqm5ra', 'Z09WFTPXzN', '0', 'GFqvteQLDT6bMuCclpqQJOMtao70nLOKOlzBkO6i', 'false', '2020-04-18 10:11:58', '2020-04-18 10:11:58', NULL),
(961, 'rae osinski iii', 'gconnelly@example.org', '$2y$10$PuxEcfJSPfLcBXEjSp6cSujVMrj/f/26ZaP99tD99kfFA0kBqm5ra', 'pYG75Asxab', '1', NULL, 'false', '2020-04-18 10:11:58', '2020-04-18 10:11:58', NULL),
(962, 'marshall daugherty', 'alyson.schumm@example.org', '$2y$10$PuxEcfJSPfLcBXEjSp6cSujVMrj/f/26ZaP99tD99kfFA0kBqm5ra', 'YDaYKxZObi', '0', 'py5llID25XMhx7v88in7hCMYazBHtYF8lcLKH5HT', 'false', '2020-04-18 10:11:58', '2020-04-18 10:11:58', NULL),
(963, 'loraine runolfsdottir phd', 'gunner.hand@example.org', '$2y$10$PuxEcfJSPfLcBXEjSp6cSujVMrj/f/26ZaP99tD99kfFA0kBqm5ra', 'nGK1SYPsPb', '1', NULL, 'false', '2020-04-18 10:11:58', '2020-04-18 10:11:58', NULL),
(964, 'milan huel', 'jjaskolski@example.org', '$2y$10$PuxEcfJSPfLcBXEjSp6cSujVMrj/f/26ZaP99tD99kfFA0kBqm5ra', 'AalqNunefI', '0', 'zklE3C4lnnJQcHBWU67ynkTz3YNuuCwFhlgJUdem', 'false', '2020-04-18 10:11:58', '2020-04-18 10:11:58', NULL),
(965, 'janick feeney', 'fgreenfelder@example.net', '$2y$10$PuxEcfJSPfLcBXEjSp6cSujVMrj/f/26ZaP99tD99kfFA0kBqm5ra', 'jDVcOToxGu', '0', 's49gQKwWYUb9eGAVtSc1wh10NWvvq5tloEInaK4G', 'false', '2020-04-18 10:11:58', '2020-04-18 10:11:58', NULL),
(966, 'miss ozella volkman', 'amaya.kulas@example.org', '$2y$10$PuxEcfJSPfLcBXEjSp6cSujVMrj/f/26ZaP99tD99kfFA0kBqm5ra', 'QdOc0UOFwT', '0', 'WynWVsS3eCgtbEklVrEoFoSOXCPgQNzi7VMplIX1', 'false', '2020-04-18 10:11:58', '2020-04-18 10:11:58', NULL),
(967, 'jazmyne sawayn', 'schulist.leone@example.net', '$2y$10$PuxEcfJSPfLcBXEjSp6cSujVMrj/f/26ZaP99tD99kfFA0kBqm5ra', 'nptuXX5LCB', '1', NULL, 'false', '2020-04-18 10:11:58', '2020-04-18 10:11:58', NULL),
(968, 'heaven swift', 'haag.shawna@example.org', '$2y$10$PuxEcfJSPfLcBXEjSp6cSujVMrj/f/26ZaP99tD99kfFA0kBqm5ra', 'ku6Z2J75fb', '1', NULL, 'false', '2020-04-18 10:11:58', '2020-04-18 10:11:58', NULL),
(969, 'mr. jaeden hand', 'oran81@example.com', '$2y$10$PuxEcfJSPfLcBXEjSp6cSujVMrj/f/26ZaP99tD99kfFA0kBqm5ra', 'oVEqaA91XP', '0', 'FqnEHcccCfIIceYg3rqwUplomrByd1uVREPv9HAB', 'false', '2020-04-18 10:11:58', '2020-04-18 10:11:58', NULL),
(970, 'icie marvin', 'yundt.selina@example.org', '$2y$10$PuxEcfJSPfLcBXEjSp6cSujVMrj/f/26ZaP99tD99kfFA0kBqm5ra', 'c9MbOMr72I', '0', 'OQZ3pvZC8My7i4Xz5ZoGfPoGZc7ebwTzGaXhyDBV', 'false', '2020-04-18 10:11:58', '2020-04-18 10:11:58', NULL),
(971, 'ms. tomasa heller md', 'huels.jo@example.org', '$2y$10$PuxEcfJSPfLcBXEjSp6cSujVMrj/f/26ZaP99tD99kfFA0kBqm5ra', 'GUQMxniBVp', '0', 'YGeOZMrK1RnlNm2GyielTKkB86olMYuL5uf9tWWU', 'false', '2020-04-18 10:11:58', '2020-04-18 10:11:58', NULL),
(972, 'lloyd dickinson jr.', 'norberto.hauck@example.net', '$2y$10$PuxEcfJSPfLcBXEjSp6cSujVMrj/f/26ZaP99tD99kfFA0kBqm5ra', 'popE2BciTm', '1', NULL, 'false', '2020-04-18 10:11:58', '2020-04-18 10:11:58', NULL),
(973, 'miss autumn block', 'zboncak.reva@example.com', '$2y$10$PuxEcfJSPfLcBXEjSp6cSujVMrj/f/26ZaP99tD99kfFA0kBqm5ra', 'hsCdprF9sM', '1', NULL, 'false', '2020-04-18 10:11:58', '2020-04-18 10:11:58', NULL),
(974, 'jordane altenwerth', 'valerie09@example.org', '$2y$10$PuxEcfJSPfLcBXEjSp6cSujVMrj/f/26ZaP99tD99kfFA0kBqm5ra', 'SHXcOlBOjZ', '0', 'k6rxQoNEjHnwjz0oCFPv4x4sesW6dCyD3cXMgr0r', 'false', '2020-04-18 10:11:58', '2020-04-18 10:11:58', NULL),
(975, 'dr. delbert abshire iv', 'aarmstrong@example.org', '$2y$10$PuxEcfJSPfLcBXEjSp6cSujVMrj/f/26ZaP99tD99kfFA0kBqm5ra', 'zbqdJUDXUp', '1', NULL, 'false', '2020-04-18 10:11:58', '2020-04-18 10:11:58', NULL),
(976, 'athena heidenreich', 'marietta.friesen@example.com', '$2y$10$PuxEcfJSPfLcBXEjSp6cSujVMrj/f/26ZaP99tD99kfFA0kBqm5ra', 'KSHSWDDC0c', '1', NULL, 'false', '2020-04-18 10:11:58', '2020-04-18 10:11:58', NULL),
(977, 'mrs. alvera hudson dvm', 'jayme38@example.org', '$2y$10$PuxEcfJSPfLcBXEjSp6cSujVMrj/f/26ZaP99tD99kfFA0kBqm5ra', 'aj8c5X0gz9', '1', NULL, 'false', '2020-04-18 10:11:58', '2020-04-18 10:11:58', NULL),
(978, 'thalia lakin', 'kihn.stefanie@example.org', '$2y$10$PuxEcfJSPfLcBXEjSp6cSujVMrj/f/26ZaP99tD99kfFA0kBqm5ra', '54NMxx38cb', '1', NULL, 'false', '2020-04-18 10:11:58', '2020-04-18 10:11:58', NULL),
(979, 'meredith d\'amore', 'usmitham@example.com', '$2y$10$PuxEcfJSPfLcBXEjSp6cSujVMrj/f/26ZaP99tD99kfFA0kBqm5ra', 'G48tKuOUBf', '0', 'REXrbnT7ixLtdTXJYswlbMLWn1rLKawg3IWQOWux', 'false', '2020-04-18 10:11:58', '2020-04-18 10:11:58', NULL),
(980, 'dr. willow berge', 'rachel71@example.org', '$2y$10$PuxEcfJSPfLcBXEjSp6cSujVMrj/f/26ZaP99tD99kfFA0kBqm5ra', 'WcLQ7qOKdF', '1', NULL, 'false', '2020-04-18 10:11:58', '2020-04-18 10:11:58', NULL),
(981, 'jaclyn marvin', 'malvina.runolfsson@example.net', '$2y$10$PuxEcfJSPfLcBXEjSp6cSujVMrj/f/26ZaP99tD99kfFA0kBqm5ra', 'yO9nT7dMR9', '0', 'ejzNL4cq0brYyPFUYEDe5l9FmEgI8jr5vbytSZ11', 'false', '2020-04-18 10:11:58', '2020-04-18 10:11:58', NULL),
(982, 'herta hermann', 'bosco.nia@example.org', '$2y$10$PuxEcfJSPfLcBXEjSp6cSujVMrj/f/26ZaP99tD99kfFA0kBqm5ra', 'sVVQsq2r2D', '0', '0ZEwFYAZmif6O2cuMryo9ljbAeh3upqUo4RVhmtg', 'false', '2020-04-18 10:11:58', '2020-04-18 10:11:58', NULL),
(983, 'hilda bashirian', 'samir38@example.net', '$2y$10$PuxEcfJSPfLcBXEjSp6cSujVMrj/f/26ZaP99tD99kfFA0kBqm5ra', 'MFG3HBHsHk', '0', 'S84BfgsO7gv4TAqFHdtv7jzQgHjEDk3z03SiQPk2', 'false', '2020-04-18 10:11:58', '2020-04-18 10:11:58', NULL),
(984, 'raegan okuneva', 'ada.weimann@example.com', '$2y$10$PuxEcfJSPfLcBXEjSp6cSujVMrj/f/26ZaP99tD99kfFA0kBqm5ra', 'I9oLKMflM8', '0', 'z0T6mY2qAI8Oojks394sNhahah09aEMUc9TM8ZNQ', 'false', '2020-04-18 10:11:58', '2020-04-18 10:11:58', NULL),
(985, 'kendrick king', 'peggie.robel@example.net', '$2y$10$PuxEcfJSPfLcBXEjSp6cSujVMrj/f/26ZaP99tD99kfFA0kBqm5ra', 'FT1TuY4OgL', '0', 'xUjq5rVHhbbtXhuHC0bJ80eJ43DmNFWlU05kvGru', 'false', '2020-04-18 10:11:58', '2020-04-18 10:11:58', NULL),
(986, 'sheila ondricka jr.', 'mellie.weber@example.net', '$2y$10$PuxEcfJSPfLcBXEjSp6cSujVMrj/f/26ZaP99tD99kfFA0kBqm5ra', 'thsCDmj6nG', '0', 'jKlgpPiOlVyajTDvRSD4usbnRefW3HchD8gFX1Mc', 'false', '2020-04-18 10:11:58', '2020-04-18 10:11:58', NULL),
(987, 'theo koepp', 'lamar04@example.net', '$2y$10$PuxEcfJSPfLcBXEjSp6cSujVMrj/f/26ZaP99tD99kfFA0kBqm5ra', 'o3peijFkGp', '0', 'D9xPQb9GS0F783I1xgVLeu7f7EJB9f0s8lflsIyE', 'false', '2020-04-18 10:11:58', '2020-04-18 10:11:58', NULL),
(988, 'stephan hayes', 'raynor.arvilla@example.com', '$2y$10$PuxEcfJSPfLcBXEjSp6cSujVMrj/f/26ZaP99tD99kfFA0kBqm5ra', 'XbfEZ897iZ', '1', NULL, 'false', '2020-04-18 10:11:58', '2020-04-18 10:11:58', NULL),
(989, 'dr. jeramie hudson iv', 'hand.emmanuel@example.com', '$2y$10$PuxEcfJSPfLcBXEjSp6cSujVMrj/f/26ZaP99tD99kfFA0kBqm5ra', 'VM4xRt1Bs1', '0', '01k19Vpk68HM3US1mG5cN8nduwXjrnDFWoD7oCC8', 'false', '2020-04-18 10:11:58', '2020-04-18 10:11:58', NULL),
(990, 'justen tillman', 'howard53@example.com', '$2y$10$PuxEcfJSPfLcBXEjSp6cSujVMrj/f/26ZaP99tD99kfFA0kBqm5ra', 'iScRaywVfM', '1', NULL, 'false', '2020-04-18 10:11:58', '2020-04-18 10:11:58', NULL),
(991, 'jeramie hermann', 'tessie99@example.com', '$2y$10$PuxEcfJSPfLcBXEjSp6cSujVMrj/f/26ZaP99tD99kfFA0kBqm5ra', 'qN3MpTZ0G3', '0', 'TDTr4URSZhhLzd3ZeAjHQWyoB0yYiXqde04ggPLj', 'false', '2020-04-18 10:11:58', '2020-04-18 10:11:58', NULL),
(992, 'mona schulist phd', 'kunde.elenor@example.org', '$2y$10$PuxEcfJSPfLcBXEjSp6cSujVMrj/f/26ZaP99tD99kfFA0kBqm5ra', 'tIKvaTsEZe', '1', NULL, 'false', '2020-04-18 10:11:58', '2020-04-18 10:11:58', NULL),
(993, 'alexie leffler', 'henri63@example.com', '$2y$10$PuxEcfJSPfLcBXEjSp6cSujVMrj/f/26ZaP99tD99kfFA0kBqm5ra', 'tG4IjLGtPG', '1', NULL, 'false', '2020-04-18 10:11:58', '2020-04-18 10:11:58', NULL),
(994, 'maggie marks', 'sigrid.thompson@example.org', '$2y$10$PuxEcfJSPfLcBXEjSp6cSujVMrj/f/26ZaP99tD99kfFA0kBqm5ra', 'a9PRMoqVn4', '0', 'DJSyr09hYh4PM05KYInt6sGkwmthtEiUBtKwic1q', 'false', '2020-04-18 10:11:58', '2020-04-18 10:11:58', NULL),
(995, 'jessika bauch', 'ansel72@example.net', '$2y$10$PuxEcfJSPfLcBXEjSp6cSujVMrj/f/26ZaP99tD99kfFA0kBqm5ra', '4byi1ZJZGM', '1', NULL, 'false', '2020-04-18 10:11:58', '2020-04-18 10:11:58', NULL),
(996, 'dr. estella okuneva jr.', 'dsanford@example.org', '$2y$10$PuxEcfJSPfLcBXEjSp6cSujVMrj/f/26ZaP99tD99kfFA0kBqm5ra', 'wQg5CSBQQ3', '0', 'VEtNPvX6qQ63LoOJefnAakxFviMYgTacVI9RjarY', 'false', '2020-04-18 10:11:58', '2020-04-18 10:11:58', NULL),
(997, 'dr. ed rice iv', 'emard.janet@example.com', '$2y$10$PuxEcfJSPfLcBXEjSp6cSujVMrj/f/26ZaP99tD99kfFA0kBqm5ra', 'PaQqYC0TQu', '1', NULL, 'false', '2020-04-18 10:11:58', '2020-04-18 10:11:58', NULL),
(998, 'mckenna gislason', 'lonny25@example.com', '$2y$10$PuxEcfJSPfLcBXEjSp6cSujVMrj/f/26ZaP99tD99kfFA0kBqm5ra', '1rzA5cuxXf', '0', '6XnROlGpJDt8ae4209C3WLw6RLwulLQQaoqtZsdi', 'false', '2020-04-18 10:11:58', '2020-04-18 10:11:58', NULL),
(999, 'santa cassin', 'yhagenes@example.com', '$2y$10$PuxEcfJSPfLcBXEjSp6cSujVMrj/f/26ZaP99tD99kfFA0kBqm5ra', 'XKwU2EeAfZ', '0', 'kI6kjR6aiu5IuDHGbu60MqxOOXSeuN0fHXyvNial', 'false', '2020-04-18 10:11:58', '2020-04-18 10:11:58', NULL),
(1000, 'teagan barton', 'ressie.krajcik@example.net', '$2y$10$PuxEcfJSPfLcBXEjSp6cSujVMrj/f/26ZaP99tD99kfFA0kBqm5ra', 'VTwjSjcnEH', '1', NULL, 'false', '2020-04-18 10:11:58', '2020-04-18 10:11:58', NULL),
(1001, 'admin', 'admin@admin.com', '$2y$10$XzIYbhmnU8XmDnPt9/oUkePD/iHI1K9EqO.OcloRsjQy.5b9VFtHy', NULL, '0', 'QULW4gVl8Hw7MzamzDXZbvRtEJEH6SLrUKqsYlg4', 'true', '2020-04-18 11:04:49', '2020-04-18 11:04:49', NULL);

--
-- Indexes for dumped tables
--

--
-- Indexes for table `categories`
--
ALTER TABLE `categories`
  ADD PRIMARY KEY (`id`);

--
-- Indexes for table `category_product`
--
ALTER TABLE `category_product`
  ADD KEY `category_product_category_id_foreign` (`category_id`),
  ADD KEY `category_product_product_id_foreign` (`product_id`);

--
-- Indexes for table `failed_jobs`
--
ALTER TABLE `failed_jobs`
  ADD PRIMARY KEY (`id`);

--
-- Indexes for table `migrations`
--
ALTER TABLE `migrations`
  ADD PRIMARY KEY (`id`);

--
-- Indexes for table `password_resets`
--
ALTER TABLE `password_resets`
  ADD KEY `password_resets_email_index` (`email`);

--
-- Indexes for table `products`
--
ALTER TABLE `products`
  ADD PRIMARY KEY (`id`),
  ADD KEY `products_seller_id_foreign` (`seller_id`);

--
-- Indexes for table `transactions`
--
ALTER TABLE `transactions`
  ADD PRIMARY KEY (`id`),
  ADD KEY `transactions_buyer_id_foreign` (`buyer_id`),
  ADD KEY `transactions_product_id_foreign` (`product_id`);

--
-- Indexes for table `users`
--
ALTER TABLE `users`
  ADD PRIMARY KEY (`id`),
  ADD UNIQUE KEY `users_email_unique` (`email`);

--
-- AUTO_INCREMENT for dumped tables
--

--
-- AUTO_INCREMENT for table `categories`
--
ALTER TABLE `categories`
  MODIFY `id` int(10) UNSIGNED NOT NULL AUTO_INCREMENT, AUTO_INCREMENT=101;

--
-- AUTO_INCREMENT for table `failed_jobs`
--
ALTER TABLE `failed_jobs`
  MODIFY `id` bigint(20) UNSIGNED NOT NULL AUTO_INCREMENT;

--
-- AUTO_INCREMENT for table `migrations`
--
ALTER TABLE `migrations`
  MODIFY `id` int(10) UNSIGNED NOT NULL AUTO_INCREMENT, AUTO_INCREMENT=46;

--
-- AUTO_INCREMENT for table `products`
--
ALTER TABLE `products`
  MODIFY `id` int(10) UNSIGNED NOT NULL AUTO_INCREMENT, AUTO_INCREMENT=1001;

--
-- AUTO_INCREMENT for table `transactions`
--
ALTER TABLE `transactions`
  MODIFY `id` int(10) UNSIGNED NOT NULL AUTO_INCREMENT, AUTO_INCREMENT=1001;

--
-- AUTO_INCREMENT for table `users`
--
ALTER TABLE `users`
  MODIFY `id` int(10) UNSIGNED NOT NULL AUTO_INCREMENT, AUTO_INCREMENT=1003;

--
-- Constraints for dumped tables
--

--
-- Constraints for table `category_product`
--
ALTER TABLE `category_product`
  ADD CONSTRAINT `category_product_category_id_foreign` FOREIGN KEY (`category_id`) REFERENCES `categories` (`id`),
  ADD CONSTRAINT `category_product_product_id_foreign` FOREIGN KEY (`product_id`) REFERENCES `products` (`id`);

--
-- Constraints for table `products`
--
ALTER TABLE `products`
  ADD CONSTRAINT `products_seller_id_foreign` FOREIGN KEY (`seller_id`) REFERENCES `users` (`id`);

--
-- Constraints for table `transactions`
--
ALTER TABLE `transactions`
  ADD CONSTRAINT `transactions_buyer_id_foreign` FOREIGN KEY (`buyer_id`) REFERENCES `users` (`id`),
  ADD CONSTRAINT `transactions_product_id_foreign` FOREIGN KEY (`product_id`) REFERENCES `products` (`id`);
COMMIT;

/*!40101 SET CHARACTER_SET_CLIENT=@OLD_CHARACTER_SET_CLIENT */;
/*!40101 SET CHARACTER_SET_RESULTS=@OLD_CHARACTER_SET_RESULTS */;
/*!40101 SET COLLATION_CONNECTION=@OLD_COLLATION_CONNECTION */;
